term,estimate,std.error,statistic,p.value,metadata_var,feature_name,fdr,conf.low,conf.high
Age.at.enrolment,0.01618402832353349,0.020620377305137754,0.7848560714503072,0.4329283987464331,Age.at.enrolment,bcrC,0.4329283987464331,-0.024231911194536503,0.05659996784160348
factor(Gender)2,-0.026647755458515294,0.5535412672572146,-0.048140503761452805,0.9616244155822737,Gender,bcrC,0.9616244155822737,-1.1115886392826562,1.0582931283656254
factor(Smoking.status)2,-1.3036977443609028,1.030975173211289,-1.2645287473801483,0.206677841650344,Smoking.status,bcrC,0.206677841650344,-3.3244090838550293,0.7170135951332237
factor(Smoking.status)3,-1.6215969062784363,0.8876823283868068,-1.826776150005576,0.06837849705668515,Smoking.status,bcrC,0.1367569941133703,-3.3614542699165777,0.11826045735970503
factor(Region)HK,0.1186241830065354,0.6744700071822288,0.17587762501422163,0.860464880300806,Region,bcrC,0.860464880300806,-1.203337031070633,1.4405853970837037
factor(Region)KM,-0.4834223227752647,0.6710480165243212,-0.7203990040521098,0.4716329741633901,Region,bcrC,0.860464880300806,-1.7986764351629343,0.8318317896124048
BMI,-9.924901045926333e-4,0.06172083044965627,-0.01608031028361124,0.9871770592659519,BMI,bcrC,0.9871770592659519,-0.12196531778591892,0.11998033757673364
factor(Alcohol.Consumption)2,-0.3903213511259384,0.9151874533400357,-0.4264933371862075,0.6699420271011207,Alcohol.Consumption,bcrC,0.6699420271011207,-2.184088759672408,1.4034460574205314
factor(Alcohol.Consumption)3,-0.5176721532649757,0.5908146022714617,-0.8762006749236046,0.3813647658110636,Alcohol.Consumption,bcrC,0.6699420271011207,-1.6756687737170406,0.6403244671870891
Age.at.enrolment,0.11059170065608004,0.1803885751609939,0.6130748610735393,0.5401196516399578,Age.at.enrolment,cpxA,0.5401196516399578,-0.242969906659468,0.46415330797162807
factor(Gender)2,1.8752357554585157,4.840165647365926,0.3874321442860206,0.6986091214426311,Gender,cpxA,0.6986091214426311,-7.6114889133787,11.36196042429573
factor(Smoking.status)2,-8.518841165413535,9.046136929557155,-0.9417103932596084,0.3468330740366319,Smoking.status,cpxA,0.5805235484897595,-26.249269547345563,9.21158721651849
factor(Smoking.status)3,-4.307309485896271,7.7888353679002496,-0.5530107239970403,0.5805235484897595,Smoking.status,cpxA,0.5805235484897595,-19.57342680698076,10.958807835188217
factor(Region)HK,-1.6712856209150333,5.895888694287325,-0.2834662775324073,0.776942673854528,Region,cpxA,0.776942673854528,-13.22722746171819,9.884656219888122
factor(Region)KM,4.873419758672699,5.865975316647001,0.8307944537104449,0.40650627313226395,Region,cpxA,0.776942673854528,-6.623891861955422,16.37073137930082
BMI,-0.11427610703877425,0.5423258464374018,-0.21071484567712673,0.8331999623800259,BMI,cpxA,0.8331999623800259,-1.1772347660560818,0.9486825519785332
factor(Alcohol.Consumption)2,1.1469957464553773,8.006078073892672,0.14326562092813708,0.8861412889341368,Alcohol.Consumption,cpxA,0.8861412889341368,-14.544917278374259,16.838908771285013
factor(Alcohol.Consumption)3,3.74486054146429,5.168457910691776,0.724560518083634,0.46907917838054103,Alcohol.Consumption,cpxA,0.8861412889341368,-6.385316963491592,13.87503804642017
Age.at.enrolment,0.017255132869730072,0.01258006213598247,1.3716254087788329,0.17082625016459205,Age.at.enrolment,efrA,0.17082625016459205,-0.0074017889167955694,0.041912054656255714
factor(Gender)2,0.09579661135371201,0.3381302382712448,0.2833127609157064,0.7770600118714892,Gender,efrA,0.7770600118714892,-0.5669386556579278,0.7585318783653517
factor(Smoking.status)2,-0.24328665413533823,0.6317718029221208,-0.3850862811699883,0.7003507124451345,Smoking.status,efrA,0.7003507124451345,-1.481559387862695,0.9949860795920185
factor(Smoking.status)3,-0.2637724067333941,0.543963307360948,-0.48490845460347815,0.6279711164610468,Smoking.status,efrA,0.7003507124451345,-1.329940489160852,0.8023956756940639
factor(Region)HK,0.6026117647058825,0.4114612625537853,1.4645650017347878,0.14369976396993112,Region,efrA,0.28739952793986223,-0.20385230989953662,1.4090758393113016
factor(Region)KM,0.20608574660633455,0.40937367291813603,0.5034171961701756,0.6149038615175096,Region,efrA,0.6149038615175096,-0.596286652313212,1.0084581455258812
BMI,0.026862567584746283,0.03722402525537716,0.7216459638755989,0.4708664957931843,BMI,efrA,0.4708664957931843,-0.04609652191579294,0.09982165708528551
factor(Alcohol.Consumption)2,-0.9064424520433696,0.5579871882395269,-1.62448613722339,0.10493683229691317,Alcohol.Consumption,efrA,0.20987366459382634,-2.000097340992842,0.187212436906103
factor(Alcohol.Consumption)3,-0.21854717575103427,0.36021798320023546,-0.6067081210366718,0.5443351071641132,Alcohol.Consumption,efrA,0.5443351071641132,-0.9245744228234958,0.4874800713214272
Age.at.enrolment,0.15099336846263875,0.07449550684470119,2.0268788663645263,0.043231692116921,Age.at.enrolment,Enterococcus_faecium_liaR_mutant_conferring_daptomycin_resistance,0.043231692116921,0.0049821750470244175,0.2970045618782531
factor(Gender)2,-0.981421327510916,2.007615016394599,-0.48884936578797566,0.6251730266275828,Gender,Enterococcus_faecium_liaR_mutant_conferring_daptomycin_resistance,0.6251730266275828,-4.9163467596443295,2.953504104622498
factor(Smoking.status)2,-5.183448684210525,3.7249431513196445,-1.3915510851149961,0.16472801562919667,Smoking.status,Enterococcus_faecium_liaR_mutant_conferring_daptomycin_resistance,0.16472801562919667,-12.484337260797028,2.1174398923759785
factor(Smoking.status)3,-7.9791902866242035,3.207221954116116,-2.487882161190557,0.013202140885547121,Smoking.status,Enterococcus_faecium_liaR_mutant_conferring_daptomycin_resistance,0.026404281771094242,-14.265345316691791,-1.693035256556616
factor(Region)HK,3.8800660130718994,2.4425183380472997,1.5885514358814863,0.11282566924693463,Region,Enterococcus_faecium_liaR_mutant_conferring_daptomycin_resistance,0.22565133849386926,-0.9072699295008082,8.667401955644607
factor(Region)KM,2.1550804675716435,2.4301259783492237,0.8868184146714823,0.3756245029544242,Region,Enterococcus_faecium_liaR_mutant_conferring_daptomycin_resistance,0.3756245029544242,-2.6079664499928352,6.918127385136122
BMI,0.05603543352944861,0.22497314260796117,0.24907610250658282,0.8034093515656263,BMI,Enterococcus_faecium_liaR_mutant_conferring_daptomycin_resistance,0.8034093515656263,-0.3849119259821553,0.49698279304105253
factor(Alcohol.Consumption)2,0.6888777314428722,3.2920485835586373,0.2092550319224662,0.8343390546128197,Alcohol.Consumption,Enterococcus_faecium_liaR_mutant_conferring_daptomycin_resistance,0.8343390546128197,-5.763537492332056,7.141292955217801
factor(Alcohol.Consumption)3,-3.2271897373628358,2.125237149455182,-1.5185080583548742,0.12955305094458835,Alcohol.Consumption,Enterococcus_faecium_liaR_mutant_conferring_daptomycin_resistance,0.2591061018891767,-7.392654550294992,0.9382750755693205
Age.at.enrolment,0.020043481041887558,0.04620701438674293,0.4337757223205954,0.6646478396215497,Age.at.enrolment,hp1181,0.6646478396215497,-0.07052226715612858,0.11060922923990368
factor(Gender)2,-1.079322689956332,1.2387834748016748,-0.8712763060785323,0.3840415998288379,Gender,hp1181,0.3840415998288379,-3.5073383005676146,1.3486929206549507
factor(Smoking.status)2,-6.309085338345863,2.298444461711188,-2.744937040440281,0.0062881206033746015,Smoking.status,hp1181,0.008149324521493957,-10.814036483299791,-1.8041341933919348
factor(Smoking.status)3,-5.258808234758871,1.9789890042496776,-2.657320593225185,0.008149324521493957,Smoking.status,hp1181,0.008149324521493957,-9.13762668308824,-1.379989786429503
factor(Region)HK,-0.31624575163398644,1.5104483368671493,-0.20937210754915192,0.8342473403028152,Region,hp1181,0.8342473403028152,-3.276724491893599,2.644232988625626
factor(Region)KM,1.121353167420814,1.5027849270150118,0.7461834007399599,0.45592498468031817,Region,hp1181,0.8342473403028152,-1.8241052895286092,4.066811624370237
BMI,0.07781947415908036,0.13886403860932345,0.560400481927619,0.5754699595025579,BMI,hp1181,0.5754699595025579,-0.1943540415151936,0.3499929898333543
factor(Alcohol.Consumption)2,-1.8898599666388674,2.0466521429333073,-0.923390901167151,0.3562733324639913,Alcohol.Consumption,hp1181,0.3562733324639913,-5.901298166788149,2.121578233510415
factor(Alcohol.Consumption)3,-1.8712826047850342,1.3212505999750677,-1.4162965033433823,0.15734552028833454,Alcohol.Consumption,hp1181,0.3146910405766691,-4.460933780736167,0.7183685711660985
Age.at.enrolment,0.04922566712201661,0.02774174727446661,1.7744256205276483,0.07663188155092678,Age.at.enrolment,IreK,0.07663188155092678,-0.00514815753593794,0.10359949177997116
factor(Gender)2,0.38283587772925826,0.7464516739700378,0.5128742972644538,0.6082766799377806,Gender,IreK,0.6082766799377806,-1.0802094032520158,1.8458811587105322
factor(Smoking.status)2,0.6075082706766902,1.3954689367570254,0.4353434567225108,0.663516452287351,Smoking.status,IreK,0.663516452287351,-2.1276108453670797,3.34262738672046
factor(Smoking.status)3,0.6889217470427643,1.201515950295411,0.5733771131988572,0.5666683673438627,Smoking.status,IreK,0.663516452287351,-1.6660495155362414,3.04389300962177
factor(Region)HK,0.9841437908496729,0.9085878272210177,1.0831575785686547,0.27928684799875686,Region,IreK,0.5585736959975137,-0.7966883505035218,2.7649759322028675
factor(Region)KM,-0.303996983408748,0.9039780165199781,-0.3362880267587011,0.7368018726447381,Region,IreK,0.7368018726447381,-2.075793895787905,1.4677999289704091
BMI,0.07361295578039126,0.08358844089776543,0.8806595145185816,0.3789465605092507,BMI,IreK,0.3789465605092507,-0.090220388379229,0.2374462999400115
factor(Alcohol.Consumption)2,-0.3373201000834024,1.2353916585504285,-0.2730470921903453,0.7849359366641051,Alcohol.Consumption,IreK,0.8825216390397317,-2.7586877508422423,2.0840475506754372
factor(Alcohol.Consumption)3,-0.11791689152725322,0.7975277946962466,-0.14785301817871324,0.8825216390397317,Alcohol.Consumption,IreK,0.8825216390397317,-1.6810713691318966,1.44523758607739
Age.at.enrolment,0.031235780987816007,0.02522842807271202,1.2381183995209657,0.2162824601554299,Age.at.enrolment,macB,0.2162824601554299,-0.018211938034699553,0.08068350001033156
factor(Gender)2,0.15614635807860286,0.6779845679447376,0.23030960505775158,0.8179499351504198,Gender,macB,0.8179499351504198,-1.1727033950930827,1.4849961112502885
factor(Smoking.status)2,-1.6994516917293234,1.254960238161489,-1.3541876786622438,0.17633848449359962,Smoking.status,macB,0.17633848449359962,-4.159173758525842,0.7602703750671949
factor(Smoking.status)3,-1.511707575068244,1.0805362293779956,-1.3990346033454608,0.1624735918903775,Smoking.status,macB,0.17633848449359962,-3.6295585846491156,0.6061434345126275
factor(Region)HK,1.8616117647058859,0.8098850589383013,2.298612308203734,0.021959411377252384,Region,macB,0.021959411377252384,0.27423704918681535,3.4489864802249564
factor(Region)KM,3.6190363499245883,0.8057760265481968,4.4913676141841865,8.891174546897376e-6,Region,macB,1.778234909379475e-5,2.0397153378901227,5.198357361959054
BMI,-0.047010699418101896,0.07593964498556609,-0.6190534526074919,0.5361773011918756,BMI,macB,0.5361773011918756,-0.19585240358981143,0.10183100475360762
factor(Alcohol.Consumption)2,3.0215999999999994,1.1092410812227282,2.7240246066880767,0.006687370438454462,Alcohol.Consumption,macB,0.013374740876908923,0.8474874808034523,5.1957125191965465
factor(Alcohol.Consumption)3,1.4161813725490193,0.7160891747739863,1.9776606356268376,0.048545801302044715,Alcohol.Consumption,macB,0.048545801302044715,0.012646589992006296,2.8197161551060326
Age.at.enrolment,0.005957728606999442,0.007067865676511632,0.8429317816265997,0.399689954236897,Age.at.enrolment,mecC,0.399689954236897,-0.007895288118963357,0.01981074533296224
factor(Gender)2,-0.09377269868995666,0.1897163991028434,-0.49427829714986,0.6213371968215992,Gender,mecC,0.6213371968215992,-0.4656168409315298,0.2780714435516164
factor(Smoking.status)2,0.4844343984962405,0.35346617232963784,1.3705254884885092,0.17118843757137628,Smoking.status,mecC,0.34237687514275256,-0.20835929926984964,1.1772280962623305
factor(Smoking.status)3,0.13452058689717894,0.3043387299834055,0.44200942451364594,0.6586892142147238,Smoking.status,mecC,0.6586892142147238,-0.46198332387029584,0.7310244976646537
factor(Region)HK,-0.21267320261437994,0.22920173243160133,-0.9278865406388067,0.35393668231773856,Region,mecC,0.35393668231773856,-0.6619085981803186,0.23656219295155867
factor(Region)KM,-0.6835486425339372,0.22803885464785242,-2.997509541036342,0.0028642544976905,Region,mecC,0.005728508995381,-1.130504797643728,-0.23659248742414646
BMI,0.04396836479825497,0.021163442694805804,2.077562022035585,0.038285243700355694,BMI,mecC,0.038285243700355694,0.0024880171164355994,0.08544871248007435
factor(Alcohol.Consumption)2,-0.763348540450375,0.30898677588785345,-2.4704893542998483,0.013843663615594698,Alcohol.Consumption,mecC,0.013843663615594698,-1.3689626211905677,-0.1577344597101823
factor(Alcohol.Consumption)3,-0.7331629789530492,0.1994715928819622,-3.6755257646481025,2.6448154015501734e-4,Alcohol.Consumption,mecC,5.289630803100347e-4,-1.124127301001695,-0.34219865690440326
Age.at.enrolment,0.034149101241217915,0.023375948409119666,1.4608648446492685,0.14471228829169694,Age.at.enrolment,mepA,0.14471228829169694,-0.011667757640656633,0.07996596012309246
factor(Gender)2,-0.4041306200873363,0.6281958698899359,-0.643319447735533,0.5203259855674622,Gender,mepA,0.5203259855674622,-1.6353945250716106,0.8271332848969382
factor(Smoking.status)2,-0.39796898496240596,1.1736988039425258,-0.3390724976677184,0.7347091795611502,Smoking.status,mepA,0.8190488094100695,-2.6984186406897566,1.9024806707649446
factor(Smoking.status)3,-0.23131813011828958,1.010569133166691,-0.2288988675059148,0.8190488094100695,Smoking.status,mepA,0.8190488094100695,-2.2120336311250037,1.7493973708884247
factor(Region)HK,0.5309045751633992,0.7654932860844356,0.6935456976755761,0.4883054440857142,Region,mepA,0.6762727669295939,-0.9694622655620946,2.031271415888893
factor(Region)KM,-0.31820980392156845,0.7616094797686951,-0.4178122940620572,0.6762727669295939,Region,mepA,0.6762727669295939,-1.8109643842682108,1.174544776425074
BMI,0.14100650422095007,0.07011472864683226,2.011082506376079,0.044880029276913626,BMI,mepA,0.044880029276913626,0.0035816360731588393,0.27843137236874127
factor(Alcohol.Consumption)2,-0.15473302752293583,1.0398757377918186,-0.14879953623258121,0.8817750999826252,Alcohol.Consumption,mepA,0.8817750999826252,-2.1928894735949003,1.8834234185490288
factor(Alcohol.Consumption)3,-0.12160361575822994,0.6713092145144902,-0.1811439693199759,0.8563320020633887,Alcohol.Consumption,mepA,0.8817750999826252,-1.4373696762066306,1.1941624446901709
Age.at.enrolment,0.021634590297344918,0.023924596097227788,0.9042823631974202,0.36630312844131474,Age.at.enrolment,mlaD,0.36630312844131474,-0.025257618053221544,0.06852679864791138
factor(Gender)2,-0.07062682969432253,0.6423648624560785,-0.10994815224525395,0.9124967351243979,Gender,mlaD,0.9124967351243979,-1.3296619601082362,1.1884083007195914
factor(Smoking.status)2,0.8674936090225571,1.2001582595320743,0.7228160137487045,0.47015867262439814,Smoking.status,mlaD,0.47015867262439814,-1.4848165796603083,3.2198037977054224
factor(Smoking.status)3,0.7621025932666062,1.0333510504774817,0.7375059936451032,0.4611890961790156,Smoking.status,mlaD,0.47015867262439814,-1.263265465669258,2.78747065220247
factor(Region)HK,-1.693123529411767,0.7762572629224039,-2.1811371181734303,0.029661968411586814,Region,mlaD,0.029661968411586814,-3.2145877647396786,-0.17165929408385527
factor(Region)KM,-2.1715443438914037,0.7723188444996917,-2.811720003152494,0.005131183081921763,Region,mlaD,0.010262366163843526,-3.6852892791107994,-0.657799408672008
BMI,0.1336855078746227,0.07171315988623758,1.8641698132768818,0.06291321600559314,BMI,mlaD,0.06291321600559314,-0.006872285502402958,0.2742433012516483
factor(Alcohol.Consumption)2,-0.19945362802335226,1.0625541601385111,-0.18771149321682776,0.8511831473627892,Alcohol.Consumption,mlaD,0.8511831473627892,-2.282059781894834,1.8831525258481296
factor(Alcohol.Consumption)3,-0.3983402590393955,0.6859496502306986,-0.5807135536922071,0.5617095117388448,Alcohol.Consumption,mlaD,0.8511831473627892,-1.742801573491565,0.9461210554127738
Age.at.enrolment,0.020471933473195144,0.014578460264012069,1.404258961677285,0.16089388885240943,Age.at.enrolment,mtrC,0.16089388885240943,-0.008101848644268512,0.0490457155906588
factor(Gender)2,0.491283842794761,0.3933516944000048,1.248968416277286,0.21228920663067533,Gender,mtrC,0.21228920663067533,-0.2796854782292484,1.2622531638187704
factor(Smoking.status)2,0.2930451127819528,0.7220546140404058,0.40584895807556476,0.6850414805495025,Smoking.status,mtrC,0.6850414805495025,-1.1221819307372427,1.708272156301148
factor(Smoking.status)3,0.7048453139217472,0.6216979202490132,1.133742434974578,0.2574905584150903,Smoking.status,mtrC,0.5149811168301806,-0.5136826097663185,1.923373237609813
factor(Region)HK,-0.8849673202614382,0.4779049760948915,-1.851764188548063,0.06467873369744108,Region,mtrC,0.06467873369744108,-1.8216610734074257,0.051726432884549145
factor(Region)KM,-0.9742081447963794,0.47548027767072215,-2.0488928574888954,0.041020353759965766,Region,mtrC,0.06467873369744108,-1.906149489030995,-0.04226680056176402
BMI,0.039901701359758256,0.0441039417655052,0.9047196183032868,0.3660716164419703,BMI,mtrC,0.3660716164419703,-0.04654202450063193,0.12634542722014844
factor(Alcohol.Consumption)2,-0.45888240200166747,0.6476069407869117,-0.708581661345501,0.4789324447619975,Alcohol.Consumption,mtrC,0.4789324447619975,-1.7281920059440146,0.8104272019406795
factor(Alcohol.Consumption)3,-0.42804461234034874,0.41807351680016674,-1.0238501008542669,0.3064283143040763,Alcohol.Consumption,mtrC,0.4789324447619975,-1.2474687052686755,0.3913794805879781
Age.at.enrolment,-0.005136922048989666,0.014056111348594958,-0.36545826378240454,0.7149316962204815,Age.at.enrolment,oleC,0.7149316962204815,-0.03268690029223578,0.022413056194256452
factor(Gender)2,-0.05630983406113548,0.3771441146121583,-0.14930588037690187,0.8813753794411491,Gender,oleC,0.8813753794411491,-0.7955122987009657,0.6828926305786949
factor(Smoking.status)2,-1.0008046992481203,0.6980134331485938,-1.4337900271255497,0.15230862534186934,Smoking.status,oleC,0.15230862534186934,-2.3689110282193644,0.3673016297231235
factor(Smoking.status)3,-1.2458092584167426,0.6009981672523049,-2.072900262096373,0.03873541577164961,Smoking.status,oleC,0.07747083154329922,-2.4237656662312603,-0.0678528506022249
factor(Region)HK,-0.3753248366013062,0.4567861478073004,-0.8216642260343686,0.4116793801536377,Region,oleC,0.4116793801536377,-1.2706256863036152,0.5199760131010026
factor(Region)KM,0.7988722473604836,0.4544685978587289,1.7578161640307923,0.07942151533782277,Region,oleC,0.15884303067564554,-0.09188620444262507,1.689630699163592
BMI,0.009997142108171295,0.04225079366132748,0.23661430335027686,0.8130578106592321,BMI,oleC,0.8130578106592321,-0.07281441346803057,0.09280869768437315
factor(Alcohol.Consumption)2,0.5977998331943281,0.6233332110211083,0.9590373537374128,0.33802884818401613,Alcohol.Consumption,oleC,0.6760576963680323,-0.6239332604070441,1.8195329267957003
factor(Alcohol.Consumption)3,0.031579690591832674,0.4024032036365753,0.07847773155492425,0.9374811610678966,Alcohol.Consumption,oleC,0.9374811610678966,-0.7571305885358549,0.8202899697195202
Age.at.enrolment,0.030245421670003412,0.017568645572878388,1.721556823748258,0.08579953647929392,Age.at.enrolment,patA,0.08579953647929392,-0.004189123652838227,0.06467996699284505
factor(Gender)2,0.0838078602620088,0.47274934624135256,0.1772775804521629,0.8593656112217841,Gender,patA,0.8593656112217841,-0.8427808583710422,1.0103965788950597
factor(Smoking.status)2,0.5785714285714282,0.8832398382547043,0.6550558563059093,0.5127578021398415,Smoking.status,patA,0.5948811580704517,-1.152578654407792,2.3097215115506486
factor(Smoking.status)3,0.40468607825295727,0.7604803845118794,0.5321453208983271,0.5948811580704517,Smoking.status,patA,0.5948811580704517,-1.0858554753903262,1.8952276318962409
factor(Region)HK,0.2496732026143795,0.5757823220788314,0.43362429348811493,0.6647577397892099,Region,patA,0.6647577397892099,-0.87886014866013,1.378206553888889
factor(Region)KM,-0.4137254901960783,0.5728610332058486,-0.7222091680433997,0.47052053296684027,Region,patA,0.6647577397892099,-1.5365331152795414,0.7090821348873848
BMI,0.0715417922854061,0.052867239860512824,1.3532348666993965,0.17662291685894146,BMI,patA,0.17662291685894146,-0.03207799784119904,0.17516158241201124
factor(Alcohol.Consumption)2,-0.24378648874061748,0.7820958877716203,-0.3117092066999917,0.7553985870132983,Alcohol.Consumption,patA,0.7553985870132983,-1.776694428772993,1.2891214512917584
factor(Alcohol.Consumption)3,-0.21357258499730125,0.5048951110349774,-0.4230038681885863,0.6724842823595762,Alcohol.Consumption,patA,0.7553985870132983,-1.203167002625857,0.7760218326312545
Age.at.enrolment,0.041145456953047596,0.026098755803601784,1.5765294431150345,0.11556817486761657,Age.at.enrolment,Staphylococcus_aureus_ileS_with_mutation_conferring_resistance_to_mupirocin,0.11556817486761657,-0.010008104422011901,0.0922990183281071
factor(Gender)2,0.40865481222707456,0.7017058722452972,0.5823733680886455,0.5605903823573869,Gender,Staphylococcus_aureus_ileS_with_mutation_conferring_resistance_to_mupirocin,0.5605903823573869,-0.9666886973737081,1.7839983218278572
factor(Smoking.status)2,0.44527631578947424,1.3114431711236643,0.3395315371599021,0.7343636343740446,Smoking.status,Staphylococcus_aureus_ileS_with_mutation_conferring_resistance_to_mupirocin,0.7961339882048769,-2.1251522996129077,3.0157049311918565
factor(Smoking.status)3,0.2918933121019106,1.1291687306726743,0.25850282971263505,0.7961339882048769,Smoking.status,Staphylococcus_aureus_ileS_with_mutation_conferring_resistance_to_mupirocin,0.7961339882048769,-1.921277400016531,2.505064024220352
factor(Region)HK,0.32085163398692756,0.8541714906371077,0.37562905985964407,0.7073600190926193,Region,Staphylococcus_aureus_ileS_with_mutation_conferring_resistance_to_mupirocin,0.7073600190926193,-1.3533244876618036,1.9950277556356588
factor(Region)KM,-0.9029403469079944,0.8498377666314656,-1.0624855500209334,0.2885540523539172,Region,Staphylococcus_aureus_ileS_with_mutation_conferring_resistance_to_mupirocin,0.5771081047078344,-2.568622369505667,0.7627416756896781
BMI,0.09750778700628683,0.07852042420059589,1.2418143177268628,0.21491660467881205,BMI,Staphylococcus_aureus_ileS_with_mutation_conferring_resistance_to_mupirocin,0.21491660467881205,-0.05639224442688111,0.25140781843945476
factor(Alcohol.Consumption)2,-0.4519143452877391,1.1608899435285047,-0.3892826773175012,0.6972418766562967,Alcohol.Consumption,Staphylococcus_aureus_ileS_with_mutation_conferring_resistance_to_mupirocin,0.6972418766562967,-2.7272586346036083,1.8234299440281299
factor(Alcohol.Consumption)3,-0.5156319032200032,0.7494319636524776,-0.6880303059226189,0.49177025480543746,Alcohol.Consumption,Staphylococcus_aureus_ileS_with_mutation_conferring_resistance_to_mupirocin,0.6972418766562967,-1.984518551978859,0.9532547455388527
Age.at.enrolment,0.02330113120571033,0.059665864691649015,0.39052700109400434,0.6963216051324488,Age.at.enrolment,Staphylococcus_aureus_mupA_conferring_resistance_to_mupirocin,0.6963216051324488,-0.09364396358992175,0.1402462260013424
factor(Gender)2,-2.1167066899563327,1.5978463674734698,-1.3247247877174135,0.18589673567940745,Gender,Staphylococcus_aureus_mupA_conferring_resistance_to_mupirocin,0.18589673567940745,-5.248485570204333,1.0150721902916677
factor(Smoking.status)2,-4.807544924812028,2.9778218234213285,-1.6144501618597393,0.10711254233958682,Smoking.status,Staphylococcus_aureus_mupA_conferring_resistance_to_mupirocin,0.10711254233958682,-10.644075698717831,1.0289858490937762
factor(Smoking.status)3,-4.525546064604187,2.563941284349394,-1.765073986767429,0.07821193625864936,Smoking.status,Staphylococcus_aureus_mupA_conferring_resistance_to_mupirocin,0.10711254233958682,-9.550870981928998,0.49977885272062483
factor(Region)HK,1.9079111111111162,1.9318519713930533,0.9876073008509687,0.3238467515176462,Region,Staphylococcus_aureus_mupA_conferring_resistance_to_mupirocin,0.3238467515176462,-1.8785187528192684,5.6943409750415
factor(Region)KM,6.0132283559577715,1.922050528292291,3.1285485305635654,0.0018644810046745516,Region,Staphylococcus_aureus_mupA_conferring_resistance_to_mupirocin,0.0037289620093491033,2.2460093205048812,9.7804473914106609
BMI,0.010390147510759682,0.17936015680859205,0.057928960899871124,0.9538295241387198,BMI,Staphylococcus_aureus_mupA_conferring_resistance_to_mupirocin,0.9538295241387198,-0.34115575983408075,0.3619360548556001
factor(Alcohol.Consumption)2,6.689562468723936,2.6282518949497886,2.545251648663507,0.011235659727490821,Alcohol.Consumption,Staphylococcus_aureus_mupA_conferring_resistance_to_mupirocin,0.022471319454981643,1.5381887546223503,11.840936182825521
factor(Alcohol.Consumption)3,2.0509646968879305,1.6967120695513207,1.2087877098854425,0.22734705424856047,Alcohol.Consumption,Staphylococcus_aureus_mupA_conferring_resistance_to_mupirocin,0.22734705424856047,-1.274590959432658,5.3765203532085195
Age.at.enrolment,-0.03977235848398215,0.0282436151003498,-1.4081893674967112,0.1597277842673462,Age.at.enrolment,Streptococcus_pneumoniae_23S_rRNA_with_mutation_conferring_resistance_to_macrolide_antibiotics,0.1597277842673462,-0.09512984408066776,0.015585127112703462
factor(Gender)2,-0.1848821659388647,0.7591762290382882,-0.243529972181914,0.8076995674062374,Gender,Streptococcus_pneumoniae_23S_rRNA_with_mutation_conferring_resistance_to_macrolide_antibiotics,0.8076995674062374,-1.6728675748539095,1.3031032429761802
factor(Smoking.status)2,-4.43704492481203,1.3994070905228075,-3.1706605996646657,0.0016220645267544269,Smoking.status,Streptococcus_pneumoniae_23S_rRNA_with_mutation_conferring_resistance_to_macrolide_antibiotics,0.0016220645267544269,-7.179882822236733,-1.694207027387327
factor(Smoking.status)3,-4.091644790718836,1.2049067492158794,-3.395818633584356,7.433009217315968e-4,Smoking.status,Streptococcus_pneumoniae_23S_rRNA_with_mutation_conferring_resistance_to_macrolide_antibiotics,0.0014866018434631935,-6.45326201918196,-1.7300275622557124
factor(Region)HK,5.411764705898131e-4,0.9121729235019084,5.932827610275815e-4,0.9995268774264434,Region,Streptococcus_pneumoniae_23S_rRNA_with_mutation_conferring_resistance_to_macrolide_antibiotics,0.9995268774264434,-1.7873177535931506,1.7884001065343302
factor(Region)KM,3.0352972096530926,0.9075449234583476,3.344514559220494,8.893699131664721e-4,Region,Streptococcus_pneumoniae_23S_rRNA_with_mutation_conferring_resistance_to_macrolide_antibiotics,0.0017787398263329442,1.2565091596747313,4.814085259631454
BMI,-0.06264432088306239,0.08500861643334791,-0.7369173092257003,0.46153569001468064,BMI,Streptococcus_pneumoniae_23S_rRNA_with_mutation_conferring_resistance_to_macrolide_antibiotics,0.46153569001468064,-0.2292612090924243,0.10397256732629952
factor(Alcohol.Consumption)2,0.29231167639699696,1.256014146663958,0.23272960513493632,0.8160718358016799,Alcohol.Consumption,Streptococcus_pneumoniae_23S_rRNA_with_mutation_conferring_resistance_to_macrolide_antibiotics,0.8160718358016799,-2.1694760510643607,2.7540994038583544
factor(Alcohol.Consumption)3,0.4184461683756071,0.8108409876035317,0.516064400755491,0.6060500742836223,Alcohol.Consumption,Streptococcus_pneumoniae_23S_rRNA_with_mutation_conferring_resistance_to_macrolide_antibiotics,0.8160718358016799,-1.170802167327315,2.007694504078529
Age.at.enrolment,0.05911906615843875,0.048628259974402094,1.2157347638915934,0.22468856915677832,Age.at.enrolment,TaeA,0.22468856915677832,-0.03619232339138934,0.15443045570826686
factor(Gender)2,-0.8445095895196517,1.30809137176682,-0.6456044338699252,0.5188459975970227,Gender,TaeA,0.5188459975970227,-3.4083686781826192,1.7193494991433158
factor(Smoking.status)2,-3.9913118421052602,2.4185447997093545,-1.6502947733632682,0.09956228499989173,Smoking.status,TaeA,0.09956228499989173,-8.731659649535596,0.7490359653250747
factor(Smoking.status)3,-4.799266719745222,2.0823968752095405,-2.3046839806952253,0.021626831828020967,Smoking.status,TaeA,0.043253663656041934,-8.88076459515592,-0.7177688443345227
factor(Region)HK,1.8165888888888977,1.5734160002588167,1.154550918886093,0.2488536702477488,Region,TaeA,0.2488536702477488,-1.2673064716183828,4.900484249396178
factor(Region)KM,5.714602337858223,1.5654331177042877,3.650492808174842,2.907285072578462e-4,Region,TaeA,5.814570145156924e-4,2.6463534271578193,8.782851248558627
BMI,0.07914013261753383,0.14657796518151253,0.5399183466596216,0.5895058391913335,BMI,TaeA,0.5895058391913335,-0.2081526791382307,0.3664329443732984
factor(Alcohol.Consumption)2,6.113770725604673,2.1431507322975345,2.852702161107675,0.0045244543234941,Alcohol.Consumption,TaeA,0.0090489086469882,1.9131952903015055,10.31434616090784
factor(Alcohol.Consumption)3,1.6566425616118021,1.383546881995665,1.1973880922793283,0.23175377786370266,Alcohol.Consumption,TaeA,0.23175377786370266,-1.055109327099701,4.368394450323305
Age.at.enrolment,0.032003571440275234,0.029037772313134324,1.1021359040617391,0.27095953879024653,Age.at.enrolment,tsnR,0.27095953879024653,-0.024910462293468043,0.0889176051740185
factor(Gender)2,-0.37573779912663824,0.7798613927836939,-0.4818007438289161,0.6301684747079451,Gender,tsnR,0.6301684747079451,-1.9042661289826783,1.152790530729402
factor(Smoking.status)2,-2.688213157894738,1.4365271578340282,-1.871327766575594,0.061931425564569646,Smoking.status,tsnR,0.061931425564569646,-5.503806387249433,0.1273800714599571
factor(Smoking.status)3,-2.5924410828025484,1.2368675845850416,-2.0959730169275073,0.03662807512032564,Smoking.status,tsnR,0.061931425564569646,-5.01670154858923,-0.16818061701586684
factor(Region)HK,1.4911529411764743,0.9352290954019266,1.5944253108759758,0.11150454043534758,Region,tsnR,0.11150454043534758,-0.3418960858113016,3.3242019681642505
factor(Region)KM,3.766396153846156,0.9304841175772802,4.047781238494211,6.03387570760635e-5,Region,tsnR,1.20677514152127e-4,1.9426472833946868,5.590145024297625
BMI,0.016773717911769587,0.08739878508308328,0.19192163707795373,0.8478854332384969,BMI,tsnR,0.8478854332384969,-0.15452790085107362,0.18807533667461282
factor(Alcohol.Consumption)2,2.9172646371976634,1.2823925480660574,2.274860877503627,0.023360120052493213,Alcohol.Consumption,tsnR,0.046720240104986425,0.4037752429881909,5.430754031407136
factor(Alcohol.Consumption)3,0.8604728368411584,0.8278700068236498,1.0393815813458425,0.2991571940816203,Alcohol.Consumption,tsnR,0.2991571940816203,-0.7621523765331951,2.4830980502155118
Age.at.enrolment,0.04515935929778609,0.03402709328194369,1.3271588884657886,0.1850923513623089,Age.at.enrolment,vanR_gene_in_vanB_cluster,0.1850923513623089,-0.021533743534823548,0.11185246213039574
factor(Gender)2,-0.4961637729257625,0.9150103307816213,-0.5422493672852075,0.587899958383097,Gender,vanR_gene_in_vanB_cluster,0.587899958383097,-2.28958402125774,1.2972564754062152
factor(Smoking.status)2,-2.779182330827066,1.694926408364721,-1.6397067843838977,0.10174683292347773,Smoking.status,vanR_gene_in_vanB_cluster,0.10174683292347773,-6.101238091221919,0.5428734295677873
factor(Smoking.status)3,-2.8043928571428585,1.4593525234318498,-1.9216692417456327,0.05526221010158132,Smoking.status,vanR_gene_in_vanB_cluster,0.10174683292347773,-5.664723803069284,0.055938088783566986
factor(Region)HK,0.564026797385624,1.1026391957951003,0.5115243495211603,0.6092211454709047,Region,vanR_gene_in_vanB_cluster,0.6092211454709047,-1.5971460263727728,2.7251996211440206
factor(Region)KM,3.5492049019607856,1.0970448461770688,3.2352413981332586,0.001300004645035222,Region,vanR_gene_in_vanB_cluster,0.002600009290070444,1.3989970034537307,5.69941280046784
BMI,0.05790379440257868,0.10252115230430717,0.5647985132932026,0.572476885237136,BMI,vanR_gene_in_vanB_cluster,0.572476885237136,-0.14303766411386337,0.2588452529190207
factor(Alcohol.Consumption)2,3.305828940783985,1.5055726167026977,2.1957286577275603,0.02859524481012423,Alcohol.Consumption,vanR_gene_in_vanB_cluster,0.05719048962024846,0.3549066120466975,6.256751269521272
factor(Alcohol.Consumption)3,0.7536785842777484,0.9719476414167045,0.7754312600411185,0.43847155554091455,Alcohol.Consumption,vanR_gene_in_vanB_cluster,0.43847155554091455,-1.1513387928989927,2.658695961454489
Age.at.enrolment,0.08711337880359289,0.034049063243073635,2.5584662397816116,0.01082188809542603,Age.at.enrolment,vanR_gene_in_vanF_cluster,0.01082188809542603,0.020377214847168562,0.15384954276001722
factor(Gender)2,0.36385931877729943,0.9197931122787942,0.39558821861128673,0.69258569236914,Gender,vanR_gene_in_vanF_cluster,0.69258569236914,-1.4389351812891373,2.166653818843736
factor(Smoking.status)2,-0.06669849624059516,1.6213639718575557,-0.04113727540410336,0.9672042297026608,Smoking.status,vanR_gene_in_vanF_cluster,0.9672042297026608,-3.244571881081404,3.111174888600214
factor(Smoking.status)3,-1.2412397634212917,1.396014359121753,-0.8891310861602945,0.37439534420940723,Smoking.status,vanR_gene_in_vanF_cluster,0.7487906884188145,-3.9774279072999277,1.4949483804573442
factor(Region)HK,-0.2589052287581646,1.1203397815169198,-0.23109527397805296,0.817340085357017,Region,vanR_gene_in_vanF_cluster,0.817340085357017,-2.4547712005313276,1.9369607430149982
factor(Region)KM,0.9967518853695357,1.1146556262168943,0.8942240651962435,0.3716539322365253,Region,vanR_gene_in_vanF_cluster,0.7433078644730506,-1.187973142015577,3.1814769127546483
BMI,0.20300898379066606,0.10264128143238839,1.9778492723163403,0.04852200450019189,BMI,vanR_gene_in_vanF_cluster,0.04852200450019189,0.0018320721831848186,0.4041858953981473
factor(Alcohol.Consumption)2,0.577763386155125,1.5208947868137794,0.37988386255535717,0.7042017764158879,Alcohol.Consumption,vanR_gene_in_vanF_cluster,0.7042017764158879,-2.403190395999883,3.5587171683101326
factor(Alcohol.Consumption)3,0.5402224770642206,0.9818391251854959,0.5502148602625282,0.5824311933698272,Alcohol.Consumption,vanR_gene_in_vanF_cluster,0.7042017764158879,-1.3841822082993513,2.4646271624277922
Age.at.enrolment,0.010691841848943177,0.00806133545337115,1.3263114915372962,0.18537255518691975,Age.at.enrolment,vanXY_gene_in_vanE_cluster,0.18537255518691975,-0.005108375639664278,0.02649205933755063
factor(Gender)2,-0.23098614847161597,0.2164004263521053,-1.0674015405855912,0.2863304712205104,Gender,vanXY_gene_in_vanE_cluster,0.2863304712205104,-0.6551309841217423,0.19315868717851042
factor(Smoking.status)2,-0.41635770676691697,0.39993221002359863,-1.0410707023131474,0.2983872243116141,Smoking.status,vanXY_gene_in_vanE_cluster,0.2983872243116141,-1.2002248384131704,0.36750942487933635
factor(Smoking.status)3,-0.43073259781619644,0.34434656101837363,-1.2508694628526098,0.2116151974252118,Smoking.status,vanXY_gene_in_vanE_cluster,0.2983872243116141,-1.1056518574122087,0.24418666177981585
factor(Region)HK,0.6025869281045749,0.2626719353047202,2.2940666554480837,0.02222132500848908,Region,vanXY_gene_in_vanE_cluster,0.04444265001697816,0.0877499349073233,1.1174239213018264
factor(Region)KM,0.13959170437405732,0.2613392431180617,0.5341398509790428,0.5934941449734656,Region,vanXY_gene_in_vanE_cluster,0.5934941449734656,-0.3726332121373437,0.6518166208854583
BMI,0.018446908104046596,0.024259323529448224,0.7604048844005903,0.447389084564624,BMI,vanXY_gene_in_vanE_cluster,0.447389084564624,-0.02910136601367192,0.06599518222176512
factor(Alcohol.Consumption)2,-0.11428965804837365,0.35713233313802845,-0.3200204726470446,0.7490938246182026,Alcohol.Consumption,vanXY_gene_in_vanE_cluster,0.7490938246182026,-0.8142690309989093,0.585689714902162
factor(Alcohol.Consumption)3,-0.11428395394855179,0.2305527644540678,-0.4956954396932428,0.6203390454613891,Alcohol.Consumption,vanXY_gene_in_vanE_cluster,0.7490938246182026,-0.5661673722785246,0.3375994643814211
Age.at.enrolment,-0.03608507801533784,0.1419183476547457,-0.25426647513628353,0.7993994999488663,Age.at.enrolment,adeI,0.7993994999488663,-0.3142450394186394,0.24207488338796374
factor(Gender)2,0.37673517903929443,3.8109405273573165,0.09885622101285851,0.9212939582244302,Gender,adeI,0.9212939582244302,-7.092708254581046,7.846178612659635
factor(Smoking.status)2,9.508226315789479,7.062923600824697,1.3462167868670216,0.17889275752721748,Smoking.status,adeI,0.18608257022282795,-4.335103941826928,23.351556573405887
factor(Smoking.status)3,8.052971337579626,6.081264253599336,1.3242265097776815,0.18608257022282795,Smoking.status,adeI,0.18608257022282795,-3.866306599475072,19.972249274634322
factor(Region)HK,-2.118060784313716,4.645839022780837,-0.4559049019838657,0.6486662814457528,Region,adeI,0.8718244040780193,-11.223905268964156,6.987783700336724
factor(Region)KM,0.7461658371040898,4.6222678964671315,0.1614285138415269,0.8718244040780193,Region,adeI,0.8718244040780193,-8.313479239971487,9.805810914179668
BMI,-0.6867877972704304,0.42580803114662774,-1.6129047529259348,0.10742795012549533,BMI,adeI,0.10742795012549533,-1.5213715383178208,0.14779594377695993
factor(Alcohol.Consumption)2,-2.698376897414518,6.2801206016961615,-0.4296695984923807,0.667631251419761,Alcohol.Consumption,adeI,0.667631251419761,-15.007413276738994,9.6106594819099591
factor(Alcohol.Consumption)3,5.977590304011503,4.054237131383994,1.474405692192685,0.14103623283881342,Alcohol.Consumption,adeI,0.28207246567762684,-1.9687144735011248,13.923895081524131
Age.at.enrolment,0.02293860337646717,0.11372113726527591,0.20170923302462732,0.8402302160505016,Age.at.enrolment,adeL,0.8402302160505016,-0.1999548256634736,0.24583203241640794
factor(Gender)2,0.7730308122270665,3.0513176009556937,0.25334328094359887,0.800112105055857,Gender,adeL,0.800112105055857,-5.207551685646093,6.753613310100226
factor(Smoking.status)2,11.49091146616541,5.653899750504216,2.0323868432829304,0.04268596429281577,Smoking.status,adeL,0.08537192858563154,0.40926795517714787,22.572554977153672
factor(Smoking.status)3,3.9907414695177397,4.868077355694575,0.8197777434348807,0.4127655356171467,Smoking.status,adeL,0.4127655356171467,-5.550690147643627,13.532173086679107
factor(Region)HK,-3.7018777777777845,3.7161648237561606,-0.9961554326419959,0.31968074824784887,Region,adeL,0.31968074824784887,-10.985560832339859,3.5818052767842903
factor(Region)KM,-3.7768877073906624,3.6973104919478934,-1.0215230004664402,0.30752560287435504,Region,adeL,0.31968074824784887,-11.023616271608534,3.4698408568272083
BMI,-0.17229434034252877,0.3417982166972513,-0.504082034152738,0.6144369628331184,BMI,adeL,0.6144369628331184,-0.8422188450691414,0.4976301643840838
factor(Alcohol.Consumption)2,-2.5590862385321103,5.046441547889297,-0.5071070801568013,0.6123155218563593,Alcohol.Consumption,adeL,0.8863535261158442,-12.450111672395133,7.3319391953309125
factor(Alcohol.Consumption)3,0.4658568987227992,3.257814937389248,0.14299673482869107,0.8863535261158442,Alcohol.Consumption,adeL,0.8863535261158442,-5.919460378560127,6.851174176005725
Age.at.enrolment,-0.04248405396958518,0.28943141456558913,-0.14678452936199055,0.8833642426690436,Age.at.enrolment,almE,0.8833642426690436,-0.6097696265181399,0.5248015185789695
factor(Gender)2,-3.962048017467277,7.762225235405505,-0.510426829589453,0.6099885847302735,Gender,almE,0.6099885847302735,-19.176009478862067,11.251913443927512
factor(Smoking.status)2,27.166804511278254,14.40798819460694,1.885537671487479,0.0599844599952124,Smoking.status,almE,0.1199689199904248,-1.0728523501513472,55.40646137270785
factor(Smoking.status)3,9.712210646041905,12.405455378834011,0.7828983579766626,0.43408791633691846,Smoking.status,almE,0.43408791633691846,-14.602481896472755,34.02690318855657
factor(Region)HK,-5.412226143790842,9.451533346640087,-0.5726294290349012,0.5671659992891211,Region,almE,0.5671659992891211,-23.937231503205414,13.112779215623728
factor(Region)KM,-12.51969283559576,9.403580052244942,-1.3313751535094234,0.1837028549442306,Region,almE,0.3674057098884612,-30.95070973799585,5.911324066804328
BMI,-0.4021003174235768,0.8697188399877438,-0.46233368640058814,0.6440533006247949,BMI,almE,0.6440533006247949,-2.1067492437995545,1.302548608952401
factor(Alcohol.Consumption)2,-10.697115179316071,12.836726826774822,-0.8333210890648579,0.40508337093054725,Alcohol.Consumption,almE,0.8101667418610945,-35.85709975979472,14.462869401162578
factor(Alcohol.Consumption)3,0.4482273340529114,8.286964191816237,0.0540882431343865,0.9568876480345014,Alcohol.Consumption,almE,0.9568876480345014,-15.794222481906912,16.690677150012736
Age.at.enrolment,-0.028627052275829172,0.0642377320192889,-0.4456423254051563,0.6560582474432954,Age.at.enrolment,arlR,0.6560582474432954,-0.1545330070336354,0.09727890248197704
factor(Gender)2,1.1443693275109137,1.7260727998741343,0.6629901865056684,0.5076570845645753,Gender,arlR,0.5076570845645753,-2.2387333602423896,4.527472015264217
factor(Smoking.status)2,1.6522695488721855,3.1930013928445,0.5174659655880243,0.6050785876991417,Smoking.status,arlR,0.6050785876991417,-4.606013181103034,7.910552278847405
factor(Smoking.status)3,3.8180534576888117,2.7492135451855773,1.3887802438537329,0.1655687048111905,Smoking.status,arlR,0.331137409622381,-1.5704050908749196,9.206512006252543
factor(Region)HK,-2.2985078431372545,2.095355506144829,-1.0969536369349555,0.27321628715158225,Region,arlR,0.27321628715158225,-6.405404635181119,1.8083889489066096
factor(Region)KM,2.419416365007541,2.084724511599973,1.1605448832904548,0.24640874610292043,Region,arlR,0.27321628715158225,-1.666643677728406,6.505476407743489
BMI,-0.47022256256453676,0.19227254863290857,-2.4456042524421786,0.014822174667900026,BMI,arlR,0.014822174667900026,-0.8470767578850376,-0.09336836724403597
factor(Alcohol.Consumption)2,-1.2515101751459539,2.8386641470210012,-0.440879973933984,0.6595009032703472,Alcohol.Consumption,arlR,0.6595009032703472,-6.815291903307116,4.312271553015208
factor(Alcohol.Consumption)3,3.36276308688613,1.8325472261269506,1.8350212419863567,0.06712899408297321,Alcohol.Consumption,arlR,0.13425798816594642,-0.229029476322693,6.954555650094953
Age.at.enrolment,-0.0021889797714187806,0.11519933061077176,-0.019001670928234536,0.9848477345664448,Age.at.enrolment,arlS,0.9848477345664448,-0.2279796677685314,0.22360170822569386
factor(Gender)2,0.9923052401746641,3.0907132422041856,0.3210602739279001,0.7483053349793034,Gender,arlS,0.7483053349793034,-5.06549271454554,7.050103194894868
factor(Smoking.status)2,9.165238721804533,5.727359700467967,1.6002554756698215,0.11022548099425744,Smoking.status,arlS,0.22045096198851488,-2.060386291112682,20.390863734721748
factor(Smoking.status)3,5.800804595086465,4.931327277827895,1.1763170984752707,0.2400739363876615,Smoking.status,arlS,0.2400739363876615,-3.8645968694562107,15.46620605962914
factor(Region)HK,-5.558448366013069,3.761053306116349,-1.4778967256257007,0.1400967772637859,Region,arlS,0.2801935545275718,-12.930112846001112,1.813216113974975
factor(Region)KM,-3.0912056561085897,3.741971228128639,-0.8260901721723025,0.40916680121060545,Region,arlS,0.40916680121060545,-10.425469263240721,4.243057951023543
BMI,-0.46009716809028967,0.3456497266056515,-1.331108149884956,0.18379061714140693,BMI,arlS,0.18379061714140693,-1.1375706322373667,0.21737629605678732
factor(Alcohol.Consumption)2,-3.7995633027522944,5.104267173121912,-0.7443895810862063,0.45700969472094233,Alcohol.Consumption,arlS,0.45700969472094233,-13.803926962071241,6.204800356566651
factor(Alcohol.Consumption)3,2.6721200305810315,3.2951452391194795,0.8109263284841031,0.4178149583534645,Alcohol.Consumption,arlS,0.45700969472094233,-3.786364638093148,9.130604699255212
Age.at.enrolment,-0.0012155592034795095,0.017061391201896398,-0.07124619493774918,0.943231740355833,Age.at.enrolment,baeS,0.943231740355833,-0.03465588595919645,0.03222476755223743
factor(Gender)2,0.5546542882096075,0.4572625508355617,1.2129886586952738,0.22573451202723965,Gender,baeS,0.22573451202723965,-0.3415803114280934,1.4508888878473085
factor(Smoking.status)2,0.49106729323308246,0.8497267712314894,0.5779119946066781,0.5636050958742349,Smoking.status,baeS,0.5636050958742349,-1.1743971783806368,2.1565317648468016
factor(Smoking.status)3,0.574169472247497,0.7316252208381624,0.7847863303423557,0.432981079693315,Smoking.status,baeS,0.5636050958742349,-0.8598159605953013,2.0081549050902954
factor(Region)HK,-0.6997614379084967,0.5565536001741147,-1.2573118522449234,0.20925727016516557,Region,baeS,0.41851454033033114,-1.7906064942497615,0.3910836184327682
factor(Region)KM,0.32077488687782774,0.553729870134024,0.5792985066891693,0.5626618188383989,Region,baeS,0.5626618188383989,-0.7645356585848593,1.4060854323405148
BMI,-0.1377737221623188,0.050918524194215345,-2.7057681726362905,0.007059246464909456,BMI,baeS,0.007059246464909456,-0.2375740295829809,-0.03797341474165673
factor(Alcohol.Consumption)2,-0.2944840700583805,0.7539882948744996,-0.39056849033365565,0.6962916899378605,Alcohol.Consumption,baeS,0.6962916899378605,-1.7723011280123995,1.1833329878956387
factor(Alcohol.Consumption)3,0.8775169994603353,0.4867497832579034,1.8028092248690015,0.07205319650605087,Alcohol.Consumption,baeS,0.14410639301210174,-0.07651257572515535,1.831546574645826
Age.at.enrolment,-0.02698187810903759,0.10864805747374771,-0.2483420204319542,0.8039768926812638,Age.at.enrolment,basS,0.8039768926812638,-0.2399320707575831,0.1859683145395079
factor(Gender)2,1.3899875109170254,2.9141601124306007,0.4769770559235624,0.6335969050467704,Gender,basS,0.6335969050467704,-4.321766309446952,7.101741331281003
factor(Smoking.status)2,7.54848740601505,5.435955907066761,1.3886218974296665,0.16561684568187734,Smoking.status,basS,0.2794425041065054,-3.1059861718358013,18.2029609838659
factor(Smoking.status)3,5.068170040946335,4.680425020869166,1.0828439764227147,0.2794425041065054,Smoking.status,basS,0.2794425041065054,-4.105462999957229,14.241803081849898
factor(Region)HK,-4.757022875816989,3.5421981624739,-1.3429578633439991,0.17992561173766,Region,basS,0.17992561173766,-11.699731274265833,2.1856855226318554
factor(Region)KM,-6.183628959276003,3.5242264678227424,-1.7546060151736596,0.07997011206247068,Region,basS,0.15994022412494135,-13.091112836208577,0.7238549176565714
BMI,-0.5678208642160683,0.32551836716642574,-1.7443589102477957,0.08174198572590621,BMI,basS,0.08174198572590621,-1.2058368638622627,0.07019513543012623
factor(Alcohol.Consumption)2,-4.00890400333611,4.8186503423445295,-0.8319557798388761,0.4058528367365738,Alcohol.Consumption,basS,0.8117056734731476,-13.453458674331387,5.435650667659167
factor(Alcohol.Consumption)3,0.5344468879294872,3.1107605060662427,0.17180586126359493,0.863663481481798,Alcohol.Consumption,basS,0.863663481481798,-5.562643703960348,6.631537479819323
Age.at.enrolment,-0.02476649152181339,0.12706619237785152,-0.19491015712634474,0.8455464461615119,Age.at.enrolment,bmr,0.8455464461615119,-0.27381622858240234,0.22428324553877557
factor(Gender)2,1.1334733973799034,3.4083081599955776,0.3325618882364716,0.7396111161396792,Gender,bmr,0.7396111161396792,-5.5468105962114285,7.813757390971236
factor(Smoking.status)2,10.901948120300776,6.331348321022078,1.7218999125514645,0.08575698255608603,Smoking.status,bmr,0.17151396511217207,-1.507494588902496,23.31139082950405
factor(Smoking.status)3,5.2860887170154935,5.451368922810096,0.9696809722227709,0.3327129045254983,Smoking.status,bmr,0.3327129045254983,-5.398594371692296,15.970771805723283
factor(Region)HK,-5.961743137254914,4.141236429893323,-1.4396046297237097,0.1506365930848307,Region,bmr,0.1506365930848307,-14.078566539845827,2.1550802653359975
factor(Region)KM,-7.397752564102583,4.120225455017678,-1.79547275867962,0.07321257247400542,Region,bmr,0.14642514494801084,-15.473394455937232,0.6778893277320668
BMI,-0.5629627522459133,0.3810173516362466,-1.477525235604934,0.14019622167293086,BMI,bmr,0.14019622167293086,-1.3097567614529566,0.18383125696113
factor(Alcohol.Consumption)2,-4.723460800667219,5.633344101838031,-0.8384825629817398,0.40218236405514074,Alcohol.Consumption,bmr,0.6696644608899637,-15.764815240269758,6.31789363893532
factor(Alcohol.Consumption)3,1.552414867781982,3.6366997196465194,0.42687463564708994,0.6696644608899637,Alcohol.Consumption,bmr,0.6696644608899637,-5.575516582725196,8.68034631828916
Age.at.enrolment,-0.01578806530094057,0.07181256437227558,-0.21985101686517428,0.8260814370852452,Age.at.enrolment,Clostridioides_difficile_murG_with_mutation_conferring_resistance_to_vancomycin,0.8260814370852452,-0.1565406914706007,0.12496456086871957
factor(Gender)2,1.3019895720523982,1.9267940153701884,0.6757284700213537,0.49954051585392645,Gender,Clostridioides_difficile_murG_with_mutation_conferring_resistance_to_vancomycin,0.49954051585392645,-2.474526698073171,5.078505842177967
factor(Smoking.status)2,5.980784774436102,3.5791054114238854,1.6710278371088125,0.09539337724673141,Smoking.status,Clostridioides_difficile_murG_with_mutation_conferring_resistance_to_vancomycin,0.19078675449346283,-1.034261831954713,12.995831380826917
factor(Smoking.status)3,2.98678309827117,3.0816538629717853,0.9692143346011199,0.33294537595895823,Smoking.status,Clostridioides_difficile_murG_with_mutation_conferring_resistance_to_vancomycin,0.33294537595895823,-3.0532584731535293,9.02682466969587
factor(Region)HK,-1.6763568627450929,2.349586508167827,-0.7134688835323162,0.47590531366787947,Region,Clostridioides_difficile_murG_with_mutation_conferring_resistance_to_vancomycin,0.5819093430465505,-6.281546418754033,2.9288326932638475
factor(Region)KM,-1.2879952488687718,2.3376656473507738,-0.550974965272912,0.5819093430465505,Region,Clostridioides_difficile_murG_with_mutation_conferring_resistance_to_vancomycin,0.5819093430465505,-5.869819917676288,3.2938294199387443
BMI,-0.1402148848545466,0.21587735925279622,-0.6495117660317148,0.5163209345726074,BMI,Clostridioides_difficile_murG_with_mutation_conferring_resistance_to_vancomycin,0.5163209345726074,-0.5633345089900272,0.28290473928093396
factor(Alcohol.Consumption)2,-1.925187906588821,3.18486492207704,-0.6044802381550585,0.5458136320340805,Alcohol.Consumption,Clostridioides_difficile_murG_with_mutation_conferring_resistance_to_vancomycin,0.5976556842335312,-8.16752315385982,4.317147340682178
factor(Alcohol.Consumption)3,1.0858596869940649,2.056042940009742,0.5281308409779223,0.5976556842335312,Alcohol.Consumption,Clostridioides_difficile_murG_with_mutation_conferring_resistance_to_vancomycin,0.5976556842335312,-2.94398447542503,5.11570384941316
Age.at.enrolment,-0.0656379710611069,0.06765520623512333,-0.9701835928634095,0.33244770176955885,Age.at.enrolment,cmlv,0.33244770176955885,-0.19824217528194865,0.06696623315973484
factor(Gender)2,2.139763755458514,1.8173188329079693,1.1774289226038486,0.23961149469395207,Gender,cmlv,0.23961149469395207,-1.422181157041106,5.701708667958133
factor(Smoking.status)2,3.3826257518797043,3.393105019730496,0.9969115993198394,0.31932926500626063,Smoking.status,cmlv,0.49490428478369475,-3.2678600867920684,10.033111590551478
factor(Smoking.status)3,1.995595882620567,2.921505233723069,0.6830711304519712,0.49490428478369475,Smoking.status,cmlv,0.49490428478369475,-3.730554375476648,7.721746140717782
factor(Region)HK,-2.6052908496732057,2.216340395628746,-1.1754922009324835,0.2403854794815631,Region,cmlv,0.4807709589631262,-6.949318025105548,1.7387363257591364
factor(Region)KM,-1.3690335595776815,2.2050955722150705,-0.6208499880131976,0.5349954910188277,Region,cmlv,0.5349954910188277,-5.69102088111922,2.952953761963857
BMI,-0.33744747425260313,0.2033182490351886,-1.659700867255652,0.0976332703138233,BMI,cmlv,0.0976332703138233,-0.7359512423615728,0.06105629385636652
factor(Alcohol.Consumption)2,-1.6722614678899084,3.000252078080192,-0.5573736554029683,0.5775352666681337,Alcohol.Consumption,cmlv,0.5775352666681337,-7.552755540927084,4.208232605147268
factor(Alcohol.Consumption)3,1.8383463752473466,1.9368630238055415,0.9491359753646235,0.34303511929174235,Alcohol.Consumption,cmlv,0.5775352666681337,-1.9579051514115147,5.634597901906208
Age.at.enrolment,-0.15720523361514052,0.1577087636802182,-0.9968072156972921,0.31936454573386114,Age.at.enrolment,emrY,0.31936454573386114,-0.4663144104283682,0.15190394319808712
factor(Gender)2,4.6188287860262,4.231084493796287,1.091641822043127,0.27554163956452643,Gender,emrY,0.27554163956452643,-3.674096821814522,12.911754393866921
factor(Smoking.status)2,3.033432706766923,7.908838873478848,0.3835496910853884,0.7014886699473949,Smoking.status,emrY,0.7014886699473949,-12.467891485251618,18.534756898785464
factor(Smoking.status)3,4.81698657870792,6.8096077271949955,0.7073809199714542,0.47968645313887337,Smoking.status,emrY,0.7014886699473949,-8.52984456659427,18.163817724010112
factor(Region)HK,-10.039318954248369,5.145984649458774,-1.9509034010243789,0.051654887091326304,Region,emrY,0.10330977418265261,-20.125448867187565,0.04681095869082874
factor(Region)KM,-5.0864766968325785,5.119875984568318,-0.9934765436044921,0.3209825267322013,Region,emrY,0.3209825267322013,-15.121433626586482,4.948480232921325
BMI,-1.133067617243522,0.47176815802698907,-2.4017467011385305,0.016699326165237973,BMI,emrY,0.016699326165237973,-2.0577332069764207,-0.2084020275106233
factor(Alcohol.Consumption)2,-6.809449624687234,6.980770524930646,-0.9754581676003289,0.3298305940130567,Alcohol.Consumption,emrY,0.3298305940130567,-20.4917598535513,6.872860604176832
factor(Alcohol.Consumption)3,5.761472656952689,4.506553434690557,1.2784654038720615,0.2017110090654097,Alcohol.Consumption,emrY,0.3298305940130567,-3.0713720750408022,14.59431738894618
Age.at.enrolment,-0.12816363120419322,0.13296802209489528,-0.9638680728267635,0.3356014804662215,Age.at.enrolment,Enterobacter_cloacae_acrA,0.3356014804662215,-0.38878095451018796,0.13245369210180152
factor(Gender)2,3.7831624803493415,3.5661902612891976,1.0608414591378832,0.28929879062779307,Gender,Enterobacter_cloacae_acrA,0.28929879062779307,-3.206570431777486,10.772895392476169
factor(Smoking.status)2,8.284317669172927,6.620727139487287,1.2512700636405427,0.21146918718773247,Smoking.status,Enterobacter_cloacae_acrA,0.39086569437927476,-4.692307524222155,21.260942862568008
factor(Smoking.status)3,4.895928798908099,5.700527651396062,0.8588553723985681,0.39086569437927476,Smoking.status,Enterobacter_cloacae_acrA,0.39086569437927476,-6.277105397828181,16.06896299564438
factor(Region)HK,-8.260121568627454,4.33736545236335,-1.9044098680056272,0.05745939955014901,Region,Enterobacter_cloacae_acrA,0.11491879910029802,-16.761357855259618,0.2411147180047113
factor(Region)KM,-5.158123076923074,4.315359397387048,-1.1952939725127691,0.23256735810597362,Region,Enterobacter_cloacae_acrA,0.23256735810597362,-13.616227495801688,3.29998134195554
BMI,-0.7181156150365429,0.3986614832186214,-1.8013167694024168,0.07228568647035304,BMI,Enterobacter_cloacae_acrA,0.07228568647035304,-1.4994921221450408,0.06326089207195507
factor(Alcohol.Consumption)2,-5.689676230191828,5.896142109206732,-0.964982886234626,0.33504544293930427,Alcohol.Consumption,Enterobacter_cloacae_acrA,0.5303587713167788,-17.24611476423702,5.866762303853366
factor(Alcohol.Consumption)3,2.3900852671343764,3.8063533787243653,0.6279199615289983,0.5303587713167788,Alcohol.Consumption,Enterobacter_cloacae_acrA,0.5303587713167788,-5.070367355165379,9.850537889434133
Age.at.enrolment,-0.22631649655271188,0.16124605623996677,-1.4035474840755617,0.16110566373752708,Age.at.enrolment,Escherichia_coli_UhpT_with_mutation_conferring_resistance_to_fosfomycin,0.16110566373752708,-0.5423587667830467,0.089725773677623
factor(Gender)2,4.6925884017467245,4.329219076345644,1.083934150476812,0.27894156538443415,Gender,Escherichia_coli_UhpT_with_mutation_conferring_resistance_to_fosfomycin,0.27894156538443415,-3.792680987890736,13.177857791384184
factor(Smoking.status)2,9.140382142857149,8.05430174567748,1.1348447614049895,0.25702880162665886,Smoking.status,Escherichia_coli_UhpT_with_mutation_conferring_resistance_to_fosfomycin,0.3331562509033742,-6.646049278670711,24.926813564385007
factor(Smoking.status)3,6.7184248180163815,6.9348530526327705,0.9687912298971896,0.3331562509033742,Smoking.status,Escherichia_coli_UhpT_with_mutation_conferring_resistance_to_fosfomycin,0.3331562509033742,-6.873887165143848,20.31073680117661
factor(Region)HK,-9.372652287581703,5.2676280945865255,-1.779292713776407,0.07582978393514161,Region,Escherichia_coli_UhpT_with_mutation_conferring_resistance_to_fosfomycin,0.15165956787028323,-19.697203352971293,0.9518987778078873
factor(Region)KM,-2.318403544494723,5.2409022595796975,-0.442367254656768,0.6584244013018984,Region,Escherichia_coli_UhpT_with_mutation_conferring_resistance_to_fosfomycin,0.6584244013018984,-12.59057197327093,7.953764884281483
BMI,-1.066976521499561,0.4831496187879846,-2.208377032721557,0.027693856860706082,BMI,Escherichia_coli_UhpT_with_mutation_conferring_resistance_to_fosfomycin,0.027693856860706082,-2.013949774324011,-0.12000326867511113
factor(Alcohol.Consumption)2,-4.999590325271059,7.154548332917526,-0.6987988748735304,0.485020451616204,Alcohol.Consumption,Escherichia_coli_UhpT_with_mutation_conferring_resistance_to_fosfomycin,0.485020451616204,-19.02250505778941,9.02332440724729
factor(Alcohol.Consumption)3,4.954892651556036,4.618738611765124,1.0727804857661007,0.28391547647928583,Alcohol.Consumption,Escherichia_coli_UhpT_with_mutation_conferring_resistance_to_fosfomycin,0.485020451616204,-4.097835027503607,14.00762033061568
Age.at.enrolment,0.012308303579827148,0.043896564021806285,0.2803933258583248,0.7792975761964269,Age.at.enrolment,golS,0.7792975761964269,-0.07372896190291317,0.09834556906256747
factor(Gender)2,1.1337650829694308,1.1781270721793484,0.9623453273780943,0.3363637514192013,Gender,golS,0.3363637514192013,-1.1753639785020922,3.4428941444409538
factor(Smoking.status)2,4.029877443609024,2.1735120881072896,1.8540855906250198,0.06436402218318517,Smoking.status,golS,0.12872804436637034,-0.23020624908126308,8.289961136299311
factor(Smoking.status)3,2.4482747952684254,1.8714206910902385,1.308243949062104,0.19144107295958795,Smoking.status,golS,0.19144107295958795,-1.2197097592684418,6.116259349805293
factor(Region)HK,-2.5280222222222237,1.4322563420788998,-1.7650626832294805,0.07819440706033784,Region,golS,0.09984179903160142,-5.3352446526968675,0.2792002082524201
factor(Region)KM,-2.349568853695326,1.424989647088564,-1.648832227304806,0.09984179903160142,Region,golS,0.09984179903160142,-5.142548561988911,0.4434108545982589
BMI,-0.21858736682130814,0.13173806026132379,-1.6592575174380486,0.09772258718354813,BMI,golS,0.09772258718354813,-0.47679396493350273,0.03961923129088646
factor(Alcohol.Consumption)2,-0.9188723936613822,1.946867909353165,-0.47197469805060993,0.6371620444815498,Alcohol.Consumption,golS,0.6371620444815498,-4.734733495993585,2.896988708670821
factor(Alcohol.Consumption)3,0.7419876776398646,1.2568332152519075,0.5903628807989036,0.5552287387259269,Alcohol.Consumption,golS,0.6371620444815498,-1.721405424253874,3.2053807795336033
Age.at.enrolment,-0.012345188840751127,0.03354349832975671,-0.3680352215916492,0.713010574190863,Age.at.enrolment,Klebsiella_mutant_PhoP_conferring_antibiotic_resistance_to_colistin,0.713010574190863,-0.07809044556707428,0.05340006788557203
factor(Gender)2,1.395501694323144,0.8988230107773796,1.552587859445425,0.12118483160318592,Gender,Klebsiella_mutant_PhoP_conferring_antibiotic_resistance_to_colistin,0.12118483160318592,-0.36619140680051987,3.1571947954468076
factor(Smoking.status)2,0.32262124060150593,1.6652456080495857,0.19373793213565366,0.8464662387902475,Smoking.status,Klebsiella_mutant_PhoP_conferring_antibiotic_resistance_to_colistin,0.8464662387902475,-2.9412601511756815,3.5865026323786937
factor(Smoking.status)3,1.3110699499545044,1.43379698861712,0.9144041732288862,0.36098148539056685,Smoking.status,Klebsiella_mutant_PhoP_conferring_antibiotic_resistance_to_colistin,0.7219629707811337,-1.4991721477350508,4.12131204764406
factor(Region)HK,-2.4831346405228767,1.0901230608189842,-2.277848006130019,0.02317815359664702,Region,Klebsiella_mutant_PhoP_conferring_antibiotic_resistance_to_colistin,0.04635630719329404,-4.619775839728086,-0.34649344131766746
factor(Region)KM,0.3456099547511302,1.0845922130564916,0.3186542836935608,0.7501284571124588,Region,Klebsiella_mutant_PhoP_conferring_antibiotic_resistance_to_colistin,0.7501284571124588,-1.7801907828395933,2.4714106923418537
BMI,-0.3606228274071213,0.0995863834657732,-3.621206181576657,3.2470624619412316e-4,BMI,Klebsiella_mutant_PhoP_conferring_antibiotic_resistance_to_colistin,3.2470624619412316e-4,-0.5558121390000368,-0.16543351581420584
factor(Alcohol.Consumption)2,0.13977222685571317,1.4868178194807438,0.09400763498013981,0.9251428156251553,Alcohol.Consumption,Klebsiella_mutant_PhoP_conferring_antibiotic_resistance_to_colistin,0.9251428156251553,-2.7743906993265446,3.053935153037971
factor(Alcohol.Consumption)3,1.1054988756970676,0.9598401676735591,1.1517530865337227,0.25000314392039463,Alcohol.Consumption,Klebsiella_mutant_PhoP_conferring_antibiotic_resistance_to_colistin,0.5000062878407893,-0.7757878529431081,2.9867856043372436
Age.at.enrolment,-0.11449718962724618,0.1158728904180322,-0.9881275008690736,0.3235922183157989,Age.at.enrolment,Klebsiella_pneumoniae_KpnH,0.3235922183157989,-0.3416080548465893,0.11261367559209691
factor(Gender)2,6.342887196506551,3.0978626572755634,2.047504327414194,0.04115578514392639,Gender,Klebsiella_pneumoniae_KpnH,0.04115578514392639,0.2710763882464464,12.414698004766656
factor(Smoking.status)2,7.369170488721797,5.804849347872374,1.269485226420697,0.20490715511995478,Smoking.status,Klebsiella_pneumoniae_KpnH,0.40981431023990955,-4.008334233108056,18.74667521055165
factor(Smoking.status)3,3.082495564149222,4.998046819113804,0.6167400337989981,0.5377100024350956,Smoking.status,Klebsiella_pneumoniae_KpnH,0.5377100024350956,-6.713676201313834,12.878667329612277
factor(Region)HK,-9.962203921568628,3.7667748480876466,-2.644756940178237,0.008445124395939566,Region,Klebsiella_pneumoniae_KpnH,0.016890248791879132,-17.345082623820417,-2.579325219316841
factor(Region)KM,-5.594007843137252,3.7476637412877345,-1.4926653588230132,0.13618728971791952,Region,Klebsiella_pneumoniae_KpnH,0.13618728971791952,-12.939428776061211,1.7514130897867073
BMI,-0.621768650443189,0.347414615112894,-1.7897020545354498,0.07413738027172395,BMI,Klebsiella_pneumoniae_KpnH,0.07413738027172395,-1.3027012960644613,0.05916399517808324
factor(Alcohol.Consumption)2,-4.97831242702252,5.142254478696373,-0.9681186428339864,0.33347882876695967,Alcohol.Consumption,Klebsiella_pneumoniae_KpnH,0.6669576575339193,-15.05713120526741,5.1005063512223705
factor(Alcohol.Consumption)3,0.6271134196798004,3.3196685810342217,0.18890844202418158,0.850245433325736,Alcohol.Consumption,Klebsiella_pneumoniae_KpnH,0.850245433325736,-5.8794369991472735,7.133663838506875
Age.at.enrolment,-0.06070320070736009,0.17191721273905275,-0.35309553790579074,0.7241731304011836,Age.at.enrolment,lmrD,0.7241731304011836,-0.39766093767590344,0.2762545362611833
factor(Gender)2,2.9496145152838396,4.610971602419184,0.6396947909495474,0.52267814932369006,Gender,lmrD,0.52267814932369006,-6.087889825457761,11.98711885602544
factor(Smoking.status)2,11.183186842105258,8.583260556986758,1.302906601501473,0.19325566520807552,Smoking.status,lmrD,0.25645355682380977,-5.640003849588787,28.006377533799302
factor(Smoking.status)3,8.396998407643302,7.390293107295957,1.1362199422582429,0.25645355682380977,Smoking.status,lmrD,0.25645355682380977,-6.087976082656773,22.881972897943378
factor(Region)HK,-8.551398692810457,5.611820510630007,-1.5238189953887957,0.12821801003583,Region,lmrD,0.25643602007166,-19.55056689364527,2.4477695080243578
factor(Region)KM,-5.201895927601812,5.58334838117023,-0.9316803417005356,0.3519740473288846,Region,lmrD,0.3519740473288846,-16.145258754695462,5.741466899491837
BMI,-1.06691766787012,0.5145060442703938,-2.073673729884136,0.0386468299878262,BMI,lmrD,0.0386468299878262,-2.0753495146400915,-0.058485821100148216
factor(Alcohol.Consumption)2,-6.1107010008340215,7.61647459270438,-0.8023004510101432,0.42278124039839615,Alcohol.Consumption,lmrD,0.42278124039839615,-21.038991202534604,8.817589200866562
factor(Alcohol.Consumption)3,4.1803604964921846,4.916942852282957,0.8501950545451684,0.39564589018661744,Alcohol.Consumption,lmrD,0.42278124039839615,-5.45684749398241,13.81756848696678
Age.at.enrolment,0.059684445882036655,0.19088222154018347,0.31267681924726665,0.7546631472487806,Age.at.enrolment,LpxA,0.7546631472487806,-0.31444470833672294,0.4338136001007962
factor(Gender)2,2.6371527161572006,5.122688631961544,0.5147985570904006,0.6069322478068483,Gender,LpxA,0.6069322478068483,-7.403317002487424,12.677622434801826
factor(Smoking.status)2,10.429676315789482,9.523718141177177,1.0951265210900418,0.27403178869628875,Smoking.status,LpxA,0.27403178869628875,-8.236811240917785,29.09616387249675
factor(Smoking.status)3,11.926042993630583,8.200038676127509,1.4543886272573887,0.14651761225075033,Smoking.status,LpxA,0.27403178869628875,-4.1460328115793335,27.9981187988405
factor(Region)HK,-11.62842875816993,6.212903340319107,-1.8716577614698044,0.061867037333331966,Region,LpxA,0.12373407466666393,-23.80571930519538,0.5488617888555201
factor(Region)KM,2.325714781297135,6.181381557344834,0.3762451419187474,0.7069022974209878,Region,LpxA,0.7069022974209878,-9.78979307109874,14.44122263369301
BMI,-1.2148096941599356,0.5713700252060643,-2.1261347998117595,0.03400605335224069,BMI,LpxA,0.03400605335224069,-2.3346949435638216,-0.09492444475604955
factor(Alcohol.Consumption)2,-3.7152628023352756,8.450846849663575,-0.4396320118478042,0.6604040193212262,Alcohol.Consumption,LpxA,0.6604040193212262,-20.278922627675882,12.848397023005333
factor(Alcohol.Consumption)3,7.217287821550641,5.455585849783198,1.3229171018979478,0.18650079244239423,Alcohol.Consumption,LpxA,0.37300158488478846,-3.4756604440244265,17.910236087125707
Age.at.enrolment,-0.07776802084212031,0.1341809706274393,-0.5795756319131675,0.5624750286725921,Age.at.enrolment,mtrA,0.5624750286725921,-0.3407627232719013,0.1852266815876607
factor(Gender)2,4.615683598253275,3.5950143549080384,1.283912424981498,0.19979589244247314,Gender,mtrA,0.19979589244247314,-2.4305445373664805,11.66191173387303
factor(Smoking.status)2,4.048548120300762,6.6684507514146265,0.607119745083506,0.5440697013627656,Smoking.status,mtrA,0.5440697013627656,-9.021615352471906,17.118711593073428
factor(Smoking.status)3,7.470496360327577,5.741618269342501,1.3011133812598548,0.1938681602796988,Smoking.status,mtrA,0.3877363205593976,-3.783075447583724,18.72406816823888
factor(Region)HK,-7.958852941176471,4.375278610940942,-1.8190505448668675,0.06953187744669412,Region,mtrA,0.13906375489338824,-16.534399018620718,0.6166931362677746
factor(Region)KM,-1.5924532428355995,4.3530801997841095,-0.3658221695328694,0.7146602942717881,Region,mtrA,0.7146602942717881,-10.124490434412454,6.939583948741255
BMI,-1.103171924787414,0.4002649054756654,-2.756104544005502,0.006073929310036908,BMI,mtrA,0.006073929310036908,-1.8876911395197182,-0.31865271005511
factor(Alcohol.Consumption)2,-2.9019411175979966,5.948342562002765,-0.4878570941988475,0.6258766438582236,Alcohol.Consumption,mtrA,0.6258766438582236,-14.560692539123414,8.756810303927422
factor(Alcohol.Consumption)3,3.6723937308868484,3.8400522560904418,0.9563395198756263,0.3393882209070229,Alcohol.Consumption,mtrA,0.6258766438582236,-3.854108691050417,11.198896152824114
Age.at.enrolment,0.005327442913867267,0.18888713544012187,0.02820437136416891,0.9775109715912655,Age.at.enrolment,OprN,0.9775109715912655,-0.3648913425487716,0.37554622837650614
factor(Gender)2,-2.4819205240174895,5.067207950366544,-0.48980040849477197,0.6245003241333975,Gender,OprN,0.6245003241333975,-12.413648106735916,7.449807058700937
factor(Smoking.status)2,17.755234962405993,9.412234033382273,1.8863996474624074,0.059868013434209506,Smoking.status,OprN,0.11973602686841901,-0.6927437430232608,36.20321366783524
factor(Smoking.status)3,1.5488705641491909,8.104049485546657,0.1911230387859252,0.8485131593186874,Smoking.status,OprN,0.8485131593186874,-14.335066427522257,17.432807555820638
factor(Region)HK,-2.458399999999977,6.162024092337622,-0.3989598163137593,0.6901017319269288,Region,OprN,0.6901017319269288,-14.535967220981714,9.619167220981762
factor(Region)KM,-10.24098521870281,6.130760450287956,-1.670426581130209,0.09549235184943122,Region,OprN,0.19098470369886245,-22.257275701267204,1.7753052638615827
BMI,0.2699317176613275,0.567751515687534,0.47543988911143004,0.6346915664919865,BMI,OprN,0.6346915664919865,-0.842861253086239,1.382724688408894
factor(Alcohol.Consumption)2,-7.9976479566305,8.375278868316022,-0.9549112432406146,0.34010931673203415,Alcohol.Consumption,OprN,0.5086033308352109,-24.4131945385299,8.417898625268903
factor(Alcohol.Consumption)3,-3.57668209210286,5.406801672638537,-0.6615153113906299,0.5086033308352109,Alcohol.Consumption,OprN,0.5086033308352109,-14.174013370474391,7.02064918626867
Age.at.enrolment,-0.05010940217269272,0.10000422373041537,-0.5010728577602308,0.6165514784754936,Age.at.enrolment,Pseudomonas_aeruginosa_CpxR,0.6165514784754936,-0.24611768068430684,0.1458988763389214
factor(Gender)2,0.6508631441047996,2.683153123512695,0.24257398446671996,0.808439702214919,Gender,Pseudomonas_aeruginosa_CpxR,0.808439702214919,-4.608116977980083,5.909843266189681
factor(Smoking.status)2,6.068822180451147,4.991918407051655,1.2157294421876454,0.22470884484710382,Smoking.status,Pseudomonas_aeruginosa_CpxR,0.4333906578618766,-3.7153378973700955,15.852982258272391
factor(Smoking.status)3,3.3700884895359597,4.2981032616780865,0.7840873716515115,0.4333906578618766,Smoking.status,Pseudomonas_aeruginosa_CpxR,0.4333906578618766,-5.05419390335309,11.794370882425008
factor(Region)HK,-5.414767320261439,3.2625301722410756,-1.6596834464037962,0.09763677866783695,Region,Pseudomonas_aeruginosa_CpxR,0.1952735573356739,-11.809326457853947,0.9797918173310691
factor(Region)KM,-3.6984259426847617,3.2459774009515225,-1.1393874589516886,0.255114628456082,Region,Pseudomonas_aeruginosa_CpxR,0.255114628456082,-10.060541648549746,2.6636897631802228
BMI,-0.5467926660586799,0.2995638923046425,-1.8252956384430248,0.06858291523864775,BMI,Pseudomonas_aeruginosa_CpxR,0.06858291523864775,-1.1339378949757792,0.04035256285841926
factor(Alcohol.Consumption)2,-4.0789744787322775,4.4300648004590455,-0.9207482649711156,0.3576502354368657,Alcohol.Consumption,Pseudomonas_aeruginosa_CpxR,0.4146017029592197,-12.761901487632006,4.603952530167451
factor(Alcohol.Consumption)3,2.3352240061162073,2.8599025954386024,0.8165396995830451,0.4146017029592197,Alcohol.Consumption,Pseudomonas_aeruginosa_CpxR,0.4146017029592197,-3.2701850809434534,7.940633093175868
Age.at.enrolment,0.14755933754779815,0.27336442705961383,0.539789829770423,0.5895944063480469,Age.at.enrolment,PvrR,0.5895944063480469,-0.388234939489045,0.6833536145846413
factor(Gender)2,2.315003860262007,7.334398541583779,0.31563649659023146,0.7524164827333781,Gender,PvrR,0.7524164827333781,-12.0604172812422,16.690425001766215
factor(Smoking.status)2,1.9379851503759364,13.638858709159582,0.14209291200255816,0.8870685591628158,Smoking.status,PvrR,0.8870685591628158,-24.794177919576843,28.670148220328716
factor(Smoking.status)3,18.67074465423112,11.743225414220754,1.5899162279233194,0.11253771970799023,Smoking.status,PvrR,0.22507543941598046,-4.345977157641556,41.6874664661038
factor(Region)HK,-12.783964705882356,8.849823939457126,-1.444544523522641,0.14924378222162507,Region,PvrR,0.14924378222162507,-30.129619627218325,4.561690215453611
factor(Region)KM,16.235578657616877,8.804923477579704,1.843920472330977,0.06581603943144192,Region,PvrR,0.13163207886288383,-1.0220713584393444,33.4932286736731
BMI,-1.6300139959913333,0.8184482110622509,-1.9915908837723089,0.04698695576273236,BMI,PvrR,0.04698695576273236,-3.234172489673345,-0.025855502309321654
factor(Alcohol.Consumption)2,3.5717392827356123,12.11739623856244,0.29476128471964114,0.7683052957734993,Alcohol.Consumption,PvrR,0.7683052957734993,-20.17835734484677,27.321835910317997
factor(Alcohol.Consumption)3,9.930517179348799,7.822588272079396,1.2694669377900256,0.20489749779693142,Alcohol.Consumption,PvrR,0.40979499559386284,-5.401755833926817,25.262790192624415
Age.at.enrolment,-0.004265836898150654,0.1082657798769238,-0.03940152560670642,0.9685867835298586,Age.at.enrolment,RanB,0.9685867835298586,-0.2164667654569213,0.20793509166062
factor(Gender)2,3.567378410480345,2.9021539291734424,1.229217504495485,0.2195962835664114,Gender,RanB,0.2195962835664114,-2.1208432906996024,9.255600111660293
factor(Smoking.status)2,6.987760902255642,5.405025772451946,1.292826564837211,0.196717194480332,Smoking.status,RanB,0.196717194480332,-3.6060896117501713,17.581611416261456
factor(Smoking.status)3,7.542854868061876,4.653793793827416,1.6207969674260991,0.10574346621486985,Smoking.status,RanB,0.196717194480332,-1.5785809678398595,16.664290703963612
factor(Region)HK,-6.316985620915037,3.5303878408433844,-1.7893177479916638,0.07419930753927921,Region,RanB,0.14839861507855842,-13.236545788968069,0.6025745471379969
factor(Region)KM,-0.3318560331825173,3.512476067033563,-0.09447922970839882,0.9247682381018174,Region,RanB,0.9247682381018174,-7.2163091245683,6.552597058203266
BMI,-0.5027749713860776,0.32484029852140933,-1.5477604646793572,0.12234455128407117,BMI,RanB,0.12234455128407117,-1.13946195648804,0.13391201371588468
factor(Alcohol.Consumption)2,-2.118493911592995,4.802809699275573,-0.44109470169358067,0.6593455608037664,Alcohol.Consumption,RanB,0.6904203896437436,-11.532000922173118,7.29501309898713
factor(Alcohol.Consumption)3,1.2356501169275034,3.1005343133880614,0.39852812194078435,0.6904203896437436,Alcohol.Consumption,RanB,0.6904203896437436,-4.841397137313097,7.312697371168104
Age.at.enrolment,-0.004424845258909106,0.16735548767054623,-0.02643979782497361,0.978917631895182,Age.at.enrolment,rosB,0.978917631895182,-0.3324416010931797,0.32359191057536146
factor(Gender)2,-0.21945489956332304,4.489567861070292,-0.04888107415999856,0.9610345314675883,Gender,rosB,0.9610345314675883,-9.019007907261093,8.580098108134449
factor(Smoking.status)2,12.142332706766942,8.320968432445722,1.4592451353884097,0.14517721115508872,Smoking.status,rosB,0.16586129282415615,-4.166765420826673,28.451430834360558
factor(Smoking.status)3,9.942964285714309,7.164456355956075,1.3878183900790126,0.16586129282415615,Smoking.status,rosB,0.16586129282415615,-4.099370171959597,23.985298743388213
factor(Region)HK,-3.890835947712417,5.471115067439879,-0.7111595899102652,0.4773336804141489,Region,rosB,0.9318732053179378,-14.614221479894578,6.832549584469745
factor(Region)KM,0.4655895173453984,5.443356821039371,0.08553352878610249,0.9318732053179378,Region,rosB,0.9318732053179378,-10.20338985189177,11.134568886582565
BMI,-0.7866816815490429,0.5016985905021136,-1.5680364594241942,0.11753712399441035,BMI,rosB,0.11753712399441035,-1.7700109189331856,0.19664755583509974
factor(Alcohol.Consumption)2,-1.5986176814011674,7.4143890609811995,-0.21561016939534744,0.8293843734606057,Alcohol.Consumption,rosB,0.8293843734606057,-16.13082024092432,12.933584878121984
factor(Alcohol.Consumption)3,5.841349163518618,4.786483149613184,1.2203843575612885,0.2229259827852363,Alcohol.Consumption,rosB,0.4458519655704726,-3.5401578097232207,15.222856136760457
Age.at.enrolment,-0.12193703016779166,0.22041008800938516,-0.5532279909193608,0.5803670381095161,Age.at.enrolment,rphB,0.5803670381095161,-0.5539408026661865,0.3100667423306032
factor(Gender)2,3.2376291877729138,5.912502580574856,0.547590321298114,0.5842293617814003,Gender,rphB,0.5842293617814003,-8.350875870153804,14.826134245699631
factor(Smoking.status)2,15.592136090225583,10.991008094482476,1.41862656784439,0.15668213894794208,Smoking.status,rphB,0.27851554080812846,-5.9502397749600675,37.134511955411234
factor(Smoking.status)3,10.26718198362149,9.463393406689661,1.0849366123111432,0.27851554080812846,Smoking.status,rphB,0.27851554080812846,-8.281069093490245,28.815433060733227
factor(Region)HK,-8.69571437908498,7.201561587958048,-1.207476222049583,0.2278484324109335,Region,rphB,0.43809627572546506,-22.810775091482753,5.419346333312795
factor(Region)KM,-5.560521191553558,7.1650237490416915,-0.776064586289371,0.43809627572546506,Region,rphB,0.43809627572546506,-19.603967739675273,8.482925356568156
BMI,-1.1128864434187642,0.6606351346677634,-1.6845704762257918,0.09272697650939256,BMI,rphB,0.09272697650939256,-2.4077313073675803,0.18195842053005196
factor(Alcohol.Consumption)2,-8.867617764804002,9.758721789494373,-0.9086863993141318,0.3639774633656717,Alcohol.Consumption,rphB,0.3639774633656717,-27.994712472212974,10.25947694260497
factor(Alcohol.Consumption)3,6.593055675481203,6.299906441785288,1.0465323154248052,0.29584869764660265,Alcohol.Consumption,rphB,0.3639774633656717,-5.754760950417962,18.940872301380367
Age.at.enrolment,-0.4600997787011543,0.4647541917340378,-0.9899852155921015,0.32268430857551555,Age.at.enrolment,smeS,0.32268430857551555,-1.3710179944998684,0.4508184370975598
factor(Gender)2,12.05514658515283,12.467895246380214,0.9668950810805683,0.33408645195105513,Gender,smeS,0.33408645195105513,-12.38192809775239,36.492221268058046
factor(Smoking.status)2,27.713855263157914,23.09132314953891,1.2001848089727725,0.2306826282123458,Smoking.status,smeS,0.36828165520063105,-17.545138109938346,72.97284863625417
factor(Smoking.status)3,17.90522452229301,19.88191377593342,0.9005785219714038,0.36828165520063105,Smoking.status,smeS,0.36828165520063105,-21.06332647853649,56.87377552312251
factor(Region)HK,-28.056116339869273,15.16550324020801,-1.8499957367378768,0.0649337210501024,Region,smeS,0.1298674421002048,-57.78050269067697,1.668270010938425
factor(Region)KM,-15.499301357466068,15.08855955129993,-1.0272220687978628,0.3048376144685787,Region,smeS,0.3048376144685787,-45.07287807801393,14.074275363081794
BMI,-2.8268965529322667,1.39220845234881,-2.0305124194318593,0.04285987986675513,BMI,smeS,0.04285987986675513,-5.555625119535934,-0.09816798632859891
factor(Alcohol.Consumption)2,-18.74118348623853,20.594625178339424,-0.9100036210394221,0.363283099728281,Alcohol.Consumption,smeS,0.363283099728281,-59.1066488357838,21.624281863306738
factor(Alcohol.Consumption)3,12.870105729447738,13.295205522392134,0.968026083370548,0.33352500316456235,Alcohol.Consumption,smeS,0.363283099728281,-13.188497094440843,38.92870855333632
Age.at.enrolment,-0.1453502367313845,0.6706507619818957,-0.21673014476543345,0.8285115100540545,Age.at.enrolment,Staphylococcus_aureus_rpoB_mutants_conferring_resistance_to_rifampicin,0.8285115100540545,-1.4598257302159001,1.169125256753131
factor(Gender)2,37.61949477729257,17.90852256606387,2.1006475904707194,0.03619622681903339,Gender,Staphylococcus_aureus_rpoB_mutants_conferring_resistance_to_rifampicin,0.03619622681903339,2.5187905478073915,72.72019900677776
factor(Smoking.status)2,11.760894360902236,33.44902256398412,0.35160651819959765,0.7252936792924305,Smoking.status,Staphylococcus_aureus_rpoB_mutants_conferring_resistance_to_rifampicin,0.7252936792924305,-53.79918986450665,77.32097858631113
factor(Smoking.status)3,24.994758189262956,28.800020605127735,0.8678729273135567,0.38591446776883664,Smoking.status,Staphylococcus_aureus_rpoB_mutants_conferring_resistance_to_rifampicin,0.7252936792924305,-31.453282196787402,81.44279857531332
factor(Region)HK,-43.261269934640566,21.823736939790297,-1.982303491560335,0.04801986921965954,Region,Staphylococcus_aureus_rpoB_mutants_conferring_resistance_to_rifampicin,0.09603973843931908,-86.03579433662955,-0.4867455326515824
factor(Region)KM,0.6069614630467289,21.71301204004184,0.027953812300541576,0.9777107049089435,Region,Staphylococcus_aureus_rpoB_mutants_conferring_resistance_to_rifampicin,0.9777107049089435,-41.95054213543527,43.16446506152873
BMI,-4.215971139471046,2.00639148528202,-2.1012704501576596,0.03614237332581078,BMI,Staphylococcus_aureus_rpoB_mutants_conferring_resistance_to_rifampicin,0.03614237332581078,-8.148498450623805,-0.2834438283182865
factor(Alcohol.Consumption)2,-2.995690158465387,29.76397983917517,-0.10064817187258264,0.9198723120651958,Alcohol.Consumption,Staphylococcus_aureus_rpoB_mutants_conferring_resistance_to_rifampicin,0.9198723120651958,-61.333090643248724,55.34171032631795
factor(Alcohol.Consumption)3,7.2913766864544005,19.21463613440122,0.3794699329955133,0.7045088718855981,Alcohol.Consumption,Staphylococcus_aureus_rpoB_mutants_conferring_resistance_to_rifampicin,0.9198723120651958,-30.369310136971997,44.952063509880794
Age.at.enrolment,-0.07696904617442349,0.09759170053718788,-0.7886843425286353,0.4306891418051211,Age.at.enrolment,Streptomyces_venezuelae_rox,0.4306891418051211,-0.2682487792273117,0.11431068687846477
factor(Gender)2,1.5613513013100364,2.6194776980841454,0.5960544357571702,0.5514215929707724,Gender,Streptomyces_venezuelae_rox,0.5514215929707724,-3.5728249869348883,6.6955275895549615
factor(Smoking.status)2,2.0288379699248216,4.860489028644014,0.4174143708520683,0.6765692505815208,Smoking.status,Streptomyces_venezuelae_rox,0.6765692505815208,-7.497720526217445,11.555396466067087
factor(Smoking.status)3,7.702422884440413,4.184940947322903,1.8405093360678446,0.06633463642767456,Smoking.status,Streptomyces_venezuelae_rox,0.13266927285534913,-0.5000613723124765,15.904907141193302
factor(Region)HK,-3.5201098039215624,3.1582633863696983,-1.1145713239476815,0.26559659834312965,Region,Streptomyces_venezuelae_rox,0.26559659834312965,-9.71030604120617,2.670086433363046
factor(Region)KM,7.135069683257923,3.1422396229876615,2.270695599107064,0.02361139123821646,Region,Streptomyces_venezuelae_rox,0.04722278247643292,0.9762800222021069,13.293859344313738
BMI,-0.7762721385124034,0.29143379573189976,-2.663631156993623,0.007992340249617327,BMI,Streptomyces_venezuelae_rox,0.007992340249617327,-1.347482378146927,-0.20506189887787984
factor(Alcohol.Consumption)2,2.136337364470392,4.300592723562896,0.49675416896964575,0.6195927223582054,Alcohol.Consumption,Streptomyces_venezuelae_rox,0.6195927223582054,-6.292824373712883,10.565499102653668
factor(Alcohol.Consumption)3,7.587257150566645,2.776319725789888,2.732847042106435,0.0065136045611051,Alcohol.Consumption,Streptomyces_venezuelae_rox,0.0130272091222102,2.145670488018464,13.028843813114825
Age.at.enrolment,-0.039432790995602075,0.023609537548937697,-1.670205988315783,0.09553600056750226,Age.at.enrolment,TolC,0.09553600056750226,-0.08570748459151996,0.006841902600315808
factor(Gender)2,-0.4634538689956331,0.6348442682194381,-0.7300276496084506,0.4657316453333237,Gender,TolC,0.4657316453333237,-1.7077486347057318,0.7808408967144655
factor(Smoking.status)2,-0.05368646616541361,1.185551739239615,-0.04528395040763623,0.9639005463372704,Smoking.status,TolC,0.9639005463372704,-2.377367875075059,2.2699949427442316
factor(Smoking.status)3,0.9095427661510466,1.0207746565159734,0.8910318847995554,0.3733758550501942,Smoking.status,TolC,0.7467517101003884,-1.091175560620261,2.9102610929223545
factor(Region)HK,-0.8540026143790851,0.7734781958849833,-1.104106901684499,0.27010459137757087,Region,TolC,0.5402091827551417,-2.370019878313652,0.6620146495554822
factor(Region)KM,-0.0672687028657612,0.7695538773352654,-0.08741259689145167,0.9303803171131696,Region,TolC,0.9303803171131696,-1.5755943024428813,1.4410568967113588
BMI,-0.06548722265871096,0.07110564013749844,-0.92098492513501,0.35752482317871415,BMI,TolC,0.35752482317871415,-0.2048542773282079,0.07387983201078599
factor(Alcohol.Consumption)2,-0.7300321934945785,1.049865460850779,-0.6953578536653474,0.48717181608118987,Alcohol.Consumption,TolC,0.599503797129807,-2.787768496762105,1.3277041097729478
factor(Alcohol.Consumption)3,0.35614008814535036,0.6777582476981748,0.5254677303520617,0.599503797129807,Alcohol.Consumption,TolC,0.599503797129807,-0.9722660773430724,1.6845462536337732
Age.at.enrolment,-0.025918224511581073,0.019358335108755637,-1.3388664038499078,0.18125321021052382,Age.at.enrolment,vanD,0.18125321021052382,-0.06386056132474212,0.012024112301579973
factor(Gender)2,0.40055769432314314,0.520078718875951,0.7701866655664563,0.441570439876911,Gender,vanD,0.441570439876911,-0.618796594673721,1.4199119833200071
factor(Smoking.status)2,0.9166548872180474,0.9718860784308597,0.9431711262888087,0.34608632445371734,Smoking.status,vanD,0.38863281497987956,-0.9882418265064375,2.8215516009425325
factor(Smoking.status)3,0.7220909918107384,0.8368058896520298,0.8629133718346635,0.38863281497987956,Smoking.status,vanD,0.38863281497987956,-0.91804855190724,2.3622305355287168
factor(Region)HK,-0.5538392156862751,0.6330684293112369,-0.8748488947535085,0.3820973306675509,Region,vanD,0.3820973306675509,-1.7946533371362992,0.686974905763749
factor(Region)KM,-0.9719297134238315,0.6298564936760709,-1.5430970755755764,0.12347174999968967,Region,vanD,0.24694349999937934,-2.2064484410289302,0.26258901418126734
BMI,-0.13202198516757543,0.05798958273344326,-2.276650028237517,0.023250231491017407,BMI,vanD,0.023250231491017407,-0.24568156732512422,-0.018362403010026646
factor(Alcohol.Consumption)2,-0.9597724770642198,0.8566857686050564,-1.1203319959744629,0.2631396324421006,Alcohol.Consumption,vanD,0.2631396324421006,-2.63887658353013,0.7193316294016907
factor(Alcohol.Consumption)3,0.7756696797985255,0.553047858996338,1.4025362673064097,0.1614097698816621,Alcohol.Consumption,vanD,0.2631396324421006,-0.30830412383429706,1.859643483431348
Age.at.enrolment,-0.038533588669130155,0.22066636585761076,-0.17462375165046537,0.861449531964303,Age.at.enrolment,vanH_gene_in_vanP_cluster,0.861449531964303,-0.47103966575004724,0.39397248841178695
factor(Gender)2,-1.3677461484716302,5.920751849728963,-0.23100886225019585,0.8174069689815752,Gender,vanH_gene_in_vanP_cluster,0.8174069689815752,-12.972419773940397,10.236927476997137
factor(Smoking.status)2,12.591770676691741,10.835079381134289,1.1621299885090044,0.2457826549593988,Smoking.status,vanH_gene_in_vanP_cluster,0.2457826549593988,-8.644984910331466,33.82852626371495
factor(Smoking.status)3,11.995887170154704,9.32913686305618,1.285851772381964,0.19913889418992717,Smoking.status,vanH_gene_in_vanP_cluster,0.2457826549593988,-6.2892210814354055,30.280995421744812
factor(Region)HK,-5.4020483660130765,7.214122138900132,-0.7488157619184245,0.45433811393647316,Region,vanH_gene_in_vanP_cluster,0.8581428711981632,-19.541727758257334,8.737631026231181
factor(Region)KM,1.283596304675708,7.177520572779415,0.17883561484222252,0.8581428711981632,Region,vanH_gene_in_vanP_cluster,0.8581428711981632,-12.784344017971947,15.351536627323362
BMI,-1.091350253741747,0.6615082530600916,-1.649790835856145,0.0996454145416021,BMI,vanH_gene_in_vanP_cluster,0.0996454145416021,-2.3879064297395267,0.2052059222560325
factor(Alcohol.Consumption)2,-0.8028098415346108,9.784541962500805,-0.08204879130892119,0.934642548997874,Alcohol.Consumption,vanH_gene_in_vanP_cluster,0.934642548997874,-19.98051208803619,18.374892404966968
factor(Alcohol.Consumption)3,6.109775274329909,6.316575087306708,0.9672607686731426,0.3339069481253316,Alcohol.Consumption,vanH_gene_in_vanP_cluster,0.6678138962506632,-6.270711896791239,18.49026244545106
Age.at.enrolment,-0.01196660796678273,0.07904277416878663,-0.15139407861912124,0.8797290004319488,Age.at.enrolment,vanV_gene_in_vanB_cluster,0.8797290004319488,-0.16689044533760453,0.14295722940403907
factor(Gender)2,1.631352262008731,2.1197840992162886,0.7695841584111622,0.4419275289876393,Gender,vanV_gene_in_vanB_cluster,0.4419275289876393,-2.5234245724551947,5.786129096472656
factor(Smoking.status)2,3.500475563909781,3.9238775406741757,0.8920960268572375,0.37280585837321434,Smoking.status,vanV_gene_in_vanB_cluster,0.37280585837321434,-4.190324415811603,11.191275543631164
factor(Smoking.status)3,6.186390582347597,3.3785069147310183,1.831101944877958,0.06772917419675104,Smoking.status,vanV_gene_in_vanB_cluster,0.13545834839350207,-0.43548297052519835,12.808264135220393
factor(Region)HK,-3.87038954248366,2.5652068723462174,-1.5088021103513114,0.13201280446153224,Region,vanV_gene_in_vanB_cluster,0.1632935811380665,-8.898195012282246,1.1574159273149256
factor(Region)KM,3.5634677978883857,2.552192040167924,1.396238112886648,0.1632935811380665,Region,vanV_gene_in_vanB_cluster,0.1632935811380665,-1.4388286008407452,8.565764196617517
BMI,-0.6501145595121446,0.23574771353326926,-2.757670688587183,0.006045371185342664,BMI,vanV_gene_in_vanB_cluster,0.006045371185342664,-1.1121800780373523,-0.18804904098693687
factor(Alcohol.Consumption)2,0.4271495412844096,3.49365596786031,0.12226434005349913,0.902741490930044,Alcohol.Consumption,vanV_gene_in_vanB_cluster,0.902741490930044,-6.4204161557217985,7.274715238290617
factor(Alcohol.Consumption)3,4.434351502068721,2.255388176041564,1.9661145470095795,0.0498685600881351,Alcohol.Consumption,vanV_gene_in_vanB_cluster,0.0997371201762702,0.013790677027255782,8.854912327110187
Age.at.enrolment,-0.09414967329503215,0.11220263910474564,-0.8391039109796667,0.40183220387197527,Age.at.enrolment,vanXY_gene_in_vanG_cluster,0.40183220387197527,-0.31406684594033363,0.1257674993502693
factor(Gender)2,1.4080702008733597,3.0137737961434445,0.46721164099149953,0.6405618132670621,Gender,vanXY_gene_in_vanG_cluster,0.6405618132670621,-4.498926439567791,7.315066841314511
factor(Smoking.status)2,7.4230806390977575,5.604223852594386,1.3245510590483212,0.18597492208019842,Smoking.status,vanXY_gene_in_vanG_cluster,0.18867029335876828,-3.561198111987239,18.407359390182755
factor(Smoking.status)3,6.352352479526859,4.825305795460054,1.3164663026130998,0.18867029335876828,Smoking.status,vanXY_gene_in_vanG_cluster,0.18867029335876828,-3.105246879574846,15.809951838628564
factor(Region)HK,-4.262183006535944,3.671090890630317,-1.1610126617715362,0.24621865318455408,Region,vanXY_gene_in_vanG_cluster,0.49243730636910815,-11.457521152171365,2.933155139099478
factor(Region)KM,-2.4340045248868685,3.652465245904394,-0.6664004613366773,0.5054780190740666,Region,vanXY_gene_in_vanG_cluster,0.5054780190740666,-9.592836406859481,4.7248273570857435
BMI,-0.6518645324778887,0.336381344170603,-1.937873618066291,0.05322968859035384,BMI,vanXY_gene_in_vanG_cluster,0.05322968859035384,-1.3111719670522706,0.007442902096493231
factor(Alcohol.Consumption)2,-3.450305421184321,4.9715153607031,-0.6940148366948541,0.48801288567292,Alcohol.Consumption,vanXY_gene_in_vanG_cluster,0.48801288567292,-13.194475528162398,6.293864685793755
factor(Alcohol.Consumption)3,3.6120997481561394,3.209445081224183,1.1254592793276186,0.2609640010463533,Alcohol.Consumption,vanXY_gene_in_vanG_cluster,0.48801288567292,-2.6784126110432593,9.902612107355537
