term,estimate,std.error,statistic,p.value,metadata_var,arg_gene,fdr
factor(cd_site1)2,-3.9332918370966485,3.414844735032949,-1.15182157383173,0.2505799702441054,cd_site1,Enterococcus_faecium_liaR_mutant_conferring_daptomycin_resistance,0.3758699553661581
factor(cd_site1)3,-5.488121699630853,2.5769112178411913,-2.1297286695924784,0.03424719109644596,cd_site1,Enterococcus_faecium_liaR_mutant_conferring_daptomycin_resistance,0.10274157328933788
factor(cd_site1)4,4.349404937355287,14.804748936699356,0.29378444416396604,0.7691852749492795,cd_site1,Enterococcus_faecium_liaR_mutant_conferring_daptomycin_resistance,0.7691852749492795
factor(cd_site_l4)1,0.5746042395726143,3.2629555075476904,0.1760993180089251,0.8603682212286612,cd_site_l4,Enterococcus_faecium_liaR_mutant_conferring_daptomycin_resistance,0.8603682212286612
factor(cd_perianal)1,1.9664030063416345,2.1523188258558266,0.913620687938616,0.36185658061476056,cd_perianal,Enterococcus_faecium_liaR_mutant_conferring_daptomycin_resistance,0.36185658061476056
cdai,0.0028032833238507276,0.014180537188745849,0.19768527006688488,0.8434690039704029,cdai,Enterococcus_faecium_liaR_mutant_conferring_daptomycin_resistance,0.8434690039704029
factor(cd_act)Mild Act,-5.309678354578948,4.333225120266298,-1.2253409890351237,0.2210604569987353,cd_act,Enterococcus_faecium_liaR_mutant_conferring_daptomycin_resistance,0.2865876891693643
factor(cd_act)Moderate,-6.19674077263207,5.808451218283404,-1.066849068668501,0.2865876891693643,cd_act,Enterococcus_faecium_liaR_mutant_conferring_daptomycin_resistance,0.2865876891693643
factor(cd_act)Remission,-8.096406197905953,2.2456351045416345,-3.6053970573988434,3.449971999072455e-4,cd_act,Enterococcus_faecium_liaR_mutant_conferring_daptomycin_resistance,0.0010349915997217365
factor(cd_behaviour___1)1,2.62278185006862,2.0504706163084134,1.2791121361156461,0.20212453908390676,cd_behaviour___1,Enterococcus_faecium_liaR_mutant_conferring_daptomycin_resistance,0.20212453908390676
factor(cd_behaviour___2)1,1.178300074048601,2.4030053937050444,0.49034433178356435,0.6243497180137665,cd_behaviour___2,Enterococcus_faecium_liaR_mutant_conferring_daptomycin_resistance,0.6243497180137665
factor(cd_behaviour___3)1,-3.231254373023725,2.2419649475026535,-1.4412599878615635,0.15084809100756044,cd_behaviour___3,Enterococcus_faecium_liaR_mutant_conferring_daptomycin_resistance,0.15084809100756044
factor(cd_site1)2,0.31623808388688973,0.5378245024944499,0.5879949359320109,0.5571076098447758,cd_site1,oleC,0.8910525626510843
factor(cd_site1)3,0.14370740527097645,0.4058532967808368,0.35408707138968815,0.7235952301818993,cd_site1,oleC,0.8910525626510843
factor(cd_site1)4,0.31972803082263557,2.3316892419001123,0.1371229171868918,0.8910525626510843,cd_site1,oleC,0.8910525626510843
factor(cd_site_l4)1,-0.4505438177071534,0.508182295332641,-0.8865791308456364,0.3762157844957851,cd_site_l4,oleC,0.3762157844957851
factor(cd_perianal)1,-0.14204400696823435,0.3362188354107266,-0.4224748646062993,0.673066380824219,cd_perianal,oleC,0.673066380824219
cdai,-0.005533749631269293,0.0021822513579682398,-2.5357984592670513,0.011894584708642268,cdai,oleC,0.011894584708642268
factor(cd_act)Mild Act,-2.0001591791315967,0.8134074997906812,-2.4589878746462372,0.014292302277865283,cd_act,oleC,0.021438453416797926
factor(cd_act)Moderate,-1.9991379932254512,1.0903282548195157,-1.8335193868349056,0.06735757576568878,cd_act,oleC,0.06735757576568878
factor(cd_act)Remission,-1.3185400985991258,0.42153739654198746,-3.127931494134452,0.0018697204343479158,cd_act,oleC,0.005609161303043748
factor(cd_behaviour___1)1,0.41856612510590835,0.319808904855825,1.3088007205259173,0.19188576129420118,cd_behaviour___1,oleC,0.19188576129420118
factor(cd_behaviour___2)1,-0.4330302243330666,0.3739770153977328,-1.157905984870566,0.2480828739104117,cd_behaviour___2,oleC,0.2480828739104117
factor(cd_behaviour___3)1,-0.2094157742925068,0.35101500896825794,-0.5966006265887169,0.5513507923551181,cd_behaviour___3,oleC,0.5513507923551181
factor(cd_site1)2,-16.104204161978497,9.881259431032879,-1.6297724267214326,0.10450654752557338,cd_site1,basS,0.15675982128836008
factor(cd_site1)3,-2.395393025388893,7.456599128212487,-0.3212447101153368,0.7483141652500614,cd_site1,basS,0.7483141652500614
factor(cd_site1)4,81.9361835434936,42.83930204909389,1.9126404872234997,0.057025494686618626,cd_site1,basS,0.15675982128836008
factor(cd_site_l4)1,-9.751661083484361,9.470396578900303,-1.0296993375346821,0.304214307303963,cd_site_l4,basS,0.304214307303963
factor(cd_perianal)1,-4.376999677136893,6.265234121571309,-0.6986170974946981,0.48548508704796633,cd_perianal,basS,0.48548508704796633
cdai,0.08999602977295054,0.040821871331606197,2.204603239324588,0.028490429919345837,cdai,basS,0.028490429919345837
factor(cd_act)Mild Act,32.73017309956998,6.127649331819368,5.341391343922095,1.4397097875354524e-7,cd_act,basS,4.319129362606357e-7
factor(cd_act)Moderate,21.778839669714053,8.213778707262819,2.6515006607685554,0.008284205102363416,cd_act,basS,0.008284205102363416
factor(cd_act)Remission,14.481945549523157,3.175571096802147,4.560422395866595,6.520856312403608e-6,cd_act,basS,9.781284468605413e-6
factor(cd_behaviour___1)1,-23.536428563156875,5.7840206955685325,-4.069215827873761,6.452620140520478e-5,cd_behaviour___1,basS,6.452620140520478e-5
factor(cd_behaviour___2)1,21.145547074369436,6.855411011888286,3.0845046398676845,0.0022840463481962584,cd_behaviour___2,basS,0.0022840463481962584
factor(cd_behaviour___3)1,16.018734105542343,6.466002966711678,2.477378094011107,0.0139426322605915,cd_behaviour___3,basS,0.0139426322605915
factor(cd_site1)2,-35.85458205185259,14.775338308242537,-2.4266504971903644,0.01600205797769448,cd_site1,Escherichia_coli_UhpT_with_mutation_conferring_resistance_to_fosfomycin,0.04800617393308344
factor(cd_site1)3,-19.389239572067552,11.149770483940172,-1.7389810489817068,0.08336456372297298,cd_site1,Escherichia_coli_UhpT_with_mutation_conferring_resistance_to_fosfomycin,0.12504684558445947
factor(cd_site1)4,22.110296928428358,64.05713614566909,0.34516524245087155,0.7302828806135123,cd_site1,Escherichia_coli_UhpT_with_mutation_conferring_resistance_to_fosfomycin,0.7302828806135123
factor(cd_site_l4)1,-18.38135207609007,14.117978263611752,-1.3019818937862309,0.1942027427857187,cd_site_l4,Escherichia_coli_UhpT_with_mutation_conferring_resistance_to_fosfomycin,0.1942027427857187
factor(cd_perianal)1,-6.31471578016416,9.353135265352991,-0.6751442806088659,0.5002506716332287,cd_perianal,Escherichia_coli_UhpT_with_mutation_conferring_resistance_to_fosfomycin,0.5002506716332287
cdai,0.05870325707928348,0.061486129546634474,0.9547398333921748,0.3407293643984689,cdai,Escherichia_coli_UhpT_with_mutation_conferring_resistance_to_fosfomycin,0.3407293643984689
factor(cd_act)Mild Act,29.701949885377477,9.257502548611656,3.2084193041709574,0.0014258664658962318,cd_act,Escherichia_coli_UhpT_with_mutation_conferring_resistance_to_fosfomycin,0.0021387996988443477
factor(cd_act)Moderate,14.862374171653228,12.409175721163674,1.1976922968626884,0.23164048882420585,cd_act,Escherichia_coli_UhpT_with_mutation_conferring_resistance_to_fosfomycin,0.23164048882420585
factor(cd_act)Remission,21.216782388324276,4.797575045505228,4.422397187554563,1.2138794047565006e-5,cd_act,Escherichia_coli_UhpT_with_mutation_conferring_resistance_to_fosfomycin,3.641638214269502e-5
factor(cd_behaviour___1)1,-22.74225493817352,8.80985960164339,-2.5814548660833574,0.010448452411625885,cd_behaviour___1,Escherichia_coli_UhpT_with_mutation_conferring_resistance_to_fosfomycin,0.010448452411625885
factor(cd_behaviour___2)1,18.49734816002516,10.369184478120799,1.7838768515551982,0.07573950518117614,cd_behaviour___2,Escherichia_coli_UhpT_with_mutation_conferring_resistance_to_fosfomycin,0.07573950518117614
factor(cd_behaviour___3)1,27.490245194292722,9.611389567131978,2.8601738595947643,0.004616832343540646,cd_behaviour___3,Escherichia_coli_UhpT_with_mutation_conferring_resistance_to_fosfomycin,0.004616832343540646
factor(cd_site1)2,7.168150104008507,2.1620613887575515,3.3154239473874285,0.0010618149388385639,cd_site1,TaeA,0.003185444816515692
factor(cd_site1)3,0.07968716753120365,1.6315354514344795,0.04884182409958733,0.9610873719890892,cd_site1,TaeA,0.9610873719890892
factor(cd_site1)4,-0.950385983882612,9.373420617900582,-0.10139158612680238,0.9193271876186944,cd_site1,TaeA,0.9610873719890892
factor(cd_site_l4)1,1.4254291153493506,2.1106826332028152,0.6753403344141607,0.5001263587256303,cd_site_l4,TaeA,0.5001263587256303
factor(cd_perianal)1,-0.02328759531410596,1.395999907578715,-0.01668165963885844,0.9867047930801943,cd_perianal,TaeA,0.9867047930801943
cdai,-0.025105877772037866,0.008967213324004863,-2.7997413315495083,0.005556767248665543,cdai,TaeA,0.005556767248665543
factor(cd_act)Mild Act,-7.192250361458676,2.7967964525862588,-2.5716030763725564,0.010429198700994262,cd_act,TaeA,0.03128759610298278
factor(cd_act)Moderate,-8.067859601649692,3.7489526418412846,-2.152030279498861,0.03190359791608808,cd_act,TaeA,0.03190359791608808
factor(cd_act)Remission,-3.155836119564462,1.4494018011691123,-2.177336965511503,0.02995217856683204,cd_act,TaeA,0.03190359791608808
factor(cd_behaviour___1)1,1.9804700516723401,1.3259031917369772,1.4936762080479333,0.13660743129882855,cd_behaviour___1,TaeA,0.13660743129882855
factor(cd_behaviour___2)1,-0.10583670539623169,1.5566081384857902,-0.06799187462760259,0.9458501636826024,cd_behaviour___2,TaeA,0.9458501636826024
factor(cd_behaviour___3)1,-2.595873410716062,1.448078049281134,-1.7926336304902388,0.0743231494462386,cd_behaviour___3,TaeA,0.0743231494462386
factor(cd_site1)2,4.353333638091033,1.5721800386114941,2.768979080751958,0.00607783961806546,cd_site1,vanR_gene_in_vanB_cluster,0.018233518854196377
factor(cd_site1)3,-0.5315116258419154,1.1863989997556552,-0.4480041081890518,0.654568302952635,cd_site1,vanR_gene_in_vanB_cluster,0.8971229904414201
factor(cd_site1)4,-0.8822571188486837,6.8160436450147674,-0.129438302451887,0.8971229904414201,cd_site1,vanR_gene_in_vanB_cluster,0.8971229904414201
factor(cd_site_l4)1,0.40150599696505185,1.5289569215216647,0.26260124880788716,0.793088985481585,cd_site_l4,vanR_gene_in_vanB_cluster,0.793088985481585
factor(cd_perianal)1,0.10962642824676934,1.0103880347153018,0.10849933340477345,0.9136925877622815,cd_perianal,vanR_gene_in_vanB_cluster,0.9136925877622815
cdai,-0.01810827527541498,0.006507950977352597,-2.7824848924693866,0.00585049456319631,cdai,vanR_gene_in_vanB_cluster,0.00585049456319631
factor(cd_act)Mild Act,-4.31558070747189,1.964604371704151,-2.1966665500842995,0.028531822781549067,cd_act,vanR_gene_in_vanB_cluster,0.046732150697702764
factor(cd_act)Moderate,-5.584555417189432,2.6334446837067618,-2.120627576398822,0.034476259853296734,cd_act,vanR_gene_in_vanB_cluster,0.046732150697702764
factor(cd_act)Remission,-2.030124692819661,1.018129550436022,-1.9939748256498835,0.046732150697702764,cd_act,vanR_gene_in_vanB_cluster,0.046732150697702764
factor(cd_behaviour___1)1,0.9812320880727858,0.9621056429743441,1.0198797764446246,0.3088387503505731,cd_behaviour___1,vanR_gene_in_vanB_cluster,0.3088387503505731
factor(cd_behaviour___2)1,-0.16175091144841872,1.126621227923348,-0.1435716880167145,0.8859622596787091,cd_behaviour___2,vanR_gene_in_vanB_cluster,0.8859622596787091
factor(cd_behaviour___3)1,-1.196642685242751,1.0523754317666136,-1.1370872495892053,0.2566648569447362,cd_behaviour___3,vanR_gene_in_vanB_cluster,0.2566648569447362
factor(cd_site1)2,2.4918917155680056,1.2406351640948472,2.0085612496612253,0.04574270024805017,cd_site1,hp1181,0.1372281007441505
factor(cd_site1)3,0.7228482378984259,0.936208501313724,0.7721017667368938,0.44083994122195624,cd_site1,hp1181,0.6612599118329343
factor(cd_site1)4,-0.7469459278664928,5.3786609792341835,-0.13887209674494921,0.8896716902310831,cd_site1,hp1181,0.8896716902310831
factor(cd_site_l4)1,-1.1068285060664669,1.1819559236797195,-0.9364380548308752,0.3500131314256131,cd_site_l4,hp1181,0.3500131314256131
factor(cd_perianal)1,0.7819487101468313,0.780772698195665,1.0015062155143029,0.31761664764926134,cd_perianal,hp1181,0.31761664764926134
cdai,-8.964515496175899e-4,0.005152677525052124,-0.17397780964538848,0.8620386402398622,cdai,hp1181,0.8620386402398622
factor(cd_act)Mild Act,-0.8522913282117275,2.716969590124967,-0.3136918908880855,0.7538942330187042,cd_act,hp1181,0.7538942330187042
factor(cd_act)Moderate,-3.6892500711344427,3.6419490997574755,-1.0129878178089082,0.3115871736606143,cd_act,hp1181,0.4673807604909214
factor(cd_act)Remission,-2.643011276776399,1.408032613173295,-1.8770952121768134,0.06112423843416646,cd_act,hp1181,0.18337271530249938
factor(cd_behaviour___1)1,0.5065767036745644,0.745954974215782,0.6790982313739853,0.49774675998500884,cd_behaviour___1,hp1181,0.49774675998500884
factor(cd_behaviour___2)1,-0.7351621917014027,0.8711470503173359,-0.8439013728320639,0.3995864044233466,cd_behaviour___2,hp1181,0.3995864044233466
factor(cd_behaviour___3)1,-0.12824006016450581,0.8171441567091379,-0.15693688697593272,0.8754299110927662,cd_behaviour___3,hp1181,0.8754299110927662
factor(cd_site1)2,-9.279293704819532,8.335066311680842,-1.1132837289867077,0.2667387207173173,cd_site1,Streptomyces_venezuelae_rox,0.43696560469024925
factor(cd_site1)3,0.48773593661672426,6.289810385716795,0.07754382194482343,0.9382577658607649,cd_site1,Streptomyces_venezuelae_rox,0.9382577658607649
factor(cd_site1)4,38.21952717849491,36.13592233029737,1.0576602093936478,0.2913104031268328,cd_site1,Streptomyces_venezuelae_rox,0.43696560469024925
factor(cd_site_l4)1,-7.426529644523607,7.92202691325332,-0.9374532207280488,0.3494920204386798,cd_site_l4,Streptomyces_venezuelae_rox,0.3494920204386798
factor(cd_perianal)1,-0.9225117918136456,5.243985485043398,-0.17591806736398913,0.8605104542105034,cd_perianal,Streptomyces_venezuelae_rox,0.8605104542105034
cdai,0.06093283216051194,0.032700084540635825,1.8633845452231714,0.06370530289785949,cdai,Streptomyces_venezuelae_rox,0.06370530289785949
factor(cd_act)Mild Act,16.98281226205814,5.564251235061515,3.05212894684659,0.0024009479039087296,cd_act,Streptomyces_venezuelae_rox,0.0024009479039087296
factor(cd_act)Moderate,24.55794952831607,7.458574380077853,3.2925795570144505,0.0010675605001267564,cd_act,Streptomyces_venezuelae_rox,0.0016013407501901345
factor(cd_act)Remission,10.091624278026787,2.8835976800520777,3.4996644462012925,5.102132298192408e-4,cd_act,Streptomyces_venezuelae_rox,0.0015306396894577226
factor(cd_behaviour___1)1,-12.959279219502204,4.932462856861597,-2.627344512381766,0.009174207872674589,cd_behaviour___1,Streptomyces_venezuelae_rox,0.009174207872674589
factor(cd_behaviour___2)1,10.419627528609883,5.807934863338045,1.7940331243007983,0.074098821532798,cd_behaviour___2,Streptomyces_venezuelae_rox,0.074098821532798
factor(cd_behaviour___3)1,9.472693985242714,5.442077914423654,1.7406391702214215,0.083061332382273,cd_behaviour___3,Streptomyces_venezuelae_rox,0.083061332382273
factor(cd_site1)2,0.9662231953199841,0.8250452470449753,1.1711154009803209,0.24275381136970764,cd_site1,bcrC,0.6269163087406382
factor(cd_site1)3,-0.43678245134165883,0.622595906199009,-0.7015504711687648,0.4836626855067929,cd_site1,bcrC,0.6269163087406382
factor(cd_site1)4,-1.7409527413877866,3.5769086713103806,-0.48671993091453414,0.6269163087406382,cd_site1,bcrC,0.6269163087406382
factor(cd_site_l4)1,1.6514240047973123,0.7799482022679657,2.117350870218347,0.03528550784170983,cd_site_l4,bcrC,0.03528550784170983
factor(cd_perianal)1,0.38321277622603095,0.5196638969673082,0.7374242822378301,0.46160316296641923,cd_perianal,bcrC,0.46160316296641923
cdai,-0.0037133434920944464,0.003413970616410613,-1.0876905249988906,0.27789036807687123,cdai,bcrC,0.27789036807687123
factor(cd_act)Mild Act,-1.0343370664811726,1.2098686204902693,-0.8549168471383555,0.39303275451020503,cd_act,bcrC,0.39303275451020503
factor(cd_act)Moderate,-2.3814376960307326,1.6217626981304154,-1.4684254970077177,0.14265761101302543,cd_act,bcrC,0.21398641651953815
factor(cd_act)Remission,-1.5556288120401742,0.626997991253531,-2.4810746345934382,0.013447446530911249,cd_act,bcrC,0.04034233959273375
factor(cd_behaviour___1)1,-0.2446970399749606,0.4962354801011726,-0.49310669991809475,0.6223996243471945,cd_behaviour___1,bcrC,0.6223996243471945
factor(cd_behaviour___2)1,-0.2203911649558539,0.5799500073104815,-0.38001752250666926,0.7042770990186107,cd_behaviour___2,bcrC,0.7042770990186107
factor(cd_behaviour___3)1,0.5775587471128784,0.542055485428689,1.06549746776589,0.2877490317622589,cd_behaviour___3,bcrC,0.2877490317622589
factor(cd_site1)2,-4.013875994186184,1.535083082719182,-2.6147614024096804,0.009514001532455461,cd_site1,baeS,0.02854200459736638
factor(cd_site1)3,-1.9152912206165427,1.1584048831254192,-1.6533866945113491,0.09960465892524831,cd_site1,baeS,0.12121556452839698
factor(cd_site1)4,10.351472094688784,6.655213164885721,1.555393018709797,0.12121556452839698,cd_site1,baeS,0.12121556452839698
factor(cd_site_l4)1,-0.7023087910177348,1.4832150727920577,-0.4735043513923327,0.6362948411383027,cd_site_l4,baeS,0.6362948411383027
factor(cd_perianal)1,-0.32914500032064825,0.98027376466796,-0.3357684477377978,0.7373463435027192,cd_perianal,baeS,0.7373463435027192
cdai,0.0076810202409687695,0.006430177288552004,1.1945269774511054,0.2335240396614791,cdai,baeS,0.2335240396614791
factor(cd_act)Mild Act,4.127888860955678,0.9724592140726706,4.244793818825605,2.6374365501205936e-5,cd_act,baeS,3.9561548251808904e-5
factor(cd_act)Moderate,2.1967053372629497,1.3035283766572914,1.6851994759761812,0.09261387606201997,cd_act,baeS,0.09261387606201997
factor(cd_act)Remission,2.2464942995929347,0.503963788690109,4.457650232037445,1.0373091709264656e-5,cd_act,baeS,3.1119275127793965e-5
factor(cd_behaviour___1)1,-1.9058190422091392,0.9273731370126262,-2.055072511964719,0.04098239785374422,cd_behaviour___1,baeS,0.04098239785374422
factor(cd_behaviour___2)1,1.311003533949799,1.0899624086341995,1.2027970171857392,0.23027047644221835,cd_behaviour___2,baeS,0.23027047644221835
factor(cd_behaviour___3)1,1.557363016983534,1.0189741973810718,1.5283635454030224,0.12777290746567763,cd_behaviour___3,baeS,0.12777290746567763
factor(cd_site1)2,-27.813863778927317,20.174413018797193,-1.3786702866156346,0.16932431301376855,cd_site1,rphB,0.25398646952065285
factor(cd_site1)3,-1.270098845395613,15.224021955715134,-0.08342728676365413,0.9335837314842594,cd_site1,rphB,0.9335837314842594
factor(cd_site1)4,129.71271872110103,87.46433377319848,1.4830355771925932,0.1394221119307884,cd_site1,rphB,0.25398646952065285
factor(cd_site_l4)1,-18.808524757227243,19.247673848018692,-0.9771843031911799,0.329487063531281,cd_site_l4,rphB,0.329487063531281
factor(cd_perianal)1,-10.706850920463996,12.724667344522562,-0.8414248192565009,0.4009690381751464,cd_perianal,rphB,0.4009690381751464
cdai,0.139981418695337,0.08337982905495556,1.6788403176393585,0.09456521861673534,cdai,rphB,0.09456521861673534
factor(cd_act)Mild Act,61.33632295860811,12.55795824715809,4.8842591885897315,1.4257251215397643e-6,cd_act,rphB,4.277175364619293e-6
factor(cd_act)Moderate,20.561559830749236,16.83325602879706,1.2214844113090229,0.222514993446857,cd_act,rphB,0.222514993446857
factor(cd_act)Remission,28.235413364461916,6.507991414822517,4.338575693285843,1.75658956292259e-5,cd_act,rphB,2.634884344383885e-5
factor(cd_behaviour___1)1,-41.046424641561146,11.861848207725249,-3.4603734530027874,6.409706122200709e-4,cd_behaviour___1,rphB,6.409706122200709e-4
factor(cd_behaviour___2)1,32.267526399263154,14.052772893041258,2.2961679267756185,0.022551069193222504,cd_behaviour___2,rphB,0.022551069193222504
factor(cd_behaviour___3)1,34.319586283591576,13.119318627398997,2.6159579821406997,0.009476639988920638,cd_behaviour___3,rphB,0.009476639988920638
factor(cd_site1)2,-16.184738945846917,11.691369099496754,-1.384332220470533,0.16758683911253325,cd_site1,bmr,0.25138025866879987
factor(cd_site1)3,-0.4322838950183032,8.822544660767527,-0.04899764315624289,0.9609633294228664,cd_site1,bmr,0.9609633294228664
factor(cd_site1)4,85.18199584680869,50.68686797634568,1.6805535486343532,0.0941955190482008,cd_site1,bmr,0.25138025866879987
factor(cd_site_l4)1,-10.03767132791125,11.175454847022529,-0.8981890639185556,0.37000800785381316,cd_site_l4,bmr,0.37000800785381316
factor(cd_perianal)1,-5.79299273808488,7.38724553171015,-0.7841884655407955,0.43372262512183946,cd_perianal,bmr,0.43372262512183946
cdai,0.09020218809758254,0.0483021795521349,1.8674558567325708,0.06313249678146426,cdai,bmr,0.06313249678146426
factor(cd_act)Mild Act,34.640954321830115,7.208897915158691,4.805305156144322,2.082075598436456e-6,cd_act,bmr,6.246226795309367e-6
factor(cd_act)Moderate,20.176301628412926,9.663133281940107,2.0879668157036995,0.03733861393776795,cd_act,bmr,0.03733861393776795
factor(cd_act)Remission,17.041687623189723,3.735913499537382,4.561585171953257,6.486369389641849e-6,cd_act,bmr,9.729554084462773e-6
factor(cd_behaviour___1)1,-27.92264854207034,6.818843349731587,-4.094924477649053,5.819594628451752e-5,cd_behaviour___1,bmr,5.819594628451752e-5
factor(cd_behaviour___2)1,22.315569507188055,8.117999011002535,2.748900249549573,0.006446064377336527,cd_behaviour___2,bmr,0.006446064377336527
factor(cd_behaviour___3)1,19.115782752598523,7.623654010327832,2.507430521729108,0.012840060427888437,cd_behaviour___3,bmr,0.012840060427888437
factor(cd_site1)2,-13.86182047128912,13.21815695384176,-1.0486954058493219,0.29540956549146846,cd_site1,adeI,0.7605020396603455
factor(cd_site1)3,3.0440842599570503,9.974689796024274,0.30518084493919456,0.7605020396603455,cd_site1,adeI,0.7605020396603455
factor(cd_site1)4,-23.833735567006414,57.306117932657855,-0.4159021135407245,0.6778660828063677,cd_site1,adeI,0.7605020396603455
factor(cd_site_l4)1,-18.64750647505689,12.505913018969524,-1.4910951680834117,0.13728330792424556,cd_site_l4,adeI,0.13728330792424556
factor(cd_perianal)1,-6.411614039466079,8.291911516303934,-0.7732371512719681,0.44016243573402114,cd_perianal,adeI,0.44016243573402114
cdai,0.09130958008933601,0.05412661916850595,1.6869625609734238,0.0929902933894775,cdai,adeI,0.0929902933894775
factor(cd_act)Mild Act,30.911757244378663,8.175479062225639,3.7810331369087313,1.7630333126385613e-4,cd_act,adeI,2.644549968957842e-4
factor(cd_act)Moderate,18.01959917095951,10.9587824313445,1.6443066813170355,0.10078153296842626,cd_act,adeI,0.10078153296842626
factor(cd_act)Remission,16.968215576538377,4.236831059783655,4.004930887521587,7.209201035587958e-5,cd_act,adeI,2.1627603106763875e-4
factor(cd_behaviour___1)1,-22.340669577732456,7.787342198979473,-2.868843953031907,0.0044963922832760034,cd_behaviour___1,adeI,0.0044963922832760034
factor(cd_behaviour___2)1,16.585864855773895,9.194065300153646,1.8039750985341296,0.07252118551937178,cd_behaviour___2,adeI,0.07252118551937178
factor(cd_behaviour___3)1,17.72323392429512,8.593401724709732,2.062423530524959,0.04027151440164011,cd_behaviour___3,adeI,0.04027151440164011
factor(cd_site1)2,-7.2029672634749895,3.979562979046037,-1.8099895142761762,0.07159136312930073,cd_site1,golS,0.21477408938790218
factor(cd_site1)3,-1.3242135638375767,3.003059078383045,-0.4409548827626065,0.6596562914719898,cd_site1,golS,0.9768241740239128
factor(cd_site1)4,-0.5017531337327812,17.25303355029155,-0.02908202388120333,0.9768241740239128,cd_site1,golS,0.9768241740239128
factor(cd_site_l4)1,-5.4500971295576885,3.777151058453589,-1.4429121433626284,0.15038248505357055,cd_site_l4,golS,0.15038248505357055
factor(cd_perianal)1,-1.3176073863309927,2.5053662933408574,-0.5259140708618654,0.5994459631765694,cd_perianal,golS,0.5994459631765694
cdai,0.03667620431441044,0.0163101782501426,2.2486697417969532,0.02549793208242154,cdai,golS,0.02549793208242154
factor(cd_act)Mild Act,12.8932354807839,2.482349952381871,5.193963674788299,3.0723676287095464e-7,cd_act,golS,9.21710288612864e-7
factor(cd_act)Moderate,8.068515436098062,3.327454310574137,2.4248313223888798,0.01569144227672577,cd_act,golS,0.01569144227672577
factor(cd_act)Remission,5.515086765638952,1.2864441703604372,4.287078205728687,2.1978417207208053e-5,cd_act,golS,3.296762581081208e-5
factor(cd_behaviour___1)1,-8.823464652376455,2.3217152327028514,-3.8004077882129055,1.842618322361269e-4,cd_behaviour___1,golS,1.842618322361269e-4
factor(cd_behaviour___2)1,6.672896228607498,2.7610350966852706,2.4168096365810663,0.01642335776506688,cd_behaviour___2,golS,0.01642335776506688
factor(cd_behaviour___3)1,7.240870190987077,2.575012863149711,2.811974376753276,0.005341641418075021,cd_behaviour___3,golS,0.005341641418075021
factor(cd_site1)2,-6.288756837448807,5.87858884999889,-1.0697732054266722,0.28583313347118877,cd_site1,arlR,0.8500899285198407
factor(cd_site1)3,1.4637467162715876,4.436102583882813,0.32996232359225686,0.7417261732864012,cd_site1,arlR,0.8500899285198407
factor(cd_site1)4,4.822343914152823,25.48608759088252,0.18921475871714358,0.8500899285198407,cd_site1,arlR,0.8500899285198407
factor(cd_site_l4)1,-5.715199443015788,5.576093472685782,-1.0249468505166581,0.30644664300112545,cd_site_l4,arlR,0.30644664300112545
factor(cd_perianal)1,-3.156756837814177,3.686917165986935,-0.8562049798504648,0.3927603220783137,cd_perianal,arlR,0.3927603220783137
cdai,0.058333835868010706,0.023991731709851406,2.4314141460684082,0.015818776537936754,cdai,arlR,0.015818776537936754
factor(cd_act)Mild Act,27.530891594179323,3.549009964413147,7.75734412420331,5.438159986800532e-14,cd_act,arlR,1.6314479960401595e-13
factor(cd_act)Moderate,7.1829777801714645,4.75725370350217,1.509900086868089,0.13174088514992116,cd_act,arlR,0.13174088514992116
factor(cd_act)Remission,6.373730785733898,1.839226244023167,3.4654414085522443,5.779036550954264e-4,cd_act,arlR,8.668554826431396e-4
factor(cd_behaviour___1)1,-10.447991524831302,3.4571236106014442,-3.022163133765888,0.0027889116872232295,cd_behaviour___1,arlR,0.0027889116872232295
factor(cd_behaviour___2)1,10.981520765041642,4.054502413537989,2.70847557726796,0.0072586535827919565,cd_behaviour___2,arlR,0.0072586535827919565
factor(cd_behaviour___3)1,9.039474598835328,3.811113602263313,2.3718722510572863,0.018508440984801682,cd_behaviour___3,arlR,0.018508440984801682
factor(cd_site1)2,-16.334941458529514,27.32408125645602,-0.59782216665272,0.5505416983232343,cd_site1,almE,0.8258125474848514
factor(cd_site1)3,16.95608808424293,20.619306870561523,0.8223403526939781,0.4117275867201008,cd_site1,almE,0.8258125474848514
factor(cd_site1)4,15.053429149565039,118.46107050717808,0.12707490389134113,0.8989911830583172,cd_site1,almE,0.8989911830583172
factor(cd_site_l4)1,-27.883378931012867,25.90459228539174,-1.0763874846521717,0.2828624905523543,cd_site_l4,almE,0.2828624905523543
factor(cd_perianal)1,-15.351360741766348,17.12951702856282,-0.8961934371044167,0.37107047744774324,cd_perianal,almE,0.37107047744774324
cdai,0.16371833411972797,0.11241530360779012,1.4563705195418133,0.14667807180050543,cdai,almE,0.14667807180050543
factor(cd_act)Mild Act,65.906660571574,16.71101379317458,3.943905581508933,9.23829372614216e-5,cd_act,almE,2.771488117842648e-4
factor(cd_act)Moderate,16.016827086526263,22.400199789239316,0.715030546032026,0.4749451860967442,cd_act,almE,0.4749451860967442
factor(cd_act)Remission,27.92582600589583,8.660256082916383,3.2245958708985047,0.001349361192437233,cd_act,almE,0.0020240417886558493
factor(cd_behaviour___1)1,-45.77468039390564,16.09905558114784,-2.843314638127485,0.004859485248838035,cd_behaviour___1,almE,0.004859485248838035
factor(cd_behaviour___2)1,42.10451113796526,18.934161043559957,2.2237325985080387,0.02712189262805182,cd_behaviour___2,almE,0.02712189262805182
factor(cd_behaviour___3)1,27.74168652338361,17.828797564347973,1.5560043476436303,0.1210584852144893,cd_behaviour___3,almE,0.1210584852144893
factor(cd_site1)2,-15.976409799465124,10.147849825691464,-1.5743640351296297,0.11676598467716902,cd_site1,vanXY_gene_in_vanG_cluster,0.21861653752685495
factor(cd_site1)3,0.1004745727486408,7.657773656447016,0.013120598395338063,0.9895428532796373,cd_site1,vanXY_gene_in_vanG_cluster,0.9895428532796373
factor(cd_site1)4,64.21656186033186,43.99508047186246,1.459630512584294,0.14574435835123664,cd_site1,vanXY_gene_in_vanG_cluster,0.21861653752685495
factor(cd_site_l4)1,-11.046718910573752,9.694420448846563,-1.139492450205013,0.25566290718673323,cd_site_l4,vanXY_gene_in_vanG_cluster,0.25566290718673323
factor(cd_perianal)1,-5.250333063628865,6.4141994033617875,-0.8185484630984623,0.41387687743380364,cd_perianal,vanXY_gene_in_vanG_cluster,0.41387687743380364
cdai,0.08236793270027132,0.041892053078977316,1.9661946991470325,0.05050028590273993,cdai,vanXY_gene_in_vanG_cluster,0.05050028590273993
factor(cd_act)Mild Act,30.929597963007804,6.381009702523103,4.847132257262983,1.7047052813283978e-6,cd_act,vanXY_gene_in_vanG_cluster,5.114115843985193e-6
factor(cd_act)Moderate,18.223914186265247,8.55339442374062,2.130606082619473,0.033640147990158166,cd_act,vanXY_gene_in_vanG_cluster,0.033640147990158166
factor(cd_act)Remission,14.844643081960834,3.3068716701074696,4.489029077284514,9.010766307838028e-6,cd_act,vanXY_gene_in_vanG_cluster,1.3516149461757041e-5
factor(cd_behaviour___1)1,-23.80930677774193,5.928956426447839,-4.015766867763368,7.984844772704366e-5,cd_behaviour___1,vanXY_gene_in_vanG_cluster,7.984844772704366e-5
factor(cd_behaviour___2)1,17.806873156117828,7.0672165129348405,2.519644491367518,0.012414611896034333,cd_behaviour___2,vanXY_gene_in_vanG_cluster,0.012414611896034333
factor(cd_behaviour___3)1,18.877180816276276,6.594116248241711,2.8627309719190626,0.004581008187782857,cd_behaviour___3,vanXY_gene_in_vanG_cluster,0.004581008187782857
factor(cd_site1)2,-15.756651612147284,6.828047657916519,-2.307636443321955,0.021900450263984968,cd_site1,vanV_gene_in_vanB_cluster,0.06570135079195491
factor(cd_site1)3,-6.2200645516819115,5.152583490877097,-1.2071739473401726,0.22859449156727554,cd_site1,vanV_gene_in_vanB_cluster,0.34289173735091333
factor(cd_site1)4,9.723623029089838,29.602379946067074,0.32847436749360764,0.7428493052474003,cd_site1,vanV_gene_in_vanB_cluster,0.7428493052474003
factor(cd_site_l4)1,-11.497637261607395,6.49253562170358,-1.7709009132229485,0.07787897636673677,cd_site_l4,vanV_gene_in_vanB_cluster,0.07787897636673677
factor(cd_perianal)1,-3.3150242791497924,4.313180614415073,-0.768579982037074,0.44291768013291755,cd_perianal,vanV_gene_in_vanB_cluster,0.44291768013291755
cdai,0.0719463137313497,0.027717131716562923,2.5957344528675295,0.010057326832259801,cdai,vanV_gene_in_vanB_cluster,0.010057326832259801
factor(cd_act)Mild Act,17.817701271977732,4.422396505039857,4.028969643873475,6.532524967218591e-5,cd_act,vanV_gene_in_vanB_cluster,6.532524967218591e-5
factor(cd_act)Moderate,29.75557595844459,5.9279805813210125,5.019513061868659,7.364180042342235e-7,cd_act,vanV_gene_in_vanB_cluster,2.2092540127026704e-6
factor(cd_act)Remission,9.9652446887074,2.2918469643943684,4.348128319004391,1.6846497082283163e-5,cd_act,vanV_gene_in_vanB_cluster,2.5269745623424743e-5
factor(cd_behaviour___1)1,-13.406205632188987,4.027017262063574,-3.329065846943803,0.0010121479043240294,cd_behaviour___1,vanV_gene_in_vanB_cluster,0.0010121479043240294
factor(cd_behaviour___2)1,12.893438904045224,4.74118009945614,2.71945773701451,0.007029207441159516,cd_behaviour___2,vanV_gene_in_vanB_cluster,0.007029207441159516
factor(cd_behaviour___3)1,7.70540743879205,4.482165424029262,1.7191260718497179,0.08691384771679084,cd_behaviour___3,vanV_gene_in_vanB_cluster,0.08691384771679084
factor(cd_site1)2,-7.566923013734447,18.076675044163384,-0.4186014848000304,0.6758946556337915,cd_site1,OprN,0.8229081299967108
factor(cd_site1)3,12.320147788624867,13.64102625946332,0.9031686879187621,0.36737316605079773,cd_site1,OprN,0.8229081299967108
factor(cd_site1)4,-17.559500591090455,78.36978147018311,-0.22405958344762278,0.8229081299967108,cd_site1,OprN,0.8229081299967108
factor(cd_site_l4)1,-16.358462698753968,17.140513754029392,-0.9543741181566637,0.340879154700128,cd_site_l4,OprN,0.340879154700128
factor(cd_perianal)1,-7.008686578782635,11.33843272926925,-0.6181353936766124,0.5370872542468903,cd_perianal,OprN,0.5370872542468903
cdai,0.08575277416076509,0.07429279971505137,1.154254173885871,0.24961507153391382,cdai,OprN,0.24961507153391382
factor(cd_act)Mild Act,35.70383795988621,10.983235725988134,3.2507576865900347,0.0012336285228354384,cd_act,OprN,0.003700885568506315
factor(cd_act)Moderate,2.4818753594633964,14.722426636673108,0.16857787243314373,0.8662012076332045,cd_act,OprN,0.8662012076332045
factor(cd_act)Remission,12.592465000913352,5.691912841634,2.2123432581055447,0.02742299409760763,cd_act,OprN,0.04113449114641145
factor(cd_behaviour___1)1,-30.005241175947337,10.650015208256557,-2.817389514400449,0.00525534249642133,cd_behaviour___1,OprN,0.00525534249642133
factor(cd_behaviour___2)1,24.255275624912425,12.55360050077039,1.9321369692642303,0.054549859423444265,cd_behaviour___2,OprN,0.054549859423444265
factor(cd_behaviour___3)1,15.888855374141205,11.805954065567914,1.3458340838781577,0.1796585144449741,cd_behaviour___3,OprN,0.1796585144449741
factor(cd_site1)2,-24.28229518978846,11.850862911300675,-2.0489896281420568,0.04158835172342662,cd_site1,mtrA,0.06238252758513993
factor(cd_site1)3,-9.3237795979253,8.942901931655221,-1.0425899410706814,0.2982234459266241,cd_site1,mtrA,0.2982234459266241
factor(cd_site1)4,138.53077613307084,51.37833889931034,2.6962875620513755,0.007525655450044648,cd_site1,mtrA,0.022576966350133947
factor(cd_site_l4)1,-8.803906961919406,11.498288817959981,-0.7656710577810473,0.4446436621971288,cd_site_l4,mtrA,0.4446436621971288
factor(cd_perianal)1,-2.480744242951795,7.605324290260863,-0.3261852024020274,0.7445757657738532,cd_perianal,mtrA,0.7445757657738532
cdai,0.10628012685945065,0.049586318556369,2.1433357013312646,0.03315441273869603,cdai,mtrA,0.03315441273869603
factor(cd_act)Mild Act,38.96690206190121,7.5875318908495,5.13564919692726,4.12646496072935e-7,cd_act,mtrA,1.237939488218805e-6
factor(cd_act)Moderate,28.36535724922303,10.170671412626843,2.788936550836513,0.005502795343105388,cd_act,mtrA,0.005502795343105388
factor(cd_act)Remission,16.174873150545004,3.9321354183125576,4.113508673993306,4.6008765683350874e-5,cd_act,mtrA,6.901314852502631e-5
factor(cd_behaviour___1)1,-25.59353589511374,7.064008624187156,-3.623089559585404,3.5702559575260807e-4,cd_behaviour___1,mtrA,3.5702559575260807e-4
factor(cd_behaviour___2)1,14.1739209896782,8.43155487814742,1.6810566016018735,0.094086139183038,cd_behaviour___2,mtrA,0.094086139183038
factor(cd_behaviour___3)1,25.560362050556364,7.767129232598036,3.290837745209841,0.0011531292373387024,cd_behaviour___3,mtrA,0.0011531292373387024
factor(cd_site1)2,-18.425099746328158,9.378666347807327,-1.964575672386067,0.050657053565352675,cd_site1,RanB,0.15197116069605804
factor(cd_site1)3,-8.291703266740093,7.077332176222993,-1.1715859960052324,0.24256510917662774,cd_site1,RanB,0.3638476637649416
factor(cd_site1)4,5.441460748946806,40.66035542287073,0.1338271811044249,0.8936552492539931,cd_site1,RanB,0.8936552492539931
factor(cd_site_l4)1,-15.619369600643255,8.88744440191672,-1.7574646764906552,0.0801462827576278,cd_site_l4,RanB,0.0801462827576278
factor(cd_perianal)1,-3.786228313035166,5.9058606486056116,-0.6410967915284462,0.522087186878687,cd_perianal,RanB,0.522087186878687
cdai,0.07447700591358912,0.037763620107279065,1.9721892578628453,0.04980744872050601,cdai,RanB,0.04980744872050601
factor(cd_act)Mild Act,17.099610983054678,6.171872366219305,2.7705710631098746,0.00581753429503775,cd_act,RanB,0.00581753429503775
factor(cd_act)Moderate,37.113922849601536,8.273057265589998,4.486119418509155,9.129494785281533e-6,cd_act,RanB,2.73884843558446e-5
factor(cd_act)Remission,10.95277533091518,3.1984890841491205,3.424359140443619,6.702251830384821e-4,cd_act,RanB,0.0010053377745577233
factor(cd_behaviour___1)1,-19.426900409768997,5.496116436555963,-3.534659542610145,4.919775128722626e-4,cd_behaviour___1,RanB,4.919775128722626e-4
factor(cd_behaviour___2)1,17.97054027268643,6.485628212408358,2.770824919983086,0.00604066711214279,cd_behaviour___2,RanB,0.00604066711214279
factor(cd_behaviour___3)1,9.13467738630272,6.144564753204798,1.4866272475260969,0.1384594188122613,cd_behaviour___3,RanB,0.1384594188122613
factor(cd_site1)2,-78.44987505031231,42.17969247048955,-1.8598967999873093,0.0641658071166857,cd_site1,smeS,0.09624871067502855
factor(cd_site1)3,-20.767807542455692,31.82965292014876,-0.6524672950269365,0.5147457193588196,cd_site1,smeS,0.5147457193588196
factor(cd_site1)4,456.6560891376666,182.8662225390346,2.497213989533736,0.0132118496774804,cd_site1,smeS,0.039635549032441195
factor(cd_site_l4)1,-31.59443002936905,40.761493194539156,-0.775104824511232,0.43906028071861514,cd_site_l4,smeS,0.43906028071861514
factor(cd_perianal)1,-21.781547086894783,26.9302606775419,-0.8088130801147123,0.41944424584412454,cd_perianal,smeS,0.41944424584412454
cdai,0.33718366410771855,0.176097481647778,1.9147557418347279,0.0567862939257345,cdai,smeS,0.0567862939257345
factor(cd_act)Mild Act,122.34300133317008,26.429339691385813,4.6290600810222156,4.759077696998409e-6,cd_act,smeS,1.2447836415628687e-5
factor(cd_act)Moderate,51.214502088011905,35.427084000524225,1.4456313166292227,0.14894708314198696,cd_act,smeS,0.14894708314198696
factor(cd_act)Remission,61.73482583814623,13.696646574684342,4.507294942708923,8.298557610419124e-6,cd_act,smeS,1.2447836415628687e-5
factor(cd_behaviour___1)1,-81.33144849669308,25.180356317672857,-3.2299562194682103,0.0014158490580685346,cd_behaviour___1,smeS,0.0014158490580685346
factor(cd_behaviour___2)1,61.349255596943685,29.80214041240007,2.0585519948566344,0.040644590066587036,cd_behaviour___2,smeS,0.040644590066587036
factor(cd_behaviour___3)1,83.35543411810298,27.633189611040432,3.016497020119586,0.0028395481727980145,cd_behaviour___3,smeS,0.0028395481727980145
factor(cd_site1)2,-17.810252764949336,20.567581855431214,-0.8659381005573215,0.3874187124883728,cd_site1,vanH_gene_in_vanP_cluster,0.7732329866953013
factor(cd_site1)3,4.47749561337314,15.520715148009867,0.28848513555428945,0.7732329866953013,cd_site1,vanH_gene_in_vanP_cluster,0.7732329866953013
factor(cd_site1)4,-31.64476213430281,89.16888152507296,-0.35488571341342634,0.7229976073628125,cd_site1,vanH_gene_in_vanP_cluster,0.7732329866953013
factor(cd_site_l4)1,-23.52829936038372,19.462913012612614,-1.2088786167382344,0.2279295693768921,cd_site_l4,vanH_gene_in_vanP_cluster,0.2279295693768921
factor(cd_perianal)1,-11.671179089282747,12.877713092709868,-0.90630836432362,0.36570494374670726,cd_perianal,vanH_gene_in_vanP_cluster,0.36570494374670726
cdai,0.13923850636341495,0.08439529268956472,1.6498373537915516,0.10036533670207871,cdai,vanH_gene_in_vanP_cluster,0.10036533670207871
factor(cd_act)Mild Act,50.68475674462233,12.73121062370634,3.981141954422152,7.943962434961692e-5,cd_act,vanH_gene_in_vanP_cluster,2.3831887304885077e-4
factor(cd_act)Moderate,25.08041906901785,17.065491361534708,1.46965701354188,0.14232371937363275,cd_act,vanH_gene_in_vanP_cluster,0.14232371937363275
factor(cd_act)Remission,22.83005377570851,6.597777107447254,3.4602644805837772,5.888454780192118e-4,cd_act,vanH_gene_in_vanP_cluster,8.832682170288178e-4
factor(cd_behaviour___1)1,-23.043087920638648,12.218294388623807,-1.8859496413913202,0.060540338388826394,cd_behaviour___1,vanH_gene_in_vanP_cluster,0.060540338388826394
factor(cd_behaviour___2)1,12.992718827544504,14.359495482786938,0.9048172230785669,0.36649285300231216,cd_behaviour___2,vanH_gene_in_vanP_cluster,0.36649285300231216
factor(cd_behaviour___3)1,24.03571741468134,13.381171666144226,1.7962341425971118,0.07374714254524219,cd_behaviour___3,vanH_gene_in_vanP_cluster,0.07374714254524219
factor(cd_site1)2,0.24520298676673283,0.2329025915189497,1.0528134752282579,0.29352177190463363,cd_site1,vanXY_gene_in_vanE_cluster,0.8805653157139008
factor(cd_site1)3,0.001941408627226279,0.17575302753660194,0.011046231489935304,0.9911960545409975,cd_site1,vanXY_gene_in_vanE_cluster,0.9911960545409975
factor(cd_site1)4,-0.2153758236187516,1.0097280145041279,-0.21330083005027997,0.831279646444262,cd_site1,vanXY_gene_in_vanE_cluster,0.9911960545409975
factor(cd_site_l4)1,-0.14796128901967123,0.22084068951477806,-0.6699910661607044,0.5035241051080506,cd_site_l4,vanXY_gene_in_vanE_cluster,0.5035241051080506
factor(cd_perianal)1,0.003485867573156234,0.14606111496874669,0.02386581516854859,0.9809799811076306,cd_perianal,vanXY_gene_in_vanE_cluster,0.9809799811076306
cdai,-8.937249141616171e-4,9.589566164025802e-4,-0.9319763781539225,0.3523432706011004,cdai,vanXY_gene_in_vanE_cluster,0.3523432706011004
factor(cd_act)Mild Act,-0.6290217735905178,0.4672473594643666,-1.3462286321138397,0.1788777108885872,cd_act,vanXY_gene_in_vanE_cluster,0.1788777108885872
factor(cd_act)Moderate,-0.9754451573266302,0.6263195239101068,-1.557424158258608,0.12004288977407374,cd_act,vanXY_gene_in_vanE_cluster,0.1788777108885872
factor(cd_act)Remission,-0.83939691678709,0.24214460218330008,-3.4665109575792994,5.756668842946093e-4,cd_act,vanXY_gene_in_vanE_cluster,0.001727000652883828
factor(cd_behaviour___1)1,-0.04643408821365472,0.13935382019379616,-0.3332100128226115,0.7392741225348762,cd_behaviour___1,vanXY_gene_in_vanE_cluster,0.7392741225348762
factor(cd_behaviour___2)1,-0.19185053298212762,0.16238338658710372,-1.1814665096864296,0.23861678465084746,cd_behaviour___2,vanXY_gene_in_vanE_cluster,0.23861678465084746
factor(cd_behaviour___3)1,0.20987207005241065,0.15192864082469829,1.381385819771599,0.16847796319482988,cd_behaviour___3,vanXY_gene_in_vanE_cluster,0.16847796319482988
factor(cd_site1)2,1.8227193480644284,1.2386477395633688,1.4715397201685028,0.14250033905290724,cd_site1,macB,0.40589861711745395
factor(cd_site1)3,-1.0322160501055575,0.9347087503829602,-1.1043183769090077,0.27059907807830264,cd_site1,macB,0.40589861711745395
factor(cd_site1)4,-0.637256822416459,5.370044680836391,-0.11866881195431794,0.9056404312125594,cd_site1,macB,0.9056404312125594
factor(cd_site_l4)1,-0.26822615964588675,1.1900742825214836,-0.22538606504257824,0.8218756665076172,cd_site_l4,macB,0.8218756665076172
factor(cd_perianal)1,-0.07741757250678281,0.786415560542995,-0.09844359190111705,0.9216643368609053,cd_perianal,macB,0.9216643368609053
cdai,-0.00943859369672219,0.005124940096769907,-1.841698345444281,0.06682967514600394,cdai,macB,0.06682967514600394
factor(cd_act)Mild Act,-3.4760812908817105,1.43947524202445,-2.414825340096171,0.01612358144785842,cd_act,macB,0.02418537217178763
factor(cd_act)Moderate,-4.105106710666232,1.9295378133301049,-2.127507780519423,0.03389787639758379,cd_act,macB,0.03389787639758379
factor(cd_act)Remission,-1.9897152591767882,0.7459885064568293,-2.6672197251767362,0.007912112843771064,cd_act,macB,0.02373633853131319
factor(cd_behaviour___1)1,1.227278717866584,0.746194362979374,1.644717219473967,0.10137082176868528,cd_behaviour___1,macB,0.10137082176868528
factor(cd_behaviour___2)1,-0.04880371894792669,0.8769122879215401,-0.05565404843807287,0.9556648962739354,cd_behaviour___2,macB,0.9556648962739354
factor(cd_behaviour___3)1,-1.5400564278737068,0.8151582722652772,-1.8892728937093162,0.06009171942033528,cd_behaviour___3,macB,0.06009171942033528
factor(cd_site1)2,-2.731579044188371,2.6599881598382162,-1.02691398609628,0.30553045033789317,cd_site1,cpxA,0.6109361385045138
factor(cd_site1)3,-1.25361841895561,2.007281109472085,-0.6245355536102822,0.5328896233401375,cd_site1,cpxA,0.6109361385045138
factor(cd_site1)4,-5.874798763083793,11.532136871990968,-0.5094284631109773,0.6109361385045138,cd_site1,cpxA,0.6109361385045138
factor(cd_site_l4)1,-2.0038260549360483,2.5188868224896175,-0.7955204803348436,0.4271170173991242,cd_site_l4,cpxA,0.4271170173991242
factor(cd_perianal)1,0.053254498514394115,1.6666103497134057,0.031953778832317876,0.9745361491582358,cd_perianal,cpxA,0.9745361491582358
cdai,0.012928755828339949,0.010932223648252954,1.1826281865726425,0.2381992128060055,cdai,cpxA,0.2381992128060055
factor(cd_act)Mild Act,-12.385438949114663,10.60831269708119,-1.1675220464157732,0.24359156388248265,cd_act,cpxA,0.365387345823724
factor(cd_act)Moderate,-8.041002824965142,14.219862827137359,-0.5654768208888482,0.5720193249727192,cd_act,cpxA,0.5720193249727192
factor(cd_act)Remission,-10.039911530562323,5.497614070661592,-1.826230688716588,0.0684497513604311,cd_act,cpxA,0.20534925408129331
factor(cd_behaviour___1)1,0.10188698643406845,1.5904424560895194,0.06406203886469543,0.9489755196652752,cd_behaviour___1,cpxA,0.9489755196652752
factor(cd_behaviour___2)1,0.8948147864955681,1.857452452815636,0.4817430374269635,0.63043873371983306,cd_behaviour___2,cpxA,0.63043873371983306
factor(cd_behaviour___3)1,-1.151757116835096,1.7389875053923074,-0.6623147741221206,0.5084212800647853,cd_behaviour___3,cpxA,0.5084212800647853
factor(cd_site1)2,2.4267547021406606,1.6922363198593344,1.4340518955073498,0.15290389696185178,cd_site1,mlaD,0.4587116908855553
factor(cd_site1)3,0.451881183342642,1.2769959088174287,0.35386267115069286,0.7237631791449475,cd_site1,mlaD,0.7246960199770489
factor(cd_site1)4,-2.586984695808955,7.336536739155661,-0.35261660750664803,0.7246960199770489,cd_site1,mlaD,0.7246960199770489
factor(cd_site_l4)1,-1.7355294562439922,1.6052165267918241,-1.0811809044307628,0.2807296417917572,cd_site_l4,mlaD,0.2807296417917572
factor(cd_perianal)1,-0.26749884266050905,1.0631556023242907,-0.25160836482985,0.801564621621069,cd_perianal,mlaD,0.801564621621069
cdai,-5.005531549116454e-4,0.006998974335029825,-0.07151807264192696,0.9430486899679564,cdai,mlaD,0.9430486899679564
factor(cd_act)Mild Act,-2.1440180577081036,1.3973294566127255,-1.534368324922764,0.12561191695514645,cd_act,mlaD,0.30341798691537286
factor(cd_act)Moderate,-1.9297214415962614,1.8730436936326729,-1.0302597041148918,0.30341798691537286,cd_act,mlaD,0.30341798691537286
factor(cd_act)Remission,-0.9112243833208301,0.7241470252038933,-1.2583416787002097,0.20889294563503935,cd_act,mlaD,0.30341798691537286
factor(cd_behaviour___1)1,0.9241450135520861,1.0129108625970866,0.912365586822313,0.3625152989804693,cd_behaviour___1,mlaD,0.3625152989804693
factor(cd_behaviour___2)1,-1.1120617193507116,1.183410989229811,-0.9397087989477476,0.34833594886766295,cd_behaviour___2,mlaD,0.34833594886766295
factor(cd_behaviour___3)1,-0.5167387366647498,1.1099992383898594,-0.465530712808704,0.641984423491897,cd_behaviour___3,mlaD,0.641984423491897
factor(cd_site1)2,1.0208531946776018,0.34897079197923675,2.9253256093087043,0.003782378394521951,cd_site1,mecC,0.011347135183565853
factor(cd_site1)3,0.011557201194592049,0.26334044980863325,0.04388691977624609,0.9650322910707747,cd_site1,mecC,0.9650322910707747
factor(cd_site1)4,-0.3606149735828211,1.5129311469102231,-0.23835517850186733,0.8118160217575496,cd_site1,mecC,0.9650322910707747
factor(cd_site_l4)1,0.3290450348309084,0.3379929145342907,0.9735264281628173,0.33129701359707997,cd_site_l4,mecC,0.33129701359707997
factor(cd_perianal)1,-0.07552580931530699,0.2237275542580265,-0.33757938116197594,0.7359828100077137,cd_perianal,mecC,0.7359828100077137
cdai,-0.0018461665755393028,0.0014585133598095034,-1.265786537451005,0.20689282112401425,cdai,mecC,0.20689282112401425
factor(cd_act)Mild Act,-1.0059069181825575,0.40730463262833105,-2.4696672652394214,0.01387810313116448,cd_act,mecC,0.02081715469674672
factor(cd_act)Moderate,-0.6731400784032991,0.5459695778411606,-1.2329259829182944,0.2182196957928225,cd_act,mecC,0.2182196957928225
factor(cd_act)Remission,-0.755281707241465,0.21108009759169952,-3.5781758482149084,3.819158109390291e-4,cd_act,mecC,0.0011457474328170874
factor(cd_behaviour___1)1,0.4983196489720559,0.21105684984446252,2.3610683535705688,0.019043239101523415,cd_behaviour___1,mecC,0.019043239101523415
factor(cd_behaviour___2)1,-0.3895095811956425,0.2482276411846813,-1.5691628028880453,0.11796122882249409,cd_behaviour___2,mecC,0.11796122882249409
factor(cd_behaviour___3)1,-0.2963369497531465,0.2329143982019289,-1.2722998322166086,0.20452944356765762,cd_behaviour___3,mecC,0.20452944356765762
factor(cd_site1)2,3.0938218395489394,1.8220001175134184,1.698036026348475,0.09084174372497562,cd_site1,vanR_gene_in_vanF_cluster,0.2725252311749269
factor(cd_site1)3,0.8313430634298846,1.3749183069909012,0.6046490611135532,0.5460030929194765,cd_site1,vanR_gene_in_vanF_cluster,0.7140354701735121
factor(cd_site1)4,-2.898106766237419,7.899115888255051,-0.36689001746974287,0.7140354701735121,cd_site1,vanR_gene_in_vanF_cluster,0.7140354701735121
factor(cd_site_l4)1,-0.31294954913881434,1.735307691628582,-0.18034239728696874,0.8570398579597208,cd_site_l4,vanR_gene_in_vanF_cluster,0.8570398579597208
factor(cd_perianal)1,2.29078977919042,1.1368707176856563,2.014995850938806,0.045048956270772544,cd_perianal,vanR_gene_in_vanF_cluster,0.045048956270772544
cdai,-0.011126394173891113,0.006993150447969298,-1.5910417281415767,0.11299797195842948,cdai,vanR_gene_in_vanF_cluster,0.11299797195842948
factor(cd_act)Mild Act,-4.359711002959233,1.9830443895277867,-2.198493904615716,0.028400608413465676,cd_act,vanR_gene_in_vanF_cluster,0.042600912620198515
factor(cd_act)Moderate,-4.262881400632713,2.6581625188111335,-1.6036947968626432,0.10945309333497714,cd_act,vanR_gene_in_vanF_cluster,0.10945309333497714
factor(cd_act)Remission,-3.0327567356350853,1.0276858393902837,-2.9510543197076564,0.0033251723154452844,cd_act,vanR_gene_in_vanF_cluster,0.009975516946335854
factor(cd_behaviour___1)1,-0.31598060980938897,1.094097223465683,-0.28880487312497044,0.7729863849452441,cd_behaviour___1,vanR_gene_in_vanF_cluster,0.7729863849452441
factor(cd_behaviour___2)1,-1.8861790164676067,1.2726696283103152,-1.4820649243997668,0.13966842638239874,cd_behaviour___2,vanR_gene_in_vanF_cluster,0.13966842638239874
factor(cd_behaviour___3)1,1.9612282377056094,1.1907254981927828,1.6470867892576861,0.10088242266646817,cd_behaviour___3,vanR_gene_in_vanF_cluster,0.10088242266646817
factor(cd_site1)2,0.06352365390429217,0.604164354759217,0.1051430019065074,0.9163531845943393,cd_site1,Staphylococcus_aureus_ileS_with_mutation_conferring_resistance_to_mupirocin,0.9163531845943393
factor(cd_site1)3,-0.240186515611393,0.4559146971535118,-0.5268233665442011,0.5988196011141654,cd_site1,Staphylococcus_aureus_ileS_with_mutation_conferring_resistance_to_mupirocin,0.8982294016712482
factor(cd_site1)4,4.61256132089648,2.619299641049966,1.7609903229885913,0.07955744551374486,cd_site1,Staphylococcus_aureus_ileS_with_mutation_conferring_resistance_to_mupirocin,0.23867233654123457
factor(cd_site_l4)1,0.05464668231090456,0.5760596401397527,0.0948628900605625,0.9245049154986213,cd_site_l4,Staphylococcus_aureus_ileS_with_mutation_conferring_resistance_to_mupirocin,0.9245049154986213
factor(cd_perianal)1,-0.5674711110686769,0.3788290934087239,-1.4979607452071388,0.13549118244492261,cd_perianal,Staphylococcus_aureus_ileS_with_mutation_conferring_resistance_to_mupirocin,0.13549118244492261
cdai,-0.003972792943957941,0.002493247414815282,-1.5934210621661364,0.11246335113994627,cdai,Staphylococcus_aureus_ileS_with_mutation_conferring_resistance_to_mupirocin,0.11246335113994627
factor(cd_act)Mild Act,-3.0409846017626587,1.5199973308392847,-2.000651277514772,0.04600467113672642,cd_act,Staphylococcus_aureus_ileS_with_mutation_conferring_resistance_to_mupirocin,0.06900700670508964
factor(cd_act)Moderate,-2.663694631657695,2.037473268307461,-1.3073519408038365,0.191732397768421,cd_act,Staphylococcus_aureus_ileS_with_mutation_conferring_resistance_to_mupirocin,0.191732397768421
factor(cd_act)Remission,-2.6306999695419524,0.7877179860741956,-3.339646949859242,9.055974959810347e-4,cd_act,Staphylococcus_aureus_ileS_with_mutation_conferring_resistance_to_mupirocin,0.0027167924879431043
factor(cd_behaviour___1)1,0.5985748608711016,0.36113357878293956,1.6574887964956502,0.09876071538439153,cd_behaviour___1,Staphylococcus_aureus_ileS_with_mutation_conferring_resistance_to_mupirocin,0.09876071538439153
factor(cd_behaviour___2)1,-0.2598140982721307,0.4240974096350724,-0.6126283546407314,0.5407170039492191,cd_behaviour___2,Staphylococcus_aureus_ileS_with_mutation_conferring_resistance_to_mupirocin,0.5407170039492191
factor(cd_behaviour___3)1,-0.5936922118760718,0.39564369775109226,-1.5005729024643177,0.13481412541237506,cd_behaviour___3,Staphylococcus_aureus_ileS_with_mutation_conferring_resistance_to_mupirocin,0.13481412541237506
factor(cd_site1)2,-0.4118865975967136,0.6478916706695391,-0.6357337441474822,0.5255765765923399,cd_site1,IreK,0.6339020033453673
factor(cd_site1)3,-0.3741637695171649,0.48891221816505126,-0.7652984638458175,0.444871658097754,cd_site1,IreK,0.6339020033453673
factor(cd_site1)4,1.3394745815737892,2.808875444332223,0.47687218893119465,0.6339020033453673,cd_site1,IreK,0.6339020033453673
factor(cd_site_l4)1,-0.15651381716886606,0.6139730225314973,-0.25491969748693116,0.7990090227416172,cd_site_l4,IreK,0.7990090227416172
factor(cd_perianal)1,-0.6099423940211207,0.4037775679799126,-1.5105900931362897,0.13224209761345523,cd_perianal,IreK,0.13224209761345523
cdai,-0.0040362818098083056,0.002658686804667997,-1.5181486599781486,0.1303745414187493,cdai,IreK,0.1303745414187493
factor(cd_act)Mild Act,-2.984823346216943,1.6207101141726232,-1.8416762628403187,0.06615240836333333,cd_act,IreK,0.099228612545
factor(cd_act)Moderate,-2.5627624033594563,2.172473244725324,-1.1796519978240185,0.23873540619813757,cd_act,IreK,0.23873540619813757
factor(cd_act)Remission,-2.4216319733734264,0.8399110190813387,-2.883200622873255,0.004117088708121328,cd_act,IreK,0.012351266124363984
factor(cd_behaviour___1)1,0.4035402938256843,0.3863010766186229,1.0446263762916739,0.29727361759216714,cd_behaviour___1,IreK,0.29727361759216714
factor(cd_behaviour___2)1,-0.02169924522688946,0.452423624274856,-0.04796222845716552,0.9617872551561548,cd_behaviour___2,IreK,0.9617872551561548
factor(cd_behaviour___3)1,-0.5448153837231144,0.42225834024806447,-1.2902418538448555,0.1982402215080511,cd_behaviour___3,IreK,0.1982402215080511
factor(cd_site1)2,-18.4584110135063,15.49596345214734,-1.1911754354937152,0.2348019474323039,cd_site1,rosB,0.7044058422969117
factor(cd_site1)3,1.3484505262338526,11.693568858764026,0.11531556725928235,0.9082947450020169,cd_site1,rosB,0.9082947450020169
factor(cd_site1)4,31.20856083323962,67.18134095168365,0.4645420944438218,0.6426950573343267,cd_site1,rosB,0.9082947450020169
factor(cd_site_l4)1,-17.612623780740215,14.690860048592812,-1.198883096189271,0.2317860781962291,cd_site_l4,rosB,0.2317860781962291
factor(cd_perianal)1,-9.171631358969899,9.718335577802081,-0.9437450770807992,0.34627331205473244,cd_perianal,rosB,0.34627331205473244
cdai,0.10926659089516913,0.06366278457265778,1.7163338303316613,0.08747119402181856,cdai,rosB,0.08747119402181856
factor(cd_act)Mild Act,39.668362758032785,9.598567581278816,4.132737767602171,4.2446609605166896e-5,cd_act,rosB,6.366991440775034e-5
factor(cd_act)Moderate,26.33314172997289,12.866354738991319,2.0466668504149546,0.04124651430123917,cd_act,rosB,0.04124651430123917
factor(cd_act)Remission,20.60884968916839,4.974327369474481,4.143042497692636,4.0647311140439285e-5,cd_act,rosB,6.366991440775034e-5
factor(cd_behaviour___1)1,-24.074560590679887,9.157629156934386,-2.628907567462483,0.009133376195027125,cd_behaviour___1,rosB,0.009133376195027125
factor(cd_behaviour___2)1,19.842842180731374,10.779354532040195,1.8408191438319585,0.06691413059246168,cd_behaviour___2,rosB,0.06691413059246168
factor(cd_behaviour___3)1,17.5318294059699,10.104366943172687,1.735074498439093,0.08404423775784346,cd_behaviour___3,rosB,0.08404423775784346
factor(cd_site1)2,-31.28777284897155,12.907769981187558,-2.423948745179992,0.016118558418036714,cd_site1,emrY,0.02417783762705507
factor(cd_site1)3,-15.749593947118445,9.740465480201415,-1.6169241582069416,0.10725352514968167,cd_site1,emrY,0.10725352514968167
factor(cd_site1)4,322.6183981397521,55.96046342713221,5.765113052715211,2.5867963757669918e-8,cd_site1,emrY,7.760389127300976e-8
factor(cd_site_l4)1,-2.4657242234287904,13.293864255018452,-0.1854783662694597,0.8530145180988904,cd_site_l4,emrY,0.8530145180988904
factor(cd_perianal)1,-1.4279729875251437,8.784125373743171,-0.1625629105651805,0.8710028850295631,cd_perianal,emrY,0.8710028850295631
cdai,0.07868193082915213,0.057405256518588535,1.370639826401158,0.17184701564389737,cdai,emrY,0.17184701564389737
factor(cd_act)Mild Act,38.92070858408389,9.019207842238853,4.315313413868788,1.9442615542038904e-5,cd_act,emrY,5.832784662611671e-5
factor(cd_act)Moderate,22.449906396117907,12.08975470353223,1.8569364678307971,0.06394559913187121,cd_act,emrY,0.06394559913187121
factor(cd_act)Remission,17.7198616485422,4.674082048256029,3.7910891305713705,1.6951894468608027e-4,cd_act,emrY,2.542784170291204e-4
factor(cd_behaviour___1)1,-30.890105039879778,8.136354214362942,-3.796553619230355,1.8697899662128845e-4,cd_behaviour___1,emrY,1.8697899662128845e-4
factor(cd_behaviour___2)1,20.677784089377514,9.701655039047742,2.1313666592094296,0.034101583433671125,cd_behaviour___2,emrY,0.034101583433671125
factor(cd_behaviour___3)1,25.263315136021404,9.024818517177692,2.799315586007145,0.005548425980138443,cd_behaviour___3,emrY,0.005548425980138443
factor(cd_site1)2,-6.952922088896427,6.138832625390022,-1.132613073720133,0.25854596668003327,cd_site1,cmlv,0.3878189500200499
factor(cd_site1)3,-1.830214094502186,4.632487824271284,-0.395082332416079,0.6931451298705811,cd_site1,cmlv,0.6931451298705811
factor(cd_site1)4,99.26592126394634,26.614350822729666,3.7297893127330943,2.4095773205995818e-4,cd_site1,cmlv,7.228731961798745e-4
factor(cd_site_l4)1,-1.1663177937444764,6.0053814317964145,-0.19421210908756398,0.8461782978511649,cd_site_l4,cmlv,0.8461782978511649
factor(cd_perianal)1,-1.8389466406509785,3.9665790918474175,-0.46361022888226255,0.6433579661359177,cd_perianal,cmlv,0.6433579661359177
cdai,0.027964812328303737,0.02603204391573583,1.0742457418566196,0.2838581515844314,cdai,cmlv,0.2838581515844314
factor(cd_act)Mild Act,14.071115436962256,3.8888448149854,3.6183278342041745,3.2865841609561723e-4,cd_act,cmlv,4.929876241434258e-4
factor(cd_act)Moderate,7.614499078701882,5.212783729530509,1.4607356594453775,0.14475615609509673,cd_act,cmlv,0.14475615609509673
factor(cd_act)Remission,8.400674434555443,2.015341042818761,4.168363694318368,3.6529323095942845e-5,cd_act,cmlv,1.0958796928782854e-4
factor(cd_behaviour___1)1,-10.050180912444459,3.7296348478966346,-2.6946822738189398,0.007556405192102384,cd_behaviour___1,cmlv,0.007556405192102384
factor(cd_behaviour___2)1,6.997478716402319,4.401293812752808,1.5898685736741842,0.11321455168612565,cd_behaviour___2,cmlv,0.11321455168612565
factor(cd_behaviour___3)1,7.960598993488358,4.1118086439727275,1.936033430241789,0.05406808040653929,cd_behaviour___3,cmlv,0.05406808040653929
factor(cd_site1)2,-20.9733305558684,12.167736153460758,-1.7236838711285787,0.08609713632259301,cd_site1,Enterobacter_cloacae_acrA,0.1291457044838895
factor(cd_site1)3,-3.9691442066456846,9.182020918231386,-0.4322734877204146,0.6659441669096515,cd_site1,Enterobacter_cloacae_acrA,0.6659441669096515
factor(cd_site1)4,123.65236879536158,52.752114036671806,2.344026795009616,0.01992172891440815,cd_site1,Enterobacter_cloacae_acrA,0.05976518674322445
factor(cd_site_l4)1,-8.871032221193019,11.729147299031215,-0.7563237117779,0.4502158876784377,cd_site_l4,Enterobacter_cloacae_acrA,0.4502158876784377
factor(cd_perianal)1,-6.522193033618155,7.747826624967284,-0.8418093678813696,0.40075415928325564,cd_perianal,Enterobacter_cloacae_acrA,0.40075415928325564
cdai,0.08593254049008268,0.050762615251033226,1.6928312315101537,0.09186558353082003,cdai,Enterobacter_cloacae_acrA,0.09186558353082003
factor(cd_act)Mild Act,33.78112871653939,7.582860450352161,4.454932137775335,1.049996706511016e-5,cd_act,Enterobacter_cloacae_acrA,3.149990119533048e-5
factor(cd_act)Moderate,11.196182802570254,10.164409602198162,1.1015084240750157,0.2712392092375204,cd_act,Enterobacter_cloacae_acrA,0.2712392092375204
factor(cd_act)Remission,16.709175997666254,3.9297145076793805,4.2520076114978504,2.556932955919113e-5,cd_act,Enterobacter_cloacae_acrA,3.835399433878669e-5
factor(cd_behaviour___1)1,-22.74474048349815,7.254156398197154,-3.1354080660779253,0.0019358365255807031,cd_behaviour___1,Enterobacter_cloacae_acrA,0.0019358365255807031
factor(cd_behaviour___2)1,18.683665121271066,8.565716243371416,2.1812145756905537,0.030163678290240564,cd_behaviour___2,Enterobacter_cloacae_acrA,0.030163678290240564
factor(cd_behaviour___3)1,23.651714258199217,7.955235722176201,2.9731003686373674,0.0032562851814792984,cd_behaviour___3,Enterobacter_cloacae_acrA,0.0032562851814792984
factor(cd_site1)2,0.9390817982472702,0.375824763712626,2.498722513573741,0.013157249088915303,cd_site1,efrA,0.03947174726674591
factor(cd_site1)3,0.11611779035107599,0.28360500248168274,0.40943491593938197,0.6825982780094315,cd_site1,efrA,0.8579507233322745
factor(cd_site1)4,-0.29195188158246693,1.6293541003134657,-0.17918258623236,0.8579507233322745,cd_site1,efrA,0.8579507233322745
factor(cd_site_l4)1,-0.39937476194318494,0.3603714200926873,-1.1082309519452624,0.26889986500048285,cd_site_l4,efrA,0.26889986500048285
factor(cd_perianal)1,-0.47491840882426534,0.23671370127945043,-2.0062987746687475,0.045975293631413686,cd_perianal,efrA,0.045975293631413686
cdai,-0.0029101480513744533,0.0015575811611280431,-1.868376508397703,0.06300356309042973,cdai,efrA,0.06300356309042973
factor(cd_act)Mild Act,-1.5187040686459599,0.7327534510535273,-2.07259899828847,0.038754158601947586,cd_act,efrA,0.05813123790292138
factor(cd_act)Moderate,-1.4917738239654303,0.982215914785352,-1.518784008189721,0.1294892365285738,cd_act,efrA,0.1294892365285738
factor(cd_act)Remission,-1.2020499183169884,0.37973953048594605,-3.165459010229317,0.001648939550737546,cd_act,efrA,0.004946818652212638
factor(cd_behaviour___1)1,0.5317189927147283,0.2251642791231264,2.3614713434361803,0.019023049358952195,cd_behaviour___1,efrA,0.019023049358952195
factor(cd_behaviour___2)1,-0.2176538516001164,0.26582981665589206,-0.818771401711728,0.4137499032679983,cd_behaviour___2,efrA,0.4137499032679983
factor(cd_behaviour___3)1,-0.4931539192606163,0.24724889299457445,-1.9945647209487725,0.0472506511796361,cd_behaviour___3,efrA,0.0472506511796361
factor(cd_site1)2,3.9258943270855347,1.4350121922917956,2.7357916177810724,0.006704243748004937,cd_site1,tsnR,0.02011273124401481
factor(cd_site1)3,-0.7101003431450384,1.0828893560280501,-0.6557459810572233,0.5126373357909575,cd_site1,tsnR,0.7689560036864362
factor(cd_site1)4,-0.6478644464101644,6.221364915959373,-0.10413541966461867,0.9171518497609686,cd_site1,tsnR,0.9171518497609686
factor(cd_site_l4)1,0.020064279493094746,1.3984101586280078,0.01434792172332328,0.9885646329932758,cd_site_l4,tsnR,0.9885646329932758
factor(cd_perianal)1,-0.15426327435409748,0.9239506606222275,-0.16696051091105887,0.8675453079468908,cd_perianal,tsnR,0.8675453079468908
cdai,-0.015893528123680382,0.005910804386685486,-2.688894283066058,0.0077031420204984645,cdai,tsnR,0.0077031420204984645
factor(cd_act)Mild Act,-4.351776917880619,1.665832962762047,-2.612372918029622,0.009279508962601678,cd_act,tsnR,0.027838526887805033
factor(cd_act)Moderate,-4.7816664224150225,2.2329579547478553,-2.141404593959301,0.0327549873236197,cd_act,tsnR,0.04913248098542955
factor(cd_act)Remission,-1.693595551453257,0.8632953229190077,-1.9617800612272587,0.0503778804833357,cd_act,tsnR,0.0503778804833357
factor(cd_behaviour___1)1,0.9169192198794945,0.8797426755415715,1.0422584300744955,0.29836748423879417,cd_behaviour___1,tsnR,0.29836748423879417
factor(cd_behaviour___2)1,0.6014618161017513,1.0295705720731796,0.5841870702370859,0.5596572082931197,cd_behaviour___2,tsnR,0.5596572082931197
factor(cd_behaviour___3)1,-1.717006018252901,0.9584845042057065,-1.7913758758946021,0.07452523393268966,cd_behaviour___3,tsnR,0.07452523393268966
factor(cd_site1)2,-40.453266448056766,16.199496100440683,-2.4971928878057073,0.013212614876220385,cd_site1,LpxA,0.039637844628661156
factor(cd_site1)3,-18.66777378785236,12.224468889124307,-1.5270826043379637,0.12810263266127933,cd_site1,LpxA,0.192153948991919
factor(cd_site1)4,26.51258737145837,70.23144279669584,0.3775030999748406,0.7061448753795736,cd_site1,LpxA,0.7061448753795736
factor(cd_site_l4)1,-21.246850458041617,15.478196502127123,-1.372695485234454,0.1711611885536786,cd_site_l4,LpxA,0.1711611885536786
factor(cd_perianal)1,-6.2526195959301765,10.260238875822216,-0.6094029263455248,0.5428486348101955,cd_perianal,LpxA,0.5428486348101955
cdai,0.14869815825420363,0.06679149700112885,2.2263037202428695,0.02698071454239811,cdai,LpxA,0.02698071454239811
factor(cd_act)Mild Act,47.42353276658926,10.819325126566886,4.383224666216993,1.4437770301001244e-5,cd_act,LpxA,4.331331090300373e-5
factor(cd_act)Moderate,49.23040287210195,14.502713445118589,3.394564959060969,7.455946962787911e-4,cd_act,LpxA,7.455946962787911e-4
factor(cd_act)Remission,22.83595346630361,5.606968398211177,4.07278084063914,5.451486342874727e-5,cd_act,LpxA,8.177229514312091e-5
factor(cd_behaviour___1)1,-36.500547406272425,9.504202602633127,-3.8404639434096235,1.5814879917889325e-4,cd_behaviour___1,LpxA,1.5814879917889325e-4
factor(cd_behaviour___2)1,34.80447250904863,11.22151191187748,3.1015849541815856,0.002161238688115081,cd_behaviour___2,LpxA,0.002161238688115081
factor(cd_behaviour___3)1,28.8114205486082,10.557637584669655,2.7289647250672986,0.006835896933313814,cd_behaviour___3,LpxA,0.006835896933313814
factor(cd_site1)2,-5.965284560512984,6.6569030434243315,-0.896105068918718,0.3711254996305017,cd_site1,Clostridioides_difficile_murG_with_mutation_conferring_resistance_to_vancomycin,0.8554742645620363
factor(cd_site1)3,0.9159785982081844,5.0234342875667535,0.18234111282699098,0.8554742645620363,cd_site1,Clostridioides_difficile_murG_with_mutation_conferring_resistance_to_vancomycin,0.8554742645620363
factor(cd_site1)4,9.04943099982139,28.860398027114442,0.3135587732130173,0.7541379075140976,cd_site1,Clostridioides_difficile_murG_with_mutation_conferring_resistance_to_vancomycin,0.8554742645620363
factor(cd_site_l4)1,-8.400653756933036,6.293377565530113,-1.3348402617610022,0.1832258981574433,cd_site_l4,Clostridioides_difficile_murG_with_mutation_conferring_resistance_to_vancomycin,0.1832258981574433
factor(cd_perianal)1,-2.824837981461924,4.170090414810924,-0.6774044925810092,0.4988185283341453,cd_perianal,Clostridioides_difficile_murG_with_mutation_conferring_resistance_to_vancomycin,0.4988185283341453
cdai,0.04699329629913061,0.027295222626153255,1.7216674486510106,0.08649809208407684,cdai,Clostridioides_difficile_murG_with_mutation_conferring_resistance_to_vancomycin,0.08649809208407684
factor(cd_act)Mild Act,15.827946791557716,4.141515979938658,3.821776100400837,1.503067116366129e-4,cd_act,Clostridioides_difficile_murG_with_mutation_conferring_resistance_to_vancomycin,4.5092013490983867e-4
factor(cd_act)Moderate,11.782925923456283,5.551475603403807,2.1224854012204886,0.03431925446227917,cd_act,Clostridioides_difficile_murG_with_mutation_conferring_resistance_to_vancomycin,0.03431925446227917
factor(cd_act)Remission,7.41627920052101,2.1462844445983564,3.4554036950628184,5.992949428353131e-4,cd_act,Clostridioides_difficile_murG_with_mutation_conferring_resistance_to_vancomycin,8.989424142529696e-4
factor(cd_behaviour___1)1,-12.791957516112298,3.8946701202879,-3.2844777917074772,0.0011782855300511055,cd_behaviour___1,Clostridioides_difficile_murG_with_mutation_conferring_resistance_to_vancomycin,0.0011782855300511055
factor(cd_behaviour___2)1,9.056059921786836,4.616651421992998,1.9616079045182397,0.05099385000085714,cd_behaviour___2,Clostridioides_difficile_murG_with_mutation_conferring_resistance_to_vancomycin,0.05099385000085714
factor(cd_behaviour___3)1,7.681806822296654,4.330503875730415,1.7738829112584464,0.07738297175236458,cd_behaviour___3,Clostridioides_difficile_murG_with_mutation_conferring_resistance_to_vancomycin,0.07738297175236458
factor(cd_site1)2,-27.196828496834996,9.952213491501919,-2.7327416679774865,0.006764645334164856,cd_site1,Klebsiella_pneumoniae_KpnH,0.010146968001247285
factor(cd_site1)3,-13.06075812002528,7.510142503844846,-1.7390825957481866,0.0833466632022022,cd_site1,Klebsiella_pneumoniae_KpnH,0.0833466632022022
factor(cd_site1)4,182.7070063017672,43.146916928478255,4.234532135972271,3.302754395838638e-5,cd_site1,Klebsiella_pneumoniae_KpnH,9.908263187515914e-5
factor(cd_site_l4)1,-1.813802363237457,9.973737512843073,-0.18185784024312285,0.8558517282407002,cd_site_l4,Klebsiella_pneumoniae_KpnH,0.8558517282407002
factor(cd_perianal)1,-6.570177036317163,6.576643825240069,-0.9990167037937971,0.31881854149916405,cd_perianal,Klebsiella_pneumoniae_KpnH,0.31881854149916405
cdai,0.05493381584912069,0.04323408372116682,1.270613625199274,0.20517254823205677,cdai,Klebsiella_pneumoniae_KpnH,0.20517254823205677
factor(cd_act)Mild Act,28.596421811734665,6.540598309010434,4.372141577986798,1.5160370647348761e-5,cd_act,Klebsiella_pneumoniae_KpnH,2.2740555971023142e-5
factor(cd_act)Moderate,17.68860720870695,8.767314220208181,2.0175628207707756,0.04420465609953907,cd_act,Klebsiella_pneumoniae_KpnH,0.04420465609953907
factor(cd_act)Remission,16.00154783347702,3.3895762993538736,4.720810632446085,3.1046830939879658e-6,cd_act,Klebsiella_pneumoniae_KpnH,9.314049281963897e-6
factor(cd_behaviour___1)1,-24.867366443293662,6.075769711634443,-4.092875079790358,5.867802486245344e-5,cd_behaviour___1,Klebsiella_pneumoniae_KpnH,5.867802486245344e-5
factor(cd_behaviour___2)1,23.236115569534835,7.190272274347929,3.231604407030897,0.001408059123403433,cd_behaviour___2,Klebsiella_pneumoniae_KpnH,0.001408059123403433
factor(cd_behaviour___3)1,18.732733016106305,6.773490029737197,2.7655954218379666,0.006135206111613984,cd_behaviour___3,Klebsiella_pneumoniae_KpnH,0.006135206111613984
factor(cd_site1)2,-155.0976325838927,55.66655522011613,-2.786190594524975,0.005774318935580675,cd_site1,Staphylococcus_aureus_rpoB_mutants_conferring_resistance_to_rifampicin,0.008661478403371012
factor(cd_site1)3,-118.73093228708213,42.007113569076886,-2.8264482417207715,0.005117386844378387,cd_site1,Staphylococcus_aureus_rpoB_mutants_conferring_resistance_to_rifampicin,0.008661478403371012
factor(cd_site1)4,108.8567530344489,241.33729002375222,0.4510564986610039,0.6523701318262529,cd_site1,Staphylococcus_aureus_rpoB_mutants_conferring_resistance_to_rifampicin,0.6523701318262529
factor(cd_site_l4)1,-66.0932546261323,53.69556450879797,-1.2308885329867978,0.21960033385324787,cd_site_l4,Staphylococcus_aureus_rpoB_mutants_conferring_resistance_to_rifampicin,0.21960033385324787
factor(cd_perianal)1,23.41285390794719,35.56131909299493,0.6583797931320042,0.510941355185526,cd_perianal,Staphylococcus_aureus_rpoB_mutants_conferring_resistance_to_rifampicin,0.510941355185526
cdai,0.5188057813834457,0.23186017829693295,2.237580360690633,0.026224003092761378,cdai,Staphylococcus_aureus_rpoB_mutants_conferring_resistance_to_rifampicin,0.026224003092761378
factor(cd_act)Mild Act,102.25643979021062,37.94576341978248,2.694805179144207,0.007295270203833615,cd_act,Staphylococcus_aureus_rpoB_mutants_conferring_resistance_to_rifampicin,0.007295270203833615
factor(cd_act)Moderate,262.51595392462445,50.86421998559453,5.1611123496826,3.629011134037596e-7,cd_act,Staphylococcus_aureus_rpoB_mutants_conferring_resistance_to_rifampicin,1.088703340211279e-6
factor(cd_act)Remission,55.0638982337813,19.664876861707715,2.80011406229571,0.005318870064652384,cd_act,Staphylococcus_aureus_rpoB_mutants_conferring_resistance_to_rifampicin,0.007295270203833615
factor(cd_behaviour___1)1,-124.73858582206613,32.97441355847703,-3.782890197602876,1.9692013386676498e-4,cd_behaviour___1,Staphylococcus_aureus_rpoB_mutants_conferring_resistance_to_rifampicin,1.9692013386676498e-4
factor(cd_behaviour___2)1,102.01925824125776,39.12534893632098,2.6074977224433358,0.009707111652674832,cd_behaviour___2,Staphylococcus_aureus_rpoB_mutants_conferring_resistance_to_rifampicin,0.009707111652674832
factor(cd_behaviour___3)1,77.08358604431199,36.8316189831461,2.092864451046393,0.037438681304696714,cd_behaviour___3,Staphylococcus_aureus_rpoB_mutants_conferring_resistance_to_rifampicin,0.037438681304696714
factor(cd_site1)2,0.6721933058025868,0.7582075967406622,0.8865557516070421,0.37623618918714785,cd_site1,mepA,0.7665032285524094
factor(cd_site1)3,-0.3140985828772943,0.5721588573117279,-0.5489709350180779,0.5835533502455101,cd_site1,mepA,0.7665032285524094
factor(cd_site1)4,-0.9772679634823457,3.287140114010303,-0.2973003673670853,0.7665032285524094,cd_site1,mepA,0.7665032285524094
factor(cd_site_l4)1,-0.12789288433861787,0.720778981835445,-0.17743703348971407,0.8593186158303177,cd_site_l4,mepA,0.8593186158303177
factor(cd_perianal)1,0.22612152605446403,0.4760602855645657,0.47498506578069993,0.6352406386836551,cd_perianal,mepA,0.6352406386836551
cdai,-0.003932103513061246,0.003124065178570344,-1.2586496402295557,0.209455535223872,cdai,mepA,0.209455535223872
factor(cd_act)Mild Act,-2.2030634142739065,1.367416837359014,-1.6111132714504481,0.10782635534027427,cd_act,mepA,0.15557148073804877
factor(cd_act)Moderate,-2.6071971106084595,1.8329474639367669,-1.4224068948538084,0.15557148073804877,cd_act,mepA,0.15557148073804877
factor(cd_act)Remission,-1.9706485519399144,0.7086452162739216,-2.7808676424877956,0.005639127214941054,cd_act,mepA,0.016917381644823162
factor(cd_behaviour___1)1,1.2466159823573055,0.44715982243486874,2.787853290506398,0.005741909163543524,cd_behaviour___1,mepA,0.005741909163543524
factor(cd_behaviour___2)1,-1.0377869698650501,0.5267403087877282,-1.9702061007130356,0.0499939500758099,cd_behaviour___2,mepA,0.0499939500758099
factor(cd_behaviour___3)1,-0.7281585220485429,0.4951556566899831,-1.4705648864361915,0.1427521952718862,cd_behaviour___3,mepA,0.1427521952718862
factor(cd_site1)2,5.1128380595551,1.9086559338186506,2.6787636100163104,0.007918290757192564,cd_site1,Staphylococcus_aureus_mupA_conferring_resistance_to_mupirocin,0.02375487227157769
factor(cd_site1)3,-0.8870848814307635,1.4403105465961918,-0.6158983446501612,0.5385653866310147,cd_site1,Staphylococcus_aureus_mupA_conferring_resistance_to_mupirocin,0.8078480799465221
factor(cd_site1)4,-1.6613104513397827,8.274804302765448,-0.20076734029644316,0.8410563960136421,cd_site1,Staphylococcus_aureus_mupA_conferring_resistance_to_mupirocin,0.8410563960136421
factor(cd_site_l4)1,-0.17145808307306362,1.85729043281914,-0.092316247390997,0.9265257645789582,cd_site_l4,Staphylococcus_aureus_mupA_conferring_resistance_to_mupirocin,0.9265257645789582
factor(cd_perianal)1,0.03862596708353079,1.2272320720557788,0.03147405284057407,0.9749183133436667,cd_perianal,Staphylococcus_aureus_mupA_conferring_resistance_to_mupirocin,0.9749183133436667
cdai,-0.028537219295012645,0.007835846054450857,-3.641881054924905,3.3561886249087645e-4,cdai,Staphylococcus_aureus_mupA_conferring_resistance_to_mupirocin,3.3561886249087645e-4
factor(cd_act)Mild Act,-7.200995268842776,3.4463777480958533,-2.089438765910491,0.037205377830714516,cd_act,Staphylococcus_aureus_mupA_conferring_resistance_to_mupirocin,0.05580806674607178
factor(cd_act)Moderate,-8.720594824577143,4.61968083217471,-1.887705047465786,0.05968135325542253,cd_act,Staphylococcus_aureus_mupA_conferring_resistance_to_mupirocin,0.05968135325542253
factor(cd_act)Remission,-4.630807081581953,1.7860384909241862,-2.5927812335028344,0.009817015727433103,cd_act,Staphylococcus_aureus_mupA_conferring_resistance_to_mupirocin,0.02945104718229931
factor(cd_behaviour___1)1,1.522691781332719,1.1669170657179573,1.3048843196031825,0.19321400856924187,cd_behaviour___1,Staphylococcus_aureus_mupA_conferring_resistance_to_mupirocin,0.19321400856924187
factor(cd_behaviour___2)1,-0.5037387521388507,1.3680430719270331,-0.36821848849340794,0.7130432054450575,cd_behaviour___2,Staphylococcus_aureus_mupA_conferring_resistance_to_mupirocin,0.7130432054450575
factor(cd_behaviour___3)1,-1.4997706689585495,1.2779723173957505,-1.1735548951598413,0.2417664599354495,cd_behaviour___3,Staphylococcus_aureus_mupA_conferring_resistance_to_mupirocin,0.2417664599354495
factor(cd_site1)2,-2.72246444309977,1.7858311093076544,-1.5244803547829544,0.12875074725526553,cd_site1,vanD,0.32076872949171675
factor(cd_site1)3,-1.3408978927692816,1.3476244385384244,-0.9950085902445951,0.32076872949171675,cd_site1,vanD,0.32076872949171675
factor(cd_site1)4,8.923076241201244,7.742308440969872,1.152508493976179,0.2502983256679973,cd_site1,vanD,0.32076872949171675
factor(cd_site_l4)1,-1.4915701061937277,1.7011945071180141,-0.8767781108819765,0.38150639255744867,cd_site_l4,vanD,0.38150639255744867
factor(cd_perianal)1,-0.09932188173604918,1.1258974662736219,-0.08821574318376824,0.9297806536855227,cd_perianal,vanD,0.9297806536855227
cdai,0.00928044960869071,0.007362085930544757,1.260573388608085,0.20876248908191442,cdai,vanD,0.20876248908191442
factor(cd_act)Mild Act,3.8102188500591905,1.119825882952808,3.4025100759523714,7.247590200063032e-4,cd_act,vanD,0.0020902107236104974
factor(cd_act)Moderate,1.6662554240290306,1.5010653343814258,1.1100485674167395,0.267545700203022,cd_act,vanD,0.267545700203022
factor(cd_act)Remission,1.8658731631709835,0.5803345646576089,3.2151680716653996,0.0013934738157403317,cd_act,vanD,0.0020902107236104974
factor(cd_behaviour___1)1,-3.368079004710896,1.0516650823007583,-3.2026156058566206,0.001551045229365838,cd_behaviour___1,vanD,0.001551045229365838
factor(cd_behaviour___2)1,2.3218781739588663,1.246253982019822,1.863085861676257,0.06370310794169719,cd_behaviour___2,vanD,0.06370310794169719
factor(cd_behaviour___3)1,3.1725033742746964,1.1574770563056869,2.7408779785237023,0.006600450688955432,cd_behaviour___3,vanD,0.006600450688955432
factor(cd_site1)2,0.5722179403180494,1.282306177611493,0.44624127241116457,0.6558391806099462,cd_site1,Streptococcus_pneumoniae_23S_rRNA_with_mutation_conferring_resistance_to_macrolide_antibiotics,0.8392881534156718
factor(cd_site1)3,0.8209471326429764,0.9676542947602658,0.8483888689259259,0.3970959145347256,cd_site1,Streptococcus_pneumoniae_23S_rRNA_with_mutation_conferring_resistance_to_macrolide_antibiotics,0.8392881534156718
factor(cd_site1)4,1.1287189611195363,5.559321870408141,0.203031770318539,0.8392881534156718,cd_site1,Streptococcus_pneumoniae_23S_rRNA_with_mutation_conferring_resistance_to_macrolide_antibiotics,0.8392881534156718
factor(cd_site_l4)1,-0.8724651426586474,1.21331347077384,-0.719076449470389,0.47281128866306144,cd_site_l4,Streptococcus_pneumoniae_23S_rRNA_with_mutation_conferring_resistance_to_macrolide_antibiotics,0.47281128866306144
factor(cd_perianal)1,0.3343038664260542,0.802289564431703,0.416687292527426,0.6772891238449456,cd_perianal,Streptococcus_pneumoniae_23S_rRNA_with_mutation_conferring_resistance_to_macrolide_antibiotics,0.6772891238449456
cdai,-0.013151866210315347,0.00520608291554211,-2.526249854963334,0.012213463510337811,cdai,Streptococcus_pneumoniae_23S_rRNA_with_mutation_conferring_resistance_to_macrolide_antibiotics,0.012213463510337811
factor(cd_act)Mild Act,-3.7790403807032624,1.6198343076606203,-2.3329795910798974,0.020070272901482066,cd_act,Streptococcus_pneumoniae_23S_rRNA_with_mutation_conferring_resistance_to_macrolide_antibiotics,0.030105409352223098
factor(cd_act)Moderate,-4.655928097965998,2.1712992740082635,-2.144305095893602,0.032520667899917304,cd_act,Streptococcus_pneumoniae_23S_rRNA_with_mutation_conferring_resistance_to_macrolide_antibiotics,0.032520667899917304
factor(cd_act)Remission,-2.8789107905578626,0.8394571442436476,-3.4294910827779854,6.579835778064395e-4,cd_act,Streptococcus_pneumoniae_23S_rRNA_with_mutation_conferring_resistance_to_macrolide_antibiotics,0.0019739507334193187
factor(cd_behaviour___1)1,0.9932042053327929,0.7631551545106482,1.3014446662155577,0.19438616277121598,cd_behaviour___1,Streptococcus_pneumoniae_23S_rRNA_with_mutation_conferring_resistance_to_macrolide_antibiotics,0.19438616277121598
factor(cd_behaviour___2)1,-1.0413595786628729,0.8923392683177439,-1.1669996106145424,0.24439838706515524,cd_behaviour___2,Streptococcus_pneumoniae_23S_rRNA_with_mutation_conferring_resistance_to_macrolide_antibiotics,0.24439838706515524
factor(cd_behaviour___3)1,-0.3721539441057004,0.8378713415001838,-0.44416597832236365,0.6573330677825855,cd_behaviour___3,Streptococcus_pneumoniae_23S_rRNA_with_mutation_conferring_resistance_to_macrolide_antibiotics,0.6573330677825855
factor(cd_site1)2,-1.965651290202418,1.5932836663718672,-1.2337108147719136,0.21855906453825516,cd_site1,TolC,0.32783859680738275
factor(cd_site1)3,-0.39519070912647947,1.202324226034596,-0.3286889680580287,0.7426872874008628,cd_site1,TolC,0.7426872874008628
factor(cd_site1)4,105.48737047242942,6.907536504833726,15.271344624615725,6.54241037114287e-37,cd_site1,TolC,1.962723111342861e-36
factor(cd_site_l4)1,3.9560761946472196,2.138222300292739,1.8501706740714483,0.06554959764672574,cd_site_l4,TolC,0.06554959764672574
factor(cd_perianal)1,-1.3301865982333207,1.4204766162993865,-0.9364368149182993,0.3500137682081159,cd_perianal,TolC,0.3500137682081159
cdai,-1.815939252333189e-4,0.009367402073948556,-0.0193857297679519,0.9845504981091033,cdai,TolC,0.9845504981091033
factor(cd_act)Mild Act,2.7076004389561117,1.3761211741075017,1.9675596087765712,0.04970632949811918,cd_act,TolC,0.07455949424717877
factor(cd_act)Moderate,1.1012378364503348,1.8446151511646105,0.5970014047402032,0.550793916223696,cd_act,TolC,0.550793916223696
factor(cd_act)Remission,2.3695907521062627,0.7131561206515262,3.322681644997239,9.611432968372281e-4,cd_act,TolC,0.002883429890511684
factor(cd_behaviour___1)1,-3.5016303587854156,1.3386738376766363,-2.615745718062844,0.009482361821125189,cd_behaviour___1,TolC,0.009482361821125189
factor(cd_behaviour___2)1,3.8096878643170795,1.5672159238208718,2.4308634224625933,0.015815339089109894,cd_behaviour___2,TolC,0.015815339089109894
factor(cd_behaviour___3)1,0.7362361761391077,1.4855478447920532,0.49559910084361236,0.6206423990962034,cd_behaviour___3,TolC,0.6206423990962034
factor(cd_site1)2,-11.266952500077323,10.769059086523983,-1.0462336968859598,0.296541954985622,cd_site1,adeL,0.889625864956866
factor(cd_site1)3,0.15833400008003412,8.12655078603171,0.019483542802954716,0.9844721113369597,cd_site1,adeL,0.9844721113369597
factor(cd_site1)4,16.812559555950628,46.688276753798036,0.36010237954612334,0.7190981795116371,cd_site1,adeL,0.9844721113369597
factor(cd_site_l4)1,-11.378936798479998,10.196909135178865,-1.115920191857275,0.26560093065606566,cd_site_l4,adeL,0.26560093065606566
factor(cd_perianal)1,-5.61508014828268,6.745574007148627,-0.8324095388075344,0.4060265456045573,cd_perianal,adeL,0.4060265456045573
cdai,0.052253814199894805,0.04428537679822637,1.1799338286760963,0.23926703103115263,cdai,adeL,0.23926703103115263
factor(cd_act)Mild Act,22.564114932792936,6.556691415468832,3.4413873557567,6.304041291384501e-4,cd_act,adeL,9.456061937076752e-4
factor(cd_act)Moderate,13.531068814356164,8.78888614901868,1.539565831771182,0.12433917319852808,cd_act,adeL,0.12433917319852808
factor(cd_act)Remission,13.658569201395714,3.3979163333472804,4.019689674919301,6.786274465609106e-5,cd_act,adeL,2.0358823396827318e-4
factor(cd_behaviour___1)1,-17.459243226762553,6.345016231325677,-2.7516467397774895,0.006393965019746827,cd_behaviour___1,adeL,0.006393965019746827
factor(cd_behaviour___2)1,15.869544861957902,7.4610636203919,2.1269815765388604,0.034468266821535004,cd_behaviour___2,adeL,0.034468266821535004
factor(cd_behaviour___3)1,9.18526845279656,7.0299235425483,1.3065957826145804,0.19263273213150978,cd_behaviour___3,adeL,0.19263273213150978
factor(cd_site1)2,-49.028948768302875,21.05218114153659,-2.328924895652132,0.020722983176423636,cd_site1,PvrR,0.062168949529270906
factor(cd_site1)3,-30.86255292285844,15.886403615105198,-1.9427023051028074,0.053262156230748745,cd_site1,PvrR,0.07989323434612311
factor(cd_site1)4,-52.480367991674626,91.2698176795317,-0.5750024413979294,0.5658468458983383,cd_site1,PvrR,0.5658468458983383
factor(cd_site_l4)1,-29.415203788640433,20.07889762038877,-1.4649810136374855,0.14426837185527977,cd_site_l4,PvrR,0.14426837185527977
factor(cd_perianal)1,-4.442730854033721,13.324752079531523,-0.33341940079007615,0.7391162866784684,cd_perianal,PvrR,0.7391162866784684
cdai,0.15614391283196524,0.08543375609006804,1.8276606341333212,0.06891904585582442,cdai,PvrR,0.06891904585582442
factor(cd_act)Mild Act,28.230671445610344,15.604288317120407,1.8091611018643363,0.07106476855752974,cd_act,PvrR,0.07106476855752974
factor(cd_act)Moderate,93.12685307848662,20.916694833628544,4.452273832898452,1.0625488632993873e-5,cd_act,PvrR,3.1876465898981617e-5
factor(cd_act)Remission,17.63111557311894,8.086710626324674,2.180258004499921,0.029733702715106294,cd_act,PvrR,0.04460055407265944
factor(cd_behaviour___1)1,-29.706010197341765,12.569760554291115,-2.363291652934519,0.018932086587377862,cd_behaviour___1,PvrR,0.018932086587377862
factor(cd_behaviour___2)1,34.37281493830457,14.690561742296985,2.3397890115623388,0.020136470275204325,cd_behaviour___2,PvrR,0.020136470275204325
factor(cd_behaviour___3)1,14.271487086823225,13.88841640933026,1.02758202707946,0.30520750337990127,cd_behaviour___3,PvrR,0.30520750337990127
factor(cd_site1)2,0.0252991637972799,0.7471649677916353,0.03386021144976269,0.9730177351785765,cd_site1,mtrC,0.9730177351785765
factor(cd_site1)3,0.06369118591233308,0.5638258651492216,0.11296251174194825,0.910157960553341,cd_site1,mtrC,0.9730177351785765
factor(cd_site1)4,1.9882538398233713,3.2392657999853363,0.6137976821267251,0.5399503926046798,cd_site1,mtrC,0.9730177351785765
factor(cd_site_l4)1,1.546490597705838,0.6999516404711603,2.2094249206485816,0.028114325059315635,cd_site_l4,mtrC,0.028114325059315635
factor(cd_perianal)1,0.4568293285730052,0.4663399381186188,0.9796058437885831,0.32829241641601503,cd_perianal,mtrC,0.32829241641601503
cdai,0.0018068272931129076,0.003074331928360937,0.5877137977343284,0.5573111751559414,cdai,mtrC,0.5573111751559414
factor(cd_act)Mild Act,0.08903968606766399,0.8503689480853444,0.10470712302952981,0.9166528776796823,cd_act,mtrC,0.9166528776796823
factor(cd_act)Moderate,-0.6965221948767348,1.1398730542282898,-0.611052425788142,0.5414602759363347,cd_act,mtrC,0.8121904139045021
factor(cd_act)Remission,-1.151778876537045,0.4406921654500231,-2.6135678526548776,0.00924759435240543,cd_act,mtrC,0.027742783057216294
factor(cd_behaviour___1)1,-0.37775571607441627,0.44525738913100166,-0.8483985337372462,0.397083077813948,cd_behaviour___1,mtrC,0.397083077813948
factor(cd_behaviour___2)1,0.8026345109135388,0.5184132747482956,1.5482522342878675,0.12291294831849418,cd_behaviour___2,mtrC,0.12291294831849418
factor(cd_behaviour___3)1,-0.3146535732995048,0.4876108460681183,-0.645296501988695,0.5193672629671371,cd_behaviour___3,mtrC,0.5193672629671371
factor(cd_site1)2,0.13725651168873598,0.34848425427269303,0.39386718339742016,0.6940408595491758,cd_site1,patA,0.6940408595491758
factor(cd_site1)3,-0.1710647816216185,0.26297329857009144,-0.6505024751629825,0.5160113812975604,cd_site1,patA,0.6940408595491758
factor(cd_site1)4,1.6584260081911721,1.5108218069101578,1.0976979552491937,0.2734743673710997,cd_site1,patA,0.6940408595491758
factor(cd_site_l4)1,0.004564963584820464,0.331391885764119,0.013775121784574271,0.9890211278731292,cd_site_l4,patA,0.9890211278731292
factor(cd_perianal)1,-0.20792339462241285,0.21854636818808715,-0.9513925870571692,0.34238676530062084,cd_perianal,patA,0.34238676530062084
cdai,-0.002441819098752468,0.0014324892049755854,-1.7045986037947736,0.08964356182243015,cdai,patA,0.08964356182243015
factor(cd_act)Mild Act,-2.064857769872659,1.0240102937253603,-2.0164423956722977,0.044322038208443375,cd_act,patA,0.06648305731266506
factor(cd_act)Moderate,-1.8385261887125446,1.3726297787543256,-1.339418841969919,0.18108168529431007,cd_act,patA,0.18108168529431007
factor(cd_act)Remission,-1.783708288700459,0.530679436027164,-3.361178458419021,8.393974356018386e-4,cd_act,patA,0.0025181923068055157
factor(cd_behaviour___1)1,0.3238608715535763,0.2078873764407797,1.5578669426608192,0.1206162137061746,cd_behaviour___1,patA,0.1206162137061746
factor(cd_behaviour___2)1,-0.08495270957693914,0.2440998442690347,-0.34802443168832375,0.7281347087192562,cd_behaviour___2,patA,0.7281347087192562
factor(cd_behaviour___3)1,-0.3794323278621337,0.22734238315912436,-1.6689907204700878,0.09645655388421963,cd_behaviour___3,patA,0.09645655388421963
factor(cd_site1)2,-18.265502866444148,8.655307201341882,-2.110324040677879,0.03590142400735698,cd_site1,Pseudomonas_aeruginosa_CpxR,0.053852136011035466
factor(cd_site1)3,-5.746097296299766,6.531470667519041,-0.8797555081851732,0.379902122908122,cd_site1,Pseudomonas_aeruginosa_CpxR,0.379902122908122
factor(cd_site1)4,112.61521356966279,37.52429759727747,3.0011278233182295,0.002983762643704794,cd_site1,Pseudomonas_aeruginosa_CpxR,0.008951287931114382
factor(cd_site_l4)1,-5.749234181116014,8.437331762553564,-0.6814043044546592,0.4962895027576829,cd_site_l4,Pseudomonas_aeruginosa_CpxR,0.4962895027576829
factor(cd_perianal)1,-4.8857977393579946,5.571382556084779,-0.8769452986174816,0.3814157608251286,cd_perianal,Pseudomonas_aeruginosa_CpxR,0.3814157608251286
cdai,0.04667210983810439,0.03640139959619192,1.2821515204318386,0.20110314167882548,cdai,Pseudomonas_aeruginosa_CpxR,0.20110314167882548
factor(cd_act)Mild Act,27.203728380420518,5.677774801387815,4.79126582719891,2.22590217003122e-6,cd_act,Pseudomonas_aeruginosa_CpxR,4.014141908010593e-6
factor(cd_act)Moderate,9.939890210560348,7.610746510265114,1.3060335404882772,0.19217998080061133,cd_act,Pseudomonas_aeruginosa_CpxR,0.19217998080061133
factor(cd_act)Remission,13.983522172653966,2.9424297274670144,4.752372517895833,2.6760946053403953e-6,cd_act,Pseudomonas_aeruginosa_CpxR,4.014141908010593e-6
factor(cd_behaviour___1)1,-22.20973360107704,5.123786308958907,-4.334633074420661,2.1694027108435908e-5,cd_behaviour___1,Pseudomonas_aeruginosa_CpxR,2.1694027108435908e-5
factor(cd_behaviour___2)1,18.42885152981449,6.104886710023018,3.0187049170884626,0.0028197171831313896,cd_behaviour___2,Pseudomonas_aeruginosa_CpxR,0.0028197171831313896
factor(cd_behaviour___3)1,14.750015385779143,5.748007341083448,2.566109350688285,0.010908648538561294,cd_behaviour___3,Pseudomonas_aeruginosa_CpxR,0.010908648538561294
factor(cd_site1)2,-9.077006382422876,2.849762040466574,-3.185180465431687,0.0016451654716596958,cd_site1,Klebsiella_mutant_PhoP_conferring_antibiotic_resistance_to_colistin,0.004935496414979087
factor(cd_site1)3,-4.670159214994786,2.150488335507137,-2.171673818399694,0.030894115397315458,cd_site1,Klebsiella_mutant_PhoP_conferring_antibiotic_resistance_to_colistin,0.04634117309597319
factor(cd_site1)4,16.111366947245347,12.35488428086222,1.3040483893646773,0.19350942570101862,cd_site1,Klebsiella_mutant_PhoP_conferring_antibiotic_resistance_to_colistin,0.19350942570101862
factor(cd_site_l4)1,-2.974953253582723,2.764212627783631,-1.0762389346177272,0.28292876450079396,cd_site_l4,Klebsiella_mutant_PhoP_conferring_antibiotic_resistance_to_colistin,0.28292876450079396
factor(cd_perianal)1,-0.746540846760832,1.8303292784170955,-0.407872427963593,0.6837402678763991,cd_perianal,Klebsiella_mutant_PhoP_conferring_antibiotic_resistance_to_colistin,0.6837402678763991
cdai,0.03188881759857739,0.011864738863550904,2.6876965405906654,0.007729949048804049,cdai,Klebsiella_mutant_PhoP_conferring_antibiotic_resistance_to_colistin,0.007729949048804049
factor(cd_act)Mild Act,8.681996745598529,1.8642430263750362,4.6571163859898705,4.179461276102889e-6,cd_act,Klebsiella_mutant_PhoP_conferring_antibiotic_resistance_to_colistin,6.269191914154334e-6
factor(cd_act)Moderate,13.082750867847858,2.498915790707629,5.235370842225604,2.4876146551634126e-7,cd_act,Klebsiella_mutant_PhoP_conferring_antibiotic_resistance_to_colistin,7.462843965490238e-7
factor(cd_act)Remission,4.153984283384131,0.9661186454045668,4.29966267926092,2.081146562733362e-5,cd_act,Klebsiella_mutant_PhoP_conferring_antibiotic_resistance_to_colistin,2.081146562733362e-5
factor(cd_behaviour___1)1,-6.945860009598875,1.6872823877216712,-4.11659604826305,5.332388433791591e-5,cd_behaviour___1,Klebsiella_mutant_PhoP_conferring_antibiotic_resistance_to_colistin,5.332388433791591e-5
factor(cd_behaviour___2)1,5.4708921718906405,2.010082009712715,2.7217258527041652,0.006982645189702299,cd_behaviour___2,Klebsiella_mutant_PhoP_conferring_antibiotic_resistance_to_colistin,0.006982645189702299
factor(cd_behaviour___3)1,5.543723134649073,1.8776264381135612,2.952516550746279,0.003472943835215531,cd_behaviour___3,Klebsiella_mutant_PhoP_conferring_antibiotic_resistance_to_colistin,0.003472943835215531
factor(cd_site1)2,-13.91799398083009,10.230451180217461,-1.3604477198174016,0.17500858338415753,cd_site1,arlS,0.26251287507623633
factor(cd_site1)3,2.26708331300749,7.720106316817551,0.29365959741627584,0.7692805629448811,cd_site1,arlS,0.7692805629448811
factor(cd_site1)4,121.71501104876538,44.3531911358827,2.744222184056003,0.006539813877613969,cd_site1,arlS,0.019619441632841905
factor(cd_site_l4)1,-8.178445382787968,9.894911822170238,-0.8265303955982298,0.4093452598683043,cd_site_l4,arlS,0.4093452598683043
factor(cd_perianal)1,-7.539806867132595,6.529062423189743,-1.154806981221824,0.2493473967781839,cd_perianal,arlS,0.2493473967781839
cdai,0.0734086821859174,0.04280847731174094,1.714816475515793,0.08774964942005169,cdai,arlS,0.08774964942005169
factor(cd_act)Mild Act,31.198343142242607,6.557271543474016,4.757823880771277,2.6080862844502834e-6,cd_act,arlS,7.82425885335085e-6
factor(cd_act)Moderate,19.50257244085523,8.789663778872876,2.2188075598218275,0.026976743792800534,cd_act,arlS,0.026976743792800534
factor(cd_act)Remission,14.634899378425734,3.3982169768120007,4.306640652521047,2.0190154138021565e-5,cd_act,arlS,3.0285231207032346e-5
factor(cd_behaviour___1)1,-23.57145725242074,6.055458914612562,-3.8925963473288427,1.2938313328340483e-4,cd_behaviour___1,arlS,1.2938313328340483e-4
factor(cd_behaviour___2)1,20.218543222946266,7.180372104414314,2.8158071655529398,0.005280427757333401,cd_behaviour___2,arlS,0.005280427757333401
factor(cd_behaviour___3)1,14.792888425243696,6.769654034601078,2.185176428460633,0.02986828636283355,cd_behaviour___3,arlS,0.02986828636283355
factor(cd_site1)2,-26.312841543833578,15.544155718038025,-1.6927803620301591,0.09183965467104184,cd_site1,lmrD,0.13775948200656277
factor(cd_site1)3,-4.445682534888355,11.729935721746946,-0.3790031454858012,0.7050321608940484,cd_site1,lmrD,0.7050321608940484
factor(cd_site1)4,168.14462780210994,67.39027413973837,2.4950874580722213,0.013289161306751467,cd_site1,lmrD,0.0398674839202544
factor(cd_site_l4)1,-10.759573728925254,15.007408017183115,-0.7169508363206895,0.4741194359550901,cd_site_l4,lmrD,0.4741194359550901
factor(cd_perianal)1,-6.4567399046508545,9.918114614765273,-0.6510047680875347,0.5156821666315912,cd_perianal,lmrD,0.5156821666315912
cdai,0.14477052500805127,0.06460430824910011,2.2408803519704557,0.026006080906223004,cdai,lmrD,0.026006080906223004
factor(cd_act)Mild Act,47.2088729562276,9.742125168382756,4.845849559543744,1.7152283592591948e-6,cd_act,lmrD,5.145685077777584e-6
factor(cd_act)Moderate,37.213771675307264,13.058785830975866,2.849711462993365,0.00456811638122548,cd_act,lmrD,0.00456811638122548
factor(cd_act)Remission,22.765773616773114,5.048724140511406,4.509213215691178,8.226974583969749e-6,cd_act,lmrD,1.2340461875954623e-5
factor(cd_behaviour___1)1,-35.68463150599244,9.181757217396965,-3.8864708204633907,1.3248587866763388e-4,cd_behaviour___1,lmrD,1.3248587866763388e-4
factor(cd_behaviour___2)1,29.409417429594896,10.901059353744103,2.697849491067478,0.007487077067721808,cd_behaviour___2,lmrD,0.007487077067721808
factor(cd_behaviour___3)1,24.10964651580612,10.24738802878361,2.3527601812369348,0.019463699482071155,cd_behaviour___3,lmrD,0.019463699482071155
