feature	k149_101865_34	k149_103437_27	k149_106777_66	k149_107332_92	k149_110324_8	k149_110541_22	k149_112649_18	k149_115884_6	k149_116128_96	k149_117874_31	k149_118281_20	k149_122792_191	k149_130261_154	k149_130261_183	k149_130672_15	k149_131241_136	k149_134666_10	k149_137462_21	k149_145357_32	k149_148463_138	k149_148463_24	k149_154020_42	k149_1590_94	k149_163091_142	k149_163091_90	k149_163091_92	k149_16561_10	k149_168025_95	k149_168967_172	k149_17078_68	k149_191853_13	k149_198842_65	k149_211711_7	k149_212974_29	k149_218693_8	k149_25741_10	k149_277096_39	k149_28321_45	k149_29044_31	k149_305790_18	k149_34831_79	k149_43075_294	k149_43898_21	k149_43954_24	k149_44733_4	k149_45431_17	k149_45854_12	k149_49060_101	k149_49060_107	k149_49100_7	k149_49232_21	k149_49857_4	k149_54842_45	k149_59941_16	k149_63122_44	k149_6815_10	k149_69830_8	k149_7326_19	k149_74925_127	k149_78077_21	k149_78367_20	k149_78367_238	k149_78367_35	k149_85850_31	k149_85897_43	k149_91219_23	k149_99651_133	k149_99651_276
AUS1002	195	0	0	82.249	36.062	10.42	2	2.279	87	0	0	142	125	86.639	29	35	0	286.751	71	28	209.566	45	7.655	53	48	175	21.938	161	0	1.064	0	0	1.095	6.711	0	0	0	0	93	44.542	25.856	27.431	28.11	48	0	1	6.687	75	56.652	23.832	0	0	2.295	13.443	0	3.537	0	107.946	6.526	0	125	78.334	108	0	46	0	93.009	89
AUS1005	0	0	0	0	0	46.626	32.925	0	0	0	0	2.332	2.195	1.558	0	0	14	2.082	4.352	0	0	1	1	1	0	0	0	0	0	9.607	23	0	0	24.563	3	49	0	0	1	6.63	1	0	0	0	0	18	50.099	5.481	0	0	3.794	0	35.347	0	0	9.992	0	4.126	0	12	0	1.734	2.144	0	0	0	2.943	1
AUS1006	276	0	0	144.366	43.466	0	0	0	43.402	0	1.277	265.562	193	153	41.444	13.593	0	486	149	51	367.772	112.704	24.968	95	95	284	34.628	217.244	0	0	0	0	0	0	0	0	0	0	200.872	76.172	69.548	71.894	42.894	85.355	0	0	0	113	104.605	53.361	0	0	0	6.009	65	0	0	154	8.257	0	225	100.289	156.465	0	103.809	0	141.116	176.988
AUS1007	58.907	0	0	28.338	338.929	0	0	0	43.665	0	16.743	21.907	17.27	14.427	5.319	11	0	93.077	28.301	29.674	19.254	4.288	2.686	5.734	78.159	307.611	8.168	124.483	0	0	0	1.122	0	0	0	0	0	0	19.7	126.209	27.641	61.471	13.572	85.488	0	0	0	71.094	10.491	32.247	32.736	0	0	4.078	0	0	0	22.636	71.512	0	53.612	0.116	61.72	0	30.582	0	18.541	35.166
AUS1008	0	0	0	0	0	0	0	0	0	0	0	2	2.656	0	0	0	0	1	0	0	0	1	0	1	1	2	0	1	0	0	0	0	0	0	0	0	0	0	1	0	2	0	0	0	0	0	0	2	0	1	4.906	0	0	0	0	1	0	0	0	0	0	0	0	0	0	0	0	5
AUS1010	8.975	0	0	7.86	16.45	0	0	0	4.404	0	0	24.645	4.717	16.503	1.586	3.244	0	42.469	24.527	11.94	8.607	12.364	2.998	12.43	18	54	9.659	42	0	0	0	0	0	0	0	0	0	0	13.541	7.986	34.413	15.032	5.304	18	0	0	0	13.375	2	9.29	0	0	0	0	0	0	0	6	2.152	0	19.286	12.807	2.367	0	7.627	6	1.518	39.123
AUS1011	310.69	0	0	37.825	177.59	0	0	0	215.155	0	34.31	264.007	139.397	210.541	75.49	77.667	0	246.771	157.385	105.333	4.004	176.717	70.044	8.552	181.244	701.508	289.792	437.51	0	0	0	0	0	0	0	2	0	0	236.827	59.763	98.823	99.625	16.707	163.88	0	0	0	180.618	53.643	30.073	116.871	0	0	1.003	390.084	0	29.498	123.361	90.181	0	195.663	36.899	157.063	0	94.727	25.934	116.943	176.418
AUS1012	0	0	0	0	1.939	0	3	0	0	4	1	0	0	0	0	0	0	3	0	1	0	0	0	0	0	3	0	0	0	6	0	0	8	3.85	4	0	0	0	1	0	0	0	1	0	0	7.623	15.872	0	0	2.743	2.629	1.133	5.791	0	0	0	0	0	0	0	0	0	0	0	4	0	4.461	0
AUS1013	0	0	0	14.882	8.489	1.592	1	0	16.95	0	0	8.938	15.241	4.156	8.673	3	0	1.021	6.567	10.62	0	16.949	0	16	0	0	5.626	0	0	0	0	0	0	0	0	10	0	0	12.194	35.608	2.141	2.086	1.072	0	0	0	0	27.198	2.724	8.617	211.934	0	0	0	0	0	0	0	43.324	0	22.576	0	2.026	0	0	1.533	7.723	16.067
AUS1015	0	0	2.952	0	0	2	1	0	0	1	0	0	2	0	0	0	1.092	1	0	0	0	0	0	0	0	1	1	0	0	1	6	103.917	0	1.292	0	0	0	0	0	0	0	0	1	1	0	0	1.471	0	0	0	1.5	2	0	0	0	0	0	0	0	1	0	0	0	0	0	0	0	0
AUS1016	1.282	0	0	26.193	523.13	0	0	0	0	0	2.584	190.564	17.541	64.169	11.171	11.645	0	91.038	19.967	0	81.762	19.797	23.629	4.405	258.995	1054.79	41.309	0	0	0	0	0	0	0	0	0	0	0	12.098	5.511	3.33	39.023	14.036	287.387	0	0	0	229.623	1.138	221.185	636.509	0	0	8.612	8.814	0	0	1.211	0	0	40.342	315.295	13.92	0	12.19	9.904	4.815	11.327
AUS1017	2.276	0	0	0	0	0	0	71.025	3.847	6.707	0	6	1	0	1	2	0	4.525	3	1	8	2	0	2	0	0	3	7.567	0	0	0	0	4.287	2.706	0	6	0	0	4	0	2	0	4	0	2	0	0	0	2	0	0	2.489	0	0	0	4.632	1	0	0	0	0	3	1.182	0	0	0	2.928	2
AUS1021	169.691	11.553	1	107.705	68.06	1.308	1	0	52.977	0	14.362	174.469	113.548	0	10.502	14.27	1	55.33	89.456	29.109	3.144	169.713	89.36	29.959	133.851	560.876	213.583	0	0	1	2	0	0	4.211	0	0	5	2	61.003	181.019	88.654	363.187	110.49	151.487	0	1	0	79.328	19.982	214.967	278.21	0	0	13.065	112.345	1.556	107.94	36.876	1.069	3	183.864	52.872	36.273	2	138.819	26.563	144.493	206.943
AUS1022	219.503	0	0	127.078	135.051	0	0	0	18.749	0	16.178	244.534	141.291	73.158	32.458	30.358	0	245.591	112.782	45.266	180.894	126.741	60.095	67.706	150.567	484.331	176.279	72	0	0	0	0	0	0	0	0	0	0	109.524	75.521	27.955	250.587	94.155	126.646	0	0	0	149.747	72.394	149.889	375.756	0	0	13.027	98.304	0	12.201	113.052	1.915	0	145.034	101.288	113.265	0	154.336	33.713	110.935	223.335
AUS1023	2	0	0	1.384	0	0	0	0	0	0	0	3	2	3.551	1	0	0	10	1	0	8	3	0	0	1	9	1.48	0	0	0	0	0	0	0	2	0	0	0	5	1.572	1	0	0	0	0	0	0	0	0	1	0	0	0	0	0	3.565	0	6	0	0	6.461	0	3	0	0	0	0	1.521
AUS1024	0	53.113	0	1.245	0	0	0	0	3	0	0	0	0	0	0	3	3	0	1	0	0	0	0	0	0	0	0	0	0	0	5	0	0	0	0	0	0	0	0	4.6	0	0	0	0	0	0	0	2.226	0	0	0	0	0	0	0	0	0	0	5.269	3	7.034	0	0	0	0	1	0	3.413
AUS1027	0	13.413	0	0	0	0	0	0	0	0	0	0	0	0	0	0	0	0	0	0	0	0	0	0	0	0	0	0	0	0	0	0	0	0	0	3	0	0	0	0	0	0	0	0	0	0	0	0	0	0	0	0	0	0	0	0	0	0	0	0	0	0	0	0	0	0	0	0
AUS1028	11.136	0	0	4.868	2.074	36.56	26	0	1.804	0	0	26.106	11.528	4	1	7	0	18.148	7.401	0	6.831	13.813	1.059	2.525	8	20.469	19.867	8	0	3.881	0	0	0	0	0	0	0	0	10.822	3.405	9.468	20.303	11.542	2.385	0	20.071	29.427	7.389	5.832	11.69	5.412	0	17.649	5	3.161	0	2.536	8.242	0	0	11.515	8.241	14.851	0	12.544	2.153	6.205	17.911
AUS1029	91.146	0	0	225.474	239.013	0	0	0	152.486	0	4.855	393.166	205.949	215.282	80.63	205.083	0	331.671	211.279	161.248	62.439	290.142	91.347	103.089	238.743	683.327	325.277	436.906	0	0	0	0	0	0	0	0	0	0	288.613	177.73	144.204	177.336	30.166	249.691	0	0	0	513.496	40.254	144.409	317.97	0	0	25.115	212.973	0	0	108.376	495.387	0	202.084	26.999	125.499	0	172.592	71.114	181.443	298.775
AUS1032	0	0	0	2.07	0	0	0	0	3.501	0	0	0	0	0	0	1.491	0	0	0	0	0	0	0	0	0	0	2	0	3.887	0	0	0	0	0	0	8	0	0	0	4	0	1.141	0	0	0	0	0	3.14	0	0	16.407	0	0	0	3.423	0	0	0	5.473	0	0	0	1	0	0	0.569	0	0
AUS1033	7.475	0	0	5.136	6.057	0	0	0	0	10.833	2.491	10.469	3.446	19.103	6.439	9.478	0	4.122	0	7	0	8.725	1.316	4.033	19	50.473	20.107	0	0	0	0	25.499	0	0	0	0	0	0	6.244	6.201	1	24.409	4.813	6.346	0	0	0	8.271	4.112	16.362	62.039	0	0	1.037	4.956	0	0	1.11	0	0	0	0	10.678	0	6.873	2.525	10.812	8.526
AUS1034	0	0	0	0	0	1.559	0	0	0	0	0	0	0	0	0	0	1	0	0	0	0	0	1	0	0	2	1	0	0	1.307	2	0	4	2.343	2	1	0	0	0	0	0	0	0	0	0	1	6.717	0	0	0	0.679	1.021	3.033	1	0	0	0	0	0	2	0	0	0	0	0	0	0	0
AUS1035	0	5.496	1.77	0	0	7.483	2	0	0	1	0	0	0	0	0	0	0	0	0	0	0	0	0	0	0	0	0	0	0	5.749	2	0	0	7.518	2	6	0	0	0	0	1	0	0	0	0	1	5	0	0	0	0	0	6.521	0	0	0	0	0	0	0	0	0	0	0	0	0	0	0
AUS1036	21.87	0	0	29.102	25.842	1.187	1	0	9.396	0	0	45.339	12.809	44.181	3.94	0	0	62.274	33.678	9	31.635	16.797	5.308	25	0	0	1.434	40	0	0	0	0	0	0	1	11	0	0	39.88	41.604	18.967	11.51	23.371	0	3	2	0	15.581	23.272	4.405	22.456	0	1.006	2.32	7.164	0	0	11.28	20.568	0	35.697	17.814	23.58	0	14.364	0	14.71	37.996
AUS1040	17.815	0	1	5.613	35.478	1.302	2	0	8.202	0	0	12.501	0	9.212	0	11.109	0	1.479	19.562	42.955	0	1.533	0.572	57.441	0	1	18.172	0	0	0	0	0	0	0	2	13	0	0	14.676	15.346	15.411	57.559	7	0	0	3	3	43.901	0	20.944	2.655	0	0.137	0	0	2.485	0	29.484	138.749	0	12.667	0	0	0	30.514	9.341	8.851	0
AUS1041	2.302	14.516	0	35.2	9.834	8.671	9.87	1.177	4.189	0	0	11.433	11.104	6.795	1.279	4	4	1.098	10.969	17.898	4.545	30.776	11.644	27.168	0	0	4.472	0	0	5.056	19	18.287	0	6.895	0	1	0	0	15.479	31.911	5.106	7.242	3	0	0	10.796	40.408	28.398	5.865	5.148	101.084	1.194	4.224	0	0	1.686	0	1.305	69.874	6	41.435	0	3.217	0	0	4.312	15.88	10.406
AUS1044	0	0	0	0	1	9.196	6	0	0	5	0	0	0	0	0	0	0	0	0	0	0	0	0	0	0	0	0	0	0	9	0	0	0	5.387	0	0	0	0	0	0	0	0	0	0	3.37	5	7.554	0	0	0	0	0	0	0	0	1.036	0	1.781	0	0	0	0	0	0	0	0	0	0
AUS1045	0	0	0	9.138	14.713	0	0	0	14.106	0	0	3.695	11.01	2.726	5.566	0	0	5.284	7.948	13.742	0	20.219	0	38	0	5	9.028	2.17	0	0	0	0	0	0	0	0	0	0	11.925	52.12	8.437	5.712	0	1	0	1	0	28.194	7.537	9.782	261.816	0	0	0	0	0	0	0	62.277	0	16.94	0	3.813	0	1.391	9.871	4.265	13.986
AUS1046	0	9.289	0	0	0	0	1	0	0	0	0	0	0	0	0	0	6	0	0	0	0	0	0	0	0	0	0	0	0	0	5	2.115	0	0	0	0	0	0	0	0	0	0	0	0	2	0	0	0	0	0	0	1.418	1.212	0	0	0	0	0	0	8	0	0	0	0	0	0	0	0
AUS1047	0	1	0	0	0	9.438	2	0	0	2.418	1	0	0	0	0	0	0	0	0	1	0	0	0	0	0	0	0	0	0	1.609	0	3.262	3.254	6.129	13.922	17	5	3	0	0	0	0	0	0	1	8	7.868	0	0	0	0	1.088	0.659	0	0	0	0	0	0	0	0	0	0	4	0	2	0	0
AUS1048	0	13.329	0	0	0	1	0	1.093	0	11.022	0	0	0	0	0	0	0	0	0	0	0	0	0	0	0	1	0	0	0	0	0	10.714	0	0	2	6	0	0	0	0	0	0	0	0	1	2	2.123	0	0	0	0	0	2.047	0	0	0	0	0	0	0	0	0	0	0	0	0	0	0
AUS1049	4.936	0	12.267	1.108	0	1.256	1.471	0	0	0	0	0	0	1.121	0	8.093	9	0	0	0	0	1.55	2.378	2.77	0	0	0	1	0	1	26.372	11.198	1	0	0	0	0	0	1.017	1.481	3	1	1	2	1	0	0	7.01	0	1.331	5.684	0	4.718	0	4	0	0	0	11.711	4	5.807	0	0	0	2.416	0	6.195	1.701
AUS1055	13.123	0	0	0	33.788	0	0	0	20.786	0	11.141	40.679	26.87	0	16.832	24.93	0	0	12.309	10.551	0	36.618	18.32	26.782	38.404	117.049	49.105	0	0	0	0	0	0	0	0	0	0	0	7.558	13.844	0	66.165	25.495	31.462	0	0	0	5.867	1.641	37.079	86.644	0	0	5.081	30.493	1.102	0	13.842	0	0	1.741	5.741	3.504	0	37.533	15.08	21.624	42.946
AUS1057	0	0	0	0	1	0	0	0	0	0	0	0	0	0	0	1	0	0	0	0	0	0	0	0	0	1	0	0	0	0	0	9.724	0	0	0	25	0	0	0	0	2	2	0	0	1	2	0	0	0	2	0	0	0	0	0	0	0	0	0	0	0	0	2	0	0	0	0	0
AUS1059	14	36.976	3.151	2.007	2.238	4.953	3	2.486	4	8.143	0.296	12.229	3.484	12.385	0	0	0	1.93	9	3	1	6	1.658	2	2.247	26	6	9.764	0	0	0	0	3	2.419	0	3	0	0	10.502	0	4	4	7.959	5	0	2	4	9	0	0	11.081	2	0	0	5	20.322	3.667	6.204	3.538	0	3.203	6.228	0	0	2.581	0	4	7
AUS1060	30.064	0	0	35.881	8.296	0	1	0	10.193	0	0	22.883	9.429	29.4	0	4.72	0	16.188	19.646	9.936	0	16	4.023	1.384	15	47	10.494	16.258	0	0	0	0	0	0	0	0	0	0	37	7.849	12.999	11.849	6.151	18	0	0	0	10	3.236	6.106	16.266	0	0	3	11.614	0	0	18.637	15.665	0	18.881	7.678	7.312	0	10.142	0	0	16.115
AUS1061	0	0	1	0	0	7	4	0	0	0	0	0	0	1	0	1	6.438	0	0	0	0	0	0	0	0	0	1	0	0	0	7	27.568	0	0	0	10	0	0	0	0	0	2	0	0	0	3	2.81	0	0	0	3	0	0	0	0	0	0	0	0	6	0	0	0	0	0	0	0	0
AUS1062	0	0	3.035	0	0	0	0	18.189	0	7.902	0	0	0	1	0	0	0	0	0	0	0	2	0	0	0	1	0	0	0	0	0	0	27.406	0	0	0	0	0	0	0	0	0	0	0	1	0	0	0	0	1	0	0	0	0	0	6.931	0	0	0	0	0	0	0	0	0	0	0	0
AUS1063	176.97	0	0	87.474	248.691	0	0	0	3.191	1	20.599	150.615	106.733	69.535	50.958	23.18	0	60.01	104.522	13	18.96	126.871	56.402	27.989	144.21	503.822	180.54	0	7.807	0	0	0	0	0	0	0	0	0	40.968	165.313	0	287.707	70.232	123.143	0	0	0	100.522	16.298	180.812	473.531	0	0	55.098	0	0	2.819	17.528	4.122	0	52.486	49.195	139.037	0	126.564	34.813	73.133	142.536
AUS1064	0	0	0	0	0	4.733	2	0	0	0	0	0	0	0	0	0	0	0	0	0	0	0	0	0	0	0	0	0	0	0	1	2.636	1	3.364	3.517	5	0	0	0	0	0	0	0	0	2	0	0	0	0	0	0	2.292	0	0	0	0	0	0	0	0	0	0	0	0	0	0	0	0
AUS1065	151.259	0	0	75.934	53.391	0	0	5.585	79.864	0	0	199.596	62.72	164.808	17.418	35.661	0	243.745	174.668	83.605	0	233.329	21.142	151.335	98.495	390.445	153.194	349	0	0	0	0	2.46	0	0	0	0	0	165.945	107.959	85.112	124.771	65.556	125.724	0	0	0	136.641	86.816	69.55	332.814	0	0	4.401	43	0	0	135.659	29.625	0	139.128	148.346	224.961	0	35.765	54.547	117.348	94.623
AUS1066	0	9	3	0	0	34.279	16.975	1.36	0	2	0	0	0	0	0	0	6	0	0	0	0	0	0	0	0	2	0	0	0	10.417	11	1.675	0	5.688	0	12.594	0	0	0	0	0	0	1	0	0	10.946	63.61	1	0	0	0	9.701	27.477	0	0	7.535	0	0	0	6	0	0	0	0	0	0	0	0
AUS1067	234.961	0	0	159.802	126.68	0	0	0	57.18	0	26.173	268.293	173.116	106.487	75.905	101.62	0	279.753	162.795	43.434	144.413	172.077	67.253	66.509	170.254	563.498	236.796	78	0	0	0	0	0	0	0	0	0	0	130.032	127.552	122.176	266.503	113.256	177.199	0	0	0	141.933	51.274	205.427	349.764	0	0	35.981	123.407	0	6.949	102.429	14.401	0	275.916	105.238	182.368	0	141.841	44.149	144.006	217.952
AUS1069	33.373	0	0	189.58	106.688	0	0	0	217.117	0	1.422	110.505	117.308	106.94	46.696	8.57	0	74.417	93.65	173.097	14.83	235.625	1.757	309.864	43	157	152.374	83.049	0	0	0	0	0	0	0	0	0	0	142.416	616.575	76.557	98.306	19.273	21.865	0	0	0	335.68	88.831	107.027	2555.43	0	0	4.922	0	0	0	35.142	793.942	0	395.332	33.665	65.518	0	14.146	75.63	64.531	247.449
AUS1070	717.781	0	0	309.508	157.637	0	0	0	130.615	0	6.208	636.88	436.252	468.705	109.972	37.98	0	1258.26	320.217	142.976	865.401	13.264	47.122	256.922	233	806	77.322	555	0	0	0	0	0	0	0	0	0	0	496.826	219.146	162.69	3.67	106.165	194.626	0	0	0	315.416	308.904	102.391	123.88	0	0	16.207	174	0	0	440.954	61.092	0	553.124	268.37	390.764	0	244.936	0	412.438	480.601
AUS1071	1.008	0	0	1	0	6.756	0	0	0	0	0	2	0	0	0	0	0	0	0	0	0	0	0	0	0	2	0	0	0	0	0	0	8	0	0	3	0	0	0	0	0	0	0	0	0	1.404	1.219	0	0	0	0	1.245	4.71	0	0	0	0	0	0	0	0	0	0	0	0	0	0	0
AUS1073	1.701	32.26	0	6.611	19.699	0	3	0	0	0	1	9.034	8.73	9.547	5	1.314	0	3.576	4.251	0	0	10.227	0.998	0	10.487	34	15.464	0	0	3	0	20.909	4	3.163	4	0	0	0	0	16.456	0	26	4	10.61	1	2	2.242	8.362	1.895	7.68	64.097	0	5.274	4.085	7	4.32	8.855	1.363	0	0	2.321	8.159	0	0	12.688	4.457	5.965	11.983
AUS1074	0	0	0	0	0	0	0	14.02	0	1.857	0	0	0	0	0	0	0	0	0	0	0	0	0	0	0	0	0	0	0	0	0	0	13.404	0.756	0	10	0	0	0	0	0	0	0	0	0	0	0	0	0	0	0	34.334	0	0	0	0	0	0	0	0	0	0	0	0	0	0	0	0
AUS1075	0	0	1	0	0	0	0	0	0	0	0	0	0	0	0	0	8	0	0	0	0	0	0	0	0	0	0	0	0	1	5.232	11.026	0	0	0	9	0	0	0	0	0	0	0	0	0	0	1.919	1	0	0	0	0	0	0	0	0	0	0	0	7	0	0	0	0	0	0	0	0
AUS1076	0	0	0	0	1.507	4.576	2	8.553	0	0	0	0	0	0	0	0	0	0	0	0	0	0	0	0	0	0	2.077	0	1	3	0	7.599	18.596	0	0	0	0	0	1.007	1.012	0	0	0	0	1.2	0	6.851	2.088	0	0	1.235	0	0	0	0	0	0	0	0	0	0	0	0	0	0	0	0	0
AUS1077	56.788	0	0	47.547	89.227	0	0	0	25.528	6.497	9.349	94.764	50.7	14.564	16.912	16.99	0	33.01	45.378	0	4.179	71.382	26.417	1.307	58.27	220.911	103.119	0	0	0	0	0	0	0	0	0	0	0	33.972	67.685	19.752	74.503	38.093	58.258	0	0	0	25.175	7.178	146.5	214.629	0	0	7.567	38.763	0	14.64	6.809	0	0	77.552	12.242	23.171	0	66	13.817	32.357	76.527
AUS1078	14.971	0	0	15.597	24.889	1	0	0	0	5	0	20.438	7.103	5.57	3.338	2.33	0	5.424	0	3	0	17.313	10.318	5.524	9.338	38.566	23.469	0	0	3	0	0	0	1.058	0	3	0	0	1.331	10.488	0	39.235	2.239	11.935	0	1	1.305	18.354	1.231	9.253	37.956	0	0	3.067	10.937	0	4.262	4.952	0	0	16.827	6.17	0	0	12.854	1.185	2.927	12
AUS1079	0	0	0	13.979	21.87	0	0	1.804	4.664	2	2.141	5.119	1.345	8.385	0	7.389	0	1.198	10.352	17.769	1.704	20.898	0.185	17.352	0	0	7.162	2.086	0	0	0	0	1.077	0	0	1	0	0	16.968	55.62	5.361	2.1	3.245	0	0	0	0	32.889	1.435	5.396	280.058	0	0	0	21.483	0	0	0	45.199	0	28.215	1.478	4.966	0	0	10.935	5.744	7.081
AUS1080	32.324	0	0	12.703	29.847	0	0	0	9.175	0	3.934	10.555	21.56	11.259	9	9.103	0	2.255	12.223	0	1.674	22.66	11.168	3.207	29.188	84.574	38	0	0	0	0	0	0	0	0	0	0	0	7.486	20.24	11.594	57	11	23.37	0	0	0	13.54	0	44.038	88.051	0	0	4.182	10.758	0	0	0	0	0	36.46	12.848	12.059	0	26.664	6.484	11.905	32.735
AUS1081	0	0	0	0	0	1	3	0	0	0	0	0	0	0	0	0	0	0	0	0	0	0	0	0	0	0	0	0	0	0	0	1.93	7	0	2.942	7.678	0	0	0	0	0	0	0	0	13.807	3.233	3.629	0	0	0	0	1.012	2.944	0	0	0	0	0	0	0	0	0	0	0	0	0	0	0
AUS1082	79.668	0	0	50.465	15.273	0	0	0	32.945	0	17.771	115.002	68.463	39.406	26.867	27.24	0	22.612	53.108	12	76.631	85.621	45.41	4.38	80.667	236.184	123.183	0	0	0	0	0	0	0	0	5	0	0	14.655	81.085	37.078	90.997	55.653	76.243	0	0	0	14.122	7.273	156.245	134.203	0	0	0	50.944	1	0	0	0	0	50.641	14.747	22.565	0	55.674	21.04	62.78	70.38
AUS1083	46.119	0	0	20.21	15.578	0	0	0	16.95	0	5.164	38.051	32.357	0	2.852	20.87	0	6.242	15.26	0	2.459	39.127	16.001	8	35.5	151.256	73.542	0	0	0	0	0	0	0	0	0	0	0	10.033	43.977	24.905	92	20	44.821	0	0	0	17.784	4.901	56.078	74.581	0	0	0	20.35	0	12.927	8.214	0	0	49.24	22.55	12.825	0	26	8.548	40.555	47.41
AUS1084	1.411	0	0	0	0	0	2	0	0	0	0.238	0	0	0	0	0	0	0	0	1	0	1	0	0	0	0	1	0	0	1	0	0.5	0	0	0	12.652	0	1	0	0	0	0	0	0	0	1	0	1	0	0	11.082	0	0	0	0	0	0	0	0	0	1.111	0	0	0	3	0	2	0
AUS1085	0	0	0	0	0	0	0	0	12	0	0	0	1.419	2	0	0	0	0	0	0	9.815	1.188	0	1.14	0	0	1	0	0	0	0	0	0	0	0	0	0	0	1.345	12	1	0	0	0	0	0	0	0	0	0	0	0	0	0	0	0	0	0	8.41	0	4.615	0	0	0	0	0	1.029	1
AUS1087	24.045	0	0	30.471	58.395	0	0	0	0	0	0.667	54.035	43.178	33.329	14.172	7.909	0	25.627	27.421	7.862	33.542	26.213	12.288	8.953	34.472	108.895	49.058	0	0	0	0	0	0	0	0	0	0	0	17.156	53.733	0	66.338	30.44	34.411	0	0	0	38.256	3.982	28.233	115.295	0	0	12.278	16.765	0	0	4.646	0	0	36.734	19.908	1.238	0	41	9.914	20.516	25.781
AUS1089	2.7	0	1.102	0	4.748	6.938	1.735	0	0	0	0	0	2	2	0	0	0	0	0	1	0	0	0.782	0	1	5.203	5	0	0	1	0	5.662	2	0	0	3	0	0	1.259	0	1	6	0	1.466	1	3.136	7	1	0	4	9.591	0	0	0	1.833	0	0	0	0	0	1.388	0	1	0	0	0	0	1
AUS1091	1.299	11	0	73.022	37.439	1.291	1	3.451	24.062	0	0	10.326	36.198	18.275	37.766	3.937	0	4.3	39.373	94.873	13.773	80.796	1.84	204.538	0	0	37.359	0	0	1	0	0	4	1.488	0	0	0	0	61.413	488.568	40.094	68.267	3.671	0	0	1	1.442	184.882	30.539	53.53	973.279	0	0	7.543	0	0	47.25	2.61	423.499	0	152.829	0	106.657	0	79.121	51.478	34.804	75.05
AUS1093	1	0	1.342	0	0	1.598	2	0	0	2	0	1.885	1	3	0	0	1	0	1	0	0	0	0	0	2	1	3	0	0	0	6.4	0	1.093	0	0	1	0	0	0	0	0	0	0	1	0	0	4	0	0	0	7.055	0	0	0	0	0	0	0	0	3	0	0	0	0	1	0	0	0
AUS1094	1	0	1.624	0	0	13.847	10	0	0	0	0	2	0	2	0	1	11.309	0	0	0	0	0	0	0	0	1	1	2	0	9	16	2.083	0	11.631	0	18	14	9	2	0	2	0	0	0	0	4.423	13.91	1	0	0	0	0	19.533	0	0	9.985	0	0	0	9	1	0	0	4	0	0	0	0
AUS1095	49.366	0	0	22.628	8.701	0	0	0	3.039	0	0	32.726	36.414	33.873	13	5.179	0	51.241	35.351	11.866	6.581	29	8.285	22	31.927	77.482	11.926	45.931	0	0	0	0	0	0	0	22	0	0	26.567	17.937	36.299	7.454	4.475	23	0	0	0	18.105	22.631	2.727	0	0	0	1.15	18	0	0	27.882	1.09	0	29.554	30.293	34.41	0	32	8	21.448	51.886
AUS1097	4.275	16.185	0	1.784	0	0	0	2.458	0	1.233	0	1	2	0	0	0	5	1.058	3	0	0	0	4.86	0	4	8	3.666	0	0	0	16	0	1.33	1.326	0	1	0	0	2.022	0	2.116	3	1	1	0	1	2	0	0	0	12.476	0	0	0	5.272	0	2.152	0	0	3	3.755	0	1.074	0	2	0	0	2.929
AUS1098	1	0	7.112	2.513	1.694	0	0	5.01	0	0	0	2.153	0	1	1	0	0	0	0	0	0	1	0	0	0	3.457	4	0	0	0	0	0.501	9.588	0	0	0	0	0	0	2.021	0	5	0	2	0	0	0	1.806	3.794	0	0.796	0	0	1	0	0	0	0	2	0	1.216	0	0	0	0	1	0	0
AUS1099	0	0	0	0	0	0	0	5.912	0	7.791	0	0	0	0	0	0	0	0	0	0	0	0	0	0	0	0	0	0	0	0	0	0	100.032	0	1	0	0	0	0	0	0	0	0	0	7	1	0	0	0	0	0	0	0	0	0	0	0	0	0	0	0	0	0	0	0	0	0	0
AUS1100	0	0	1	0	0	0	0	0	0	1	0	0	0	0	0	0	10	0	0	0	0	0	0	0	0	0	0	0	0	0	12	0	0	0	0	0	0	0	1	0	0	0	0	0	0	0	0	0	0	0	0	0	0	0	0	0	0	0	0	7	0	0	0	0	0	0	0	0
AUS1101	45.226	7	0	8.39	28.581	0	0	0	40.815	0	0	73.862	56.067	3.045	3.874	25.271	0	9.701	32.78	16.52	0	26.281	13.728	9.499	29.11	114.239	55.97	0	0	0	0	0	0	0	0	0	0	0	16.366	25.493	29.849	101.317	32.972	35.793	0	1	0	100.53	5.13	42.738	101.051	0	0	3.417	54.48	0	17.804	5.605	74.329	0	67.694	34.669	11.575	0	46.404	12.619	43.428	41.21
AUS1102	0	0	2.132	1.254	0	0	4	0	0	1.153	0	0	0	0	0	0	1	0	0	0	0	0	0	0	0	2	0	0	1.205	4	0	0	6.472	1.236	1.155	3	0	0	0	1.641	0	0	1	2	0	4	3.218	0	0	1	0	1.089	1.515	0	0	0	0	0	0	0	0	0	0	0	0	0	0	0
AUS1103	1.009	0	0	0	0	0	0	0	0	2	0	2.067	1	0	0	0	0	1.089	0	0	0	3	4.848	0	0	7	2	0	1	0	0	2.784	2.195	0	0	0	0	0	5.967	3.772	0	4.259	2	0	0	0	2.464	0	0	5	6.487	0	0	0	0	3.256	0	0	0	0	1	0	1.049	0	1.402	0	1.09	0
AUS1104	0	0	0	2	1	0	0	0	0	0	0	2	1	1.502	0	0	0	0	0	0	0	0	0	0	0	3	0	0	0	0	0	0	0	0	0	0	0	0	0	0	0	3.197	1.356	1	0	0	0	0	1	0	1.152	0	0	0	0	0	0	0	0	0	0	0	1	0	1	0	1.269	1
AUS1105	0	0	0	0	5.182	0	0	0	1.282	0	1.076	9.703	2.529	0	0	3.704	0	0	1.477	0	0	2.048	2.051	1.37	6.697	11	1.379	0	0	0	0	0	0	0	0	0	0	0	4.452	9.296	5.426	4.047	3.082	6	0	0	0	2.158	0	7.797	31.266	0	0	1	1.732	0	0	0	4.241	0	3.229	0	0	0	0	2.511	1.2	4.378
AUS1107	1	0	0	0	0	0	0	0	1	0	0	0	0	0	0	0	0	0	0	0	0	0	0	0	0	0	1	0	1.301	0	0	3.796	0	0	0	8.522	0	0	0	0	0	0	0	1	1	0	0	0	0	0	1.672	0	1.496	0	0	0	0	0	0	1	0	0	0	0	0	0	0	0
AUS1108	45.403	11.388	0	13.795	98.102	2	0	0	12.716	0	4.908	36.43	23.643	40.154	14.293	4.409	0	8.525	43.19	66.81	7.313	8.56	30.164	18.055	5.846	27.938	31.028	0	0	0	0	0	0	0	0	0	13.871	22	34.871	42.346	27.797	35.899	10.088	14	0	0	0	124.641	12.513	37.895	104.593	0	0	2.58	45	0	0	21.955	191.933	0	175.82	2.453	11.263	12	90.279	0	35.685	21.17
AUS1109	8.327	2.057	0	7.308	0	0	1	0	5.269	1.614	2	18.662	1.09	4.028	3	7	0	6.203	7.661	0	0	7.523	3.567	1.714	8	53.688	11.979	0	0	0	0	0	8.784	0	2	5	1.101	5	8.448	7.977	0	27	6	12.196	1	0	0	0	0	29	21.351	0	0	0	5	0	2.104	0	0	0	2.342	0	1.779	2	8	5.298	4.753	15.924
AUS1111	0	10.764	9.516	0	0	20.723	8.918	0	0	1	0	0	1	0	0	0	0	0	0	0	0	0	1	0	0	0	0	0	0	10	0	1	0	0	2	20	16	9	0	0	0	0	0	0	1	11.725	22.212	0	0	0	0.333	23.088	4.04	0	0	0	0	0	0	0	0	0	0	8	0	0	0	0
AUS1113	0	0	0	0	0	0	0	0	0	0	0	0	0	0	0	0	0	0	0	0	0	0	0	0	0	0	0	0	0	1	1	0	0	1.424	0	0	0	0	0	0	0	0	0	0	0	0	0	0	0	0	0	0	0	0	0	0	0	0	0	0	0	0	0	0	0	0	0	0
AUS1114	0	11.338	0	0	0	2.124	3	3.768	0	0	0	0	0	0	0	0	1	0	0	0	0	0	0	0	0	0	0	0	0	4	2.138	12.47	6.578	0	2	0	0	0	0	0	0	0	0	0	1.116	5	10.214	0	0	0	0	0	0.565	0	0	0	0	0	0	3	0	0	0	0	0	0	0	0
AUS1115	4.372	0	0	8	1.309	0	0	0	0	0	0.465	13.34	2.113	6	1.271	5	0	9.956	2.29	0	7.667	6	2.666	2	1.362	5	8.396	3	0	0	0	0	0	0	0	16	0	0	7	6.849	4	7.209	3	2	0	0	0	2.54	3	2.768	0	0	0	1	1.124	2.069	0	3.616	3.201	0	6.349	1.461	9.316	0	1.598	0	4.455	3.406
AUS1116	0	13.116	0	0	0	3	1	0	0	5	0	0	0	0	0	0	0	0	0	0	0	0	0	0	0	0	0	0	0	3	0	0	10.914	0	0	0	0	0	0	0	0	0	0	0	0	0	5.942	0	0	0	0	10.415	1.674	0	0	0	0	0	0	0	0	0	0	0	0	0	0	0
AUS1117	0	0	0	0	0	1	0	0	0	2	0	0	0	0	0	0	6	0	0	0	0	0	0	0	0	0	0	0	0	0	11	11.664	0	5.232	4	4	1.313	3	2	0	1	0	0	0	1	0	0	1	0	0	4.611	0	0	0	0	0	0	0	0	6	0	0	0	6	0	0	0	0
AUS1118	3	0	3.523	0	0	0	5.226	0	0	2.61	0	4	3.522	3	1	0	2	4.187	1.474	0	2.864	2	0	5	4	6	1	4	0	6.396	2	0	2	7.007	1	1	0	0	9	1.217	0	2.056	1	2	0	9	9.311	2	0	0	0	0	0	0	1.578	1.801	0	0	0	4	2	2	3	0	2	0	2.976	4
AUS1120	0	0	0	1.382	0	0	0	0	0	0	0	1	0	0	0	0	0	2.592	3.382	0	3.696	1.592	0	0	0	0	0	2	0	0	0	0	0	0	0	0	0	0	2	0	0	0	0	0	0	0	0	0	0	0	0	1.581	0	0	2	0	0	1	0	0	2	0	0	0	0	0	0	1.721
AUS1121	0	0	0	0	0	0	0	0	0	33.639	0	0	0	0	0	0	0	0	0	0	0	0	0	0	0	0	0	0	0	0	0	0	0	0	0	0	0	0	0	0	0	0	0	0	0	0	0	0	0	0	0	0	0	0	0	0	0	0	0	0	0	0	0	0	0	0	0	0
AUS1122	29.403	10.294	0	51.946	78.106	3	3	0	1.523	0	13.363	81.786	44.931	13.928	20.501	35.655	2	19.645	47.942	8.843	0	65.235	25.836	12.646	60	216.986	82.842	0	0	3.203	0	12.594	0	8.792	0	12	0	0	38.917	26.993	29.024	107.335	30.36	62.865	1	1	5.887	81.479	3.798	71.804	146.919	0	0	16.753	41.615	0	0	5.421	0	0	107.109	25.572	60.675	0	45.545	26.004	30.288	50.65
AUS1123	0	0	1.26	2	0	0	2	0	0	0	0	0	0	0	0	0	0	0	0	0	0	1.572	0	0	1	0	1	1	1	3	0	2.136	2	0	0	1	0	0	1.354	0	0	0	0	0	0	0	0	1	0	0	0.5	0	1.122	0	0	1.888	1.608	0	0	0	0	0	0	0	0	0	0	0
AUS1125	20.573	0	3.446	12.616	10.993	1	0	0	8.283	0	0	25.758	20.319	6.115	7.877	8	0	11.448	11.919	6.95	1.543	9.414	6.53	18	5.883	24	20.2	1.106	0	0	0	26.033	0	0	1	0	0	0	18.962	29.779	1.801	4.099	4.532	4.382	1	4	0	10.077	8.737	8.813	142.751	0	0	2.091	19.796	0	3	5.293	18.378	0	32.971	0	10.984	0	6.717	1.472	5.136	21.891
AUS1126	0	0	0	0	0	1.68	4	0	0	0	0	1	0	0	0	0	0	0	0	0	0	0	0	0	0	0	1	0	0	3	0	0	0	0	0	0	0	0	0	0	0	0	0	0	0	1	10.307	0	0	1	0	4.452	0	0	1	0	0	0	0	0	0	0	0	0	0	0	0	0
AUS1128	0	4.646	2.186	0	0	16.1	1	0	0	0	0	0	0	0	0	0	9	0	0	0	0	0	0	0	0	0	0	0	1.073	4.569	10	8.02	0	10.365	0	7	0	0	0	0	0	0	0	0	0	5	11.052	0	0	0	0	1.491	13.861	0	0	21.985	0	0	0	9	0	0	0	0	0	0	0	0
AUS1129	0	9.676	1.336	0	0	14.779	9.686	0.5	0	0	0	0	0	0	0	0	0	0	0	0	0	0	0	0	0	0	0	0	0	6.004	0	0	0	23.017	1	2	0	0	0	0	0	0	0	0	2.215	5.868	21.964	0	0	0	0	0	16.632	0	0	0	0	0	0	0	0	0	0	0	0	0	0	0
AUS1131	197.717	0	0	129.237	98.787	0	0	0	2.097	0	42.264	244.387	164.855	0	78.225	45.66	0	78.96	62.738	19.494	37.726	165.519	90.453	74.135	179.588	633.756	309.519	0	0	0	0	0	0	0	0	0	0	0	49.551	63.848	0	401.242	76.517	187.881	0	0	0	122.55	16.833	291.853	474.279	0	0	45.314	0	0	0	165.192	0	0	106.652	59.605	75.234	0	194.283	62.812	145.176	234.923
AUS1132	0	0	6.531	0	0	1	4	0	0	4.093	0	0	0	0	0	0	0	0	0	0	0	0	0	0	0	0	0	0	0	0	0	21.125	13.124	0	0	0	0	0	0	0	0	0	0	0	0	2	7	0	0	0	0	0	0	0	0	0	0	0	0	0	0	0	0	0	0	0	0	0
AUS1133	12.587	95.634	0	2.705	0	0	0	0	1.343	0	0	4.616	0	12.685	0	7.965	0	0	8.775	33	0	3.933	0	20.865	0	1	9.36	0	0	0	0	0	0	0	0	14.433	0	0	16.308	15.171	0	32.386	0	1	0	0	0	70.487	0	22.25	378.596	0	0	1.105	0	1.063	0	16.644	58.828	0	24.507	0	0	0	0	8.409	22.974	0
AUS2008	0	15.469	1.565	0	0	6.463	6	0	0	0	0	0	0	0	0	0	33.629	0	0	0	0	0	0	0	0	0	0	0	2.769	3.473	60.349	7.237	0	31.373	17.687	34	4.034	4	0	0	0	0	0	1	0	3	7.077	0	0	0	0	0	3.137	0	0	0	0	0	0	38	0	0	0	4	0	0	0	0
AUS2012	0	0	4.819	0	0	9.894	8	10.943	0	29.474	0	0	0	0	0	0	3	0	0	0	0	0	0	0	0	0	0	0	0	9.777	6	22.142	5.098	14.232	5	5.748	0	0	0	0	0	0	0	0	8	5	22.608	0	0	0	0	0	3.24	0	0	0	0	0	0	3	0	0	0	0	0	0	0	0
AUS2015	0	0	0	0	0	0	0	0	0	0	0	0	1.264	0	0	0	0	0	0	0	0	2	0	0	0	0	0	0	0	0	0	0	0	0	0	0	0	0	0	0	0	0	0	0	0	0	0	0	0	0	0	0	0	0	0	0	0	0	0	0	0	0	0	0	1	0	0	0
AUS2017	0	0	0	0	0	0	0	3.924	0	1.25	0	0	0	0	0	0	1	0	0	0	0	0	0	0	0	1	1	0	0	1	0	0	49.361	0	0	2	0	0	0	0	1	0	0	0	0	0	1.045	0	0	0	0	0	1.531	0	0	0	0	0	0	1	0	0	0	0	0	0	0	1
AUS2023	0	0	0	2	0	1.329	4	0	0	2.835	0	3	3	2	0	0	0	5	0	1	3.892	0	0	1	2	3	0	0	2.87	3	0	329.571	0	0	0	0	0	0	1	0	0	0	1	2	0	3	2.936	0	1	0	0	3.12	1.589	0	1	1.661	0	0	0	0	0	0	2	0	0	0	0	3
AUS2024	126	2.532	3.762	38.457	12.15	8.664	3	0	18.506	0	0	92	65.728	60.123	18	11.634	3	191	45.67	21	139	44	7.267	44	28	131.908	13.984	92	0	1	4	1.599	2	0	1.205	3	0	0	81.899	27.56	22.842	15.516	27.897	28.664	0	4.199	17.21	31.894	33.927	18.003	0	0	13.457	1.021	22	0	0	42	2.786	1	90.737	40.767	69	0	46	0	74	66
AUS2027	0	5.054	2.191	1.732	7.353	0	0	11.769	0	0	0	3.226	0	1	2.332	2.161	3	0	0	0	0	4.626	0	1.976	0.5	2.049	1	1	1	0	5	6.23	3	0	1	3	0	0	0	0	0	4.62	1	0	1	0	0	0	0	1	0	0	0	0	0	0	0	0	0	2	0	0	0	0	4	0	2.85	2.048
AUS2033	0	0	0	0	0	2.704	3	0	0	0	0	0	0	0	0	0	0	0	0	0	0	0	0	0	0	0	0	0	0	1.085	0	0	0	0	0	8	0	0	0	0	0	0	0	0	0	0	6.138	1	0	0	0	0	3.832	0	0	0	0	0	0	1	0	0	0	0	0	0	0	0
AUS2044	0	14	1	0	0	0	1	0	1.246	7.806	0	0	0	1	1	0	0	2.191	3	0	0	0	0	0	0	0	0	3	0	0	1	2.307	0	0	0	1	0	0	3	1	3	0	1	0	0	0	1.948	0	0	0	0	19.522	0	0	0	2.463	0	0	1	1	2.806	2.271	0	0	0	0	0	0
AUS2047	0	0	2.021	0	0	1.666	3.306	1.735	0	0	0	0	0	0	0	0	0	0	0	0	0	0	0	0	0	0	0	0	0	0	0	2.971	0	0	0	9	0	0	0	0	0	0	0	0	9.442	4.675	4.438	0	0	0	0	0	5.546	0	0	14.129	0	0	0	0	0	0	0	0	0	0	0	0
AUS2058	0	0	0	0	0	12.552	9.351	0	0	0	0	0	0	0	0	0	0	0	0	0	0	0	0	0	0	0	0	0	0	6	0	0	0	16.895	0	2	0	0	0	0	0	0	0	0	0	6.565	14.211	0	0	0	0	13.425	0	0	0	0	0	0	0	0	0	0	0	0	0	0	0	0
AUS2066	0	0	0	0	0	0	0	1.904	0	0	0	0	0	0	0	0	0	0	0	0	0	0	0	0	0	0	0	0	0	0	1	0	1	0	0	1	0	0	0	0	0	0	0	0	0	0	0	0	0	0	0	1.24	0	0	0	0	0	0	0	1	0	0	0	0	0	0	0	0
AUS2067	0	137.754	0	0	0	1	1	0	3.867	5	0	0	0	0	0	0	0	0	0	0	0	0	1.709	0	0	0	0	0	0	2.317	0	15.774	0	0	4.891	3	2	2	1	0	0	0	0	0	3	0	4.409	2.12	0	1.142	0	0	1.682	0	0	0	0	0	2.795	0	0	0	0	4	0	1	0	0
AUS2069	1	19.528	3.966	1	0	4.887	3	0	0	0	2	0	0	0	0	1	4	0	0	0	0	0	0	0	0	0	0	0	0	0	5	4.419	1	3.421	1	4.704	0	0	0	0	0	0	0	0	0	2.191	5.839	0	0	0	0	0	2.49	0	0	6.581	0	0	2.477	3	0	0	0	0	0	0	0	0
AUS2070	0	0	4.502	0	0	0	1.49	2.317	0	0	0	0	0	0	0	0	0	0	0	0	0	0	0	0	0	0	0	0	1.589	1	0	19.668	0	0	0	35	0	0	0	0	0	0	0	0	0	0	1.21	0	0	0	0	0	3.949	0	0	3.076	0	0	0	0	0	0	0	0	0	0	0	0
AUS2071	0	0	3.313	0	0	0	1	4.354	0	1	0	0	0	0	0	0	2.21	0	0	0	0	0	0	0	0	0	0	0	2.715	0	6	21.919	0	0	0	2	17	11	0	0	0	0	0	0	0	2	0	0	0	0	0	0	0	0	0	1.632	0	0	0	5	0	0	0	7	0	0	0	0
AUS2073	0	0	11.515	0	0	2	1	3.865	0	0	0	0	0	0	0	0	0	0	0	0	0	0	0	0	0	0	0	0	0	2	0	33.213	1.151	0	3	3	0	0	0	0	0	0	0	0	5	1	2.48	0	0	0	0	4.108	2.859	0	0	1.648	0	0	0	0	0	0	0	0	0	0	0	0
AUS2074	0	0	4.054	0	0	0	1	17.192	0	2.833	0	0	0	0	0	0	0	0	0	0	0	0	0	0	0	0	0	0	0	3.557	0	0	23.61	0	3.674	19	0	0	0	0	0	0	0	0	4	1	2.035	0	0	0	0	0	3.539	0	0	0	0	0	0	0	0	0	0	0	0	0	0	0
AUS2080	0	20.71	30.901	0	0	1.625	12	0	0	1.412	0	1	0	0	1	0	13	0	0	0	0	0	0	0	0	1	1	0	0	4	4	6.619	0	4.658	0	0	0	0	0	0	0	0	0	0	1	8.583	10.573	0	0	1.212	1.5	0	4.39	0	0	0	0	0	0	8	0	0	0	0	0	0	0	0
AUS2083	0	22.804	3.05	0	0	17.034	3.547	0	0	0	0	0	0	0	0	0	4	0	0	0	0	0	0	0	0	0	0	0	0	5.349	13	0	2.463	0	0	0	0	0	0	0	0	0	0	0	0	3.555	17.533	0	0	0	0	9.066	0	0	0	0	0	0	0	7	0	0	0	0	0	0	0	0
AUS2091	0	1.476	6	0	0	3	0	0	0	2.042	0	3	0	1	1	0	1	0	0	1	1.88	0	1	0	1	0	1	1	0	2	2	0	1	1.601	2	7	0	0	0	2	1	0	0	0	3	1	0	1.068	0	0	0	2.099	1.179	0	0	3.367	0	0	0	4	1.167	0	0	0	0	0	0	0
AUS2098	0	0	0	0	0	4.895	9	0	0	0	0	0	0	0	0	0	3	0	0	0	0	0	0	0	0	0	0	0	0	0	0	3.112	0	0	2	5	0	0	0	0	0	0	0	0	0	4.858	11.323	0	0	0	0	0	2.198	0	0	0	0	0	0	0	0	0	0	0	0	0	0	0
AUS2100	2	13.079	0	1	11.536	4.825	3	0	0	0	1	13.001	0	2	0	0	7	5.861	4.664	2	0	1.916	0	0	0	0	1.447	5	0	1.77	5	102.968	0	11.405	3	8.831	60	40	9	2.418	2	6	0	0	0	3.691	4.514	3	1.183	1.393	0	2.491	12.6	0	0	0	0	2.517	1.437	4	5	2.525	1	27	1	0	6	5
AUS2101	0	0	1.255	0	0	0	1.816	3.972	0	3	0	0	0	0	0	0	0	0	0	0	0	0	0	0	0	0	0	0	0	0	0	11.862	6.2	0	0	0	0	0	0	0	0	0	0	0	0	0	4	0	0	0	0	0	0	0	0	27.619	0	0	0	0	0	0	0	0	0	0	0	0
AUS2102	0	0	1.289	0	0	23.787	15	0	0	0	0	0	0	0	0	0	0	0	0	0	0	0	0	0	0	0	0	0	6.858	17	0	16.459	0	23.636	2	47.642	19.863	19	0	0	0	0	0	1	0	12	40.276	1.068	0	0	0	0	29.684	0	0	14.526	0	0	0	0	0	0	0	18	0	0	1	0
AUS2113	0	16.37	0	0	0	0	0	0	0	0	0	0	0	0	0	0	0	0	0	0	0	0	0	0	0	0	0	0	1.38	0	10	8.968	0	0	1	0	26.655	17	0	0	0	0	0	0	0	0	0	0	0	0	0	0	0	0	0	0	0	0	0	3	0	0	0	16	0	0	0	0
AUS2118	0	0	1	0	0	0	0	20.378	0	27.061	0	0	0	0	0	0	1	0	0	0	0	0	0	0	0	0	0	0	0	0	1	2.23	3	0	5.923	0	0	0	0	0	0	0	0	0	3	1	1	0	0	0	0	22.889	0	0	0	5.705	0	0	0	1	0	0	0	0	0	0	0	0
AUS2120	0	7.926	1.144	0	0	2.377	2	0	0	0	0	0	0	0	0	0	0	0	0	0	0	0	0	0	0	0	0	0	0	3	0	1.977	3	3.433	0	4	0	0	0	0	0	0	0	0	0	2.57	12	0	0	0	0	0	0	0	0	0	0	0	0	0	0	0	0	0	0	1	0	0
AUS2121	0	0	4.267	0	0	1.617	0	0	0	1	0	0	2.216	0	0	1	0	0	0	0	0	0	1	0	0	10.338	3	0	3	5	0	0	0	0	0	6	0	0	0	0	0	1	0	5	0	0	4.375	0	0	1.177	7.229	5.457	4.348	0	0	0	0	0	0	0	0	0	0	0	0	0	2.39	0
AUS2129	6.745	7.576	3.471	1.72	5.762	5.094	5.553	1.689	3.166	2.558	3	4.688	5.674	0	1	1	1	1.032	2	0	0	5.602	2.006	1	7	14	6	0	0	0	4.193	0	1.01	6.33	1	3	0	0	1	2.379	2.044	9	3	3	1	3	12	3.139	1.095	2.679	11.004	0	2.191	0	3	8.312	1.195	0	0	3	6.02	0	0	0	0	0	2	0
AUS2131	0	0	0	0	0	1.316	0	15.153	0	5.2	0	0	0	0	0	0	0	0	0	0	0	0	0	0	0	0	0	0	0	0	0	0	9.907	0	0	1.923	0	0	0	0	0	0	0	0	0	1	1.459	0	0	0	0	4.292	1.996	0	0	0	0	0	0	0	0	0	0	0	0	0	0	0
AUS3006	1	0	1	0	1	4.195	5	0	0	0	0	2	1	0	0	0	17	0	0	0	0	1	0	0	0	2	0	0	0	7	23	0	0	9.091	0	0	0	0	0	0	0	0	0	0	0	8	10.536	0	0	1	0.5	7.346	8.698	1	0	0	0	0	0	6	0	0	0	0	0	0	0	0
AUS3007	0	3.745	0	0	0	0	0	7.577	0	1.337	0	0	0	0	0	0	0	0	0	0	0	0	0	0	0	0	0	0	0	0	0	1	5.646	0	1	0	0	0	0	0	0	0	0	0	0	0	0	0	0	0	0	0	0	0	0	0	0	0	0	0	0	0	0	0	0	0	1	0
AUS3011	0	50.916	2.011	0	0	3.204	4	0	0	0	0	2	0	0	0	0	1	0	0	0	0	0	0	0	0	0	1	0	1.879	3.486	1	42.69	2.207	0	2	1	6	5	0	0	0	0	0	0	2	6.563	4.195	0	0	0	0	0	2.203	0	0	1.494	0	0	0	0	0	0	1	5	0	0	0	1
AUS3015	0	0	1.116	1	0	9.897	5.519	0	0	1	0	1	0	0	0	0	3	0	0	0	0	3	0.729	0	0	2	0	0	0	3.22	3	22.901	0	0	1	0	21.537	13	0	0	0	2	0	0	1	4	6.679	0	0	1.243	0.5	4.561	9.746	0	0	15.895	0	0	0	1	0	0	0	9	0	0	0	0
AUS3016	6.107	2	0	0	2.659	1.318	0	0	0	4	1.821	6.254	1.563	0	0	0	1	0	0	0	0	7.881	2.785	0	3	9.323	4	0	0	0	3	0	1	0	1.128	2	0	0	0	5.065	5	16.919	1	5.686	0	0	2.921	4.81	0	1.394	0	2.111	3.816	0	4	1.811	1	0	1	3	2.67	2.479	0	0	6	0	0	2.773
AUS3017	0	1.031	2.024	0	0	0	0	0	0	0	0	0	0	0	0	0	2	0	0	0	0	0	0	0	0	1	1	0	0	1	4	1.492	1.011	0	2	1	0	1	0	0	0	0	0	0	0	0	6	3	0	0	0.608	0	1.479	0	0	8.985	0	0	0	3	0	0	0	1	0	0	0	0
AUS3024	0	21.392	0	0	0	7.744	5	2.716	0	1.282	0	0	0	0	0	0	0	0	0	0	0	0	1	1	0	0	2	1	0	7	0	15	0	0	3.661	9	23.922	20	0	0	0	1	0	0	6.306	1	13	0	0	0	0	0	9.952	0	0	0	0	1	0	0	0	0	0	17	0	0	0	1.271
AUS3028	0	0	2	0	0	0	0	0	0	2.6	0	0	0	0	0	0	0	0	0	0	0	0	0	0	0	0	0	0	0	0	0	0	0	0	0	11	0	0	0	0	0	0	0	0	1.232	0	1.472	0	0	0	0	0	3.809	0	0	6.671	0	0	0	0	0	0	0	0	0	0	0	0
AUS3029	0	4.705	0	0	0	0	0	12.497	0	2	0	0	0	0	0	0	0	0	0	0	0	0	0	0	0	0	0	0	0	0	0	0	7.772	0	1.223	2	0	0	0	0	0	0	0	0	0	0	0	0	1	0	0	0	0	0	0	1.041	0	0	0	0	0	0	0	0	0	0	0	0
AUS3032	0	0	0	0	0	14.918	10	7.256	0	0	0	0	0	0	0	0	0	0	0	0	0	0	0	0	0	0	0	0	4	4.719	0	0	28.018	7.848	0	5	0	0	0	0	0	0	0	0	10	12.213	28.207	0	0	0	0	0	34.213	0	0	6.896	0	0	0	0	0	0	0	0	0	0	0	0
AUS3034	0	0	2	0	0	0	0	2.507	0	3.776	0	0	0	0	0	0	1	0	0	0	0	0	0	0	0	0	0	0	0	0	0	0	1.201	0	2	1	3	2	0	0	0	0	0	0	0	0	0	0	0	0	0	0	0	0	0	0	0	0	0	0	0	0	0	1	0	0	0	0
AUS3046	0	1.07	1.267	0	17.228	7.948	6	7.727	0	3.242	0	1.352	0	0	1	5	14	0	1	4	0	3	0	1	0	0	2	10.357	0	3.481	30	15.318	3.341	18.06	4	5	2.22	10	1	4.367	0	3.297	0	0	1	6.29	4.895	5.605	0	0	8.06	0	8.187	1	0	12.004	0	0	0	15	1.293	1.789	2.83	3	0	0	0	0
AUS3048	0	0	0	0	0	0	0	0	0	0	0	0	0	0	0	0	0	0	0	0	0	0	0	0	0	0	0	0	0	0	2	0	4	0	0	1	0	0	0	0	0	0	0	0	1	0	1	0	0	0	0	0	0	0	0	0	0	0	0	2	0	0	0	0	0	0	0	0
AUS3049	3.22	8.764	2	15.737	0	2	1	0	20.128	0	0	101.506	42.614	41.629	0	32.953	0	7.258	46.507	54.531	0	105.677	0	120.36	0	0	0	0	0	1	0	17.034	0	2.394	2	14	0	0	85.617	54.934	40.791	207.144	17.783	0	0	0	7.955	339.753	1.696	74.315	0	25.808	4.181	20.674	0	1.281	0	0	671.077	0	99.162	0	14.73	0	120.748	0	113.958	73.006
AUS3059	0	31.461	0	0	0	1.778	18.873	2.645	0	0	0	0	0	0	0	0	17	0	0	0	0	0	0	0	0	0	0	0	0	6.531	15.52	7.515	5	12.845	0	14.897	0	0	0	0	0	0	0	0	1	6.51	14.012	0	0	0	0	0	24.482	0	0	11.146	0	0	0	14	0	0	0	0	0	0	0	0
AUS3060	0	9.586	1	0	0	2.67	2	0	0	2	0	1.163	1.399	0	0	0	0	4.106	3	0	0	1	0.767	0	1	5	2.629	2	0	0	0	11.559	2	11.656	10.987	0	0	0	0	0	0	1	1	0.006	4	2	5.376	0	0	0	0	7.456	2.522	0	0	0	0	0	0	0	0	0	0	0	0	0	2.587	0
AUS3062	0	13.427	6	107.754	55.559	9	2	2.867	106.213	1	0	37.072	65.825	22.693	39.195	0	0	7.045	51.759	109.799	1.103	112.227	1.792	205.375	0	0	75.82	0	0	0	0	0	3	0	0	0	0	0	61.406	364.326	28.9	52.123	15.643	0	0	3	3.109	200.884	55.732	53.39	1676.87	5	3.463	0	0	0	0	1.313	501.763	0	173.073	0	11.1	0	0	51.273	66.478	109.077
AUS3063	0	0	0	1	0	2.466	5	16.779	0	2.145	0	0	0	0	0	0	0	0	2	0	0	0	0	0	0	1	0	0	0	5	0	5.013	21.644	0.446	4.735	5	36.757	34	0	0	0	2.367	0	0	6	7.332	15	0	0	1.403	0.741	11.405	0	0	0	0	0	0	0	0	0	0	0	26	0	0	0	0
AUS3064	0	2.524	1	0	0	1.316	0	0	0	0	0	0	0	0	0	0	0	0	0	0	0	0	0	0	0	0	0	0	0	0	0	1.328	4.421	0	0	0	0	0	0	0	0	0	1	0	0	0	0	0	0	0	0	2	0	0	0	0	0	0	0	0	0	0	0	0	0	0	0	0
AUS3065	0	0	0	0	0	32.06	22	0	0	9.725	0	1	0	0	0	0	3	0	0	0	0	0	0	0	0	1	0	0	0	5.313	6.19	0	0	21.886	0	6	9	8	0	0	0	0	0	0	4	13.397	43.214	0	0	0	0	2.184	26.116	0	0	1.486	0	0	0	7	0	0	0	10	0	0	0	0
AUS3066	0	4.56	0	0	0	0	0	0	0	0	0	1.246	0	0	0	1.072	0	1	0	0	0	0	0	0	2	1	3.074	0	0	0	0	5.328	6.803	0	0	1	0	1	2.733	1.015	0	1.068	0	1	0	0	3.429	1.03	0	1.303	0	1.137	0	0	0	2.009	0	0	0	0	0	0	0	1	0	0	0	0
AUS3082	0	51.912	4.448	0	0	3.057	3	0	0	1	0	0	0	0	0	0	0	0	0	0	0	0	0	0	0	0	0	0	0	4.318	0	35.489	0	0	1	5	0	0	0	0	0	0	0	0	0	3.123	5.072	0	0	0	0	0	0	0	0	5.119	0	0	0	0	0	0	0	0	0	0	0	0
AUS3089	0	0	1.041	1.394	0	1	0	0	0	10	0	1.17	0	0	0	1	0	0	0	0	0	0	1	0	0	1	1	0	0	0	0	0	1	0	0	2	0	0	0	0	0	2	0	0	0	0	1	1.125	0	0	3.394	1.384	0	0	0	2.097	1	0	0	0	0	0	0	0	1	0	1	1.729
AUS3095	36.114	49.892	5.127	17.914	38.263	23	7.681	2.846	18.584	3.43	0	89.635	26.07	65.119	22	7.965	1	84.785	67.694	17.953	62.872	61.779	11.244	38.662	0	0	55.022	87.435	2.176	2	2	0	0	5.716	3	25	0	0	72.188	48.081	56.729	22.97	39	0	0	9.829	30.714	49.41	50.275	10.406	15.998	0	4.222	0	96.07	0	0	34.04	5.454	2	34.684	53.59	43.711	0	9.168	0	31.075	56.53
AUS3097	0	0	0	0	0	11.793	5	0	0	0	0	0	0	0	0	0	0	0	0	0	0	1	0	0	1	2	1	0	1.468	6	2	16.762	6	6.845	4.496	4	10	1	0	1	0	1	0	1.995	1	3.467	18.409	0	0	0	0	0	8.84	0	0	0	0	2	0	2	3.947	0	0	5	4	1	0	0
AUS3128	0	9.543	2.879	0	0	0	3.291	0	0	0	0	0	0	0	0	0	0	0	0	0	0	0	0	0	0	0	0	0	9.934	0	0	0	0	1.812	0	0	0	0	0	0	0	0	0	0	0	2	4	0	0	0	0	0	3.381	0	0	0	0	0	0	0	0	0	0	0	0	0	0	0
AUS4004	0	0	0	0	0	7.273	2	0	0	0	0	1	0	0	0	2	0	0	0	0	0	0	0	0	0	0	0	0	0	0	0	38.044	0	4.196	0	9	0	0	0	0	0	2	0	1	0	4.35	2.543	0	0	0	0	0	1.94	0	0	0	1	0	0	0	0	0	0	0	0	0	0	0
AUS4005	0	0	0	0	0	2.61	3.274	0	0	2	0	0	0	0	0	1.275	0	2.813	0	0	0	2	0	1	1	2	0	3	1	3	0	0	3.364	0	1	6	0	0	1	0	0	0	0	0	0	1.333	4	0	0	1.377	0	1.45	3.692	0	0	0	0	0	0	0	0	0	0	0	0	0	0	0
AUS4007	2.121	0	0	0	1.302	0	0	0	0	3.88	0	0	0	1	0	0	0	1.274	0	0	1.005	1.633	0	1	0	5	2	1	0	0	0	1.132	2.317	0	0	0	0	0	1	2.973	1	1.081	2	0	0	0	0	0	0	0	0	0	0	0	1.877	0	0	0	0	0	0	0	0	0	1	0	0	0
AUS4010	1.161	10.006	3	2	0	0	0	1	0	1.091	0	1	0	0	1.468	0	7	0	2	0	0	0	0	0	0	3	2	0	0	0	15	0	0	3.849	3.538	4.566	0	0	0	0	0	0	0	0	0	1.413	3.276	3	0	1	0.892	0	10.136	0	2	0	0	1	0	4	1.065	0	0	0	0	0	0	1.49
AUS4013	0	0	0	0	1	14.064	7.062	0	0	1.169	0	0	0	0	0	1	0	0	2	0	0	0	0	0	0	2	0	0	0	1.767	0	1.544	0	5.549	0	5	0	0	0	0	0	0	0	1	0	11	13	2	0	0	2.006	0	6.31	1	0	0	0	0	0	0	0	0	0	0	0	0	1	0
AUS4017	0	11.187	2.913	0	0	0	2	4.651	0	12.38	0	0	0	0	0	0	1	0	0	0	0	0	0	0	0	0	0	0	0	1	4	9.99	5.232	0	1	3	0	0	0	0	0	0	0	0	5.386	2	1	0	0	0	0	0	0	0	0	0	0	0	0	0	0	0	0	0	0	0	0	0
AUS4018	0	10.835	1.514	0	0	3.367	4.416	0	0	0	0	0	0	0	0	0	11	0	0	0	0	0	0	0	0	0	0	0	1	3.451	14	5.405	15.716	4.97	0	8.587	31	18	0	0	0	0	0	0	5.029	1.268	10.034	0	0	0	0	2.397	0	0	0	1.354	0	0	0	10	0	0	0	15	0	0	0	0
AUS4020	0	9.876	2	0	0	2.614	1	10.315	0	9.6	0	0	0	0	0	0	3	0	0	0	0	0	0	0	0	1	0	0	0	0	0	33.02	13.498	0	0	2	0	0	0	0	0	0	0	0	2	2	1.713	0	0	0	0	9.84	4.856	0	0	0	0	0	0	3	0	0	1	0	0	0	0	0
AUS4021	0	16.803	2.201	0	0	3.412	1	0	0	2	0	0	0	0	0	0	2	0	0	0	0	0	0	0	0	0	0	0	0	3.208	7	25.548	1	0	2.362	11.149	0	0	0	0	0	0	0	0	0	0	7.767	0	0	0	0	1.007	0	0	0	17.636	0	0	0	1	0	0	0	0	0	0	0	0
AUS4025	0	39.676	0	0	1.011	65.804	103	0.146	0	2.605	0	1	0	0.991	0	0	41.161	0	2.994	0	0	1	3.952	0	0	6	2	0	4.302	65.95	60.039	9.303	0	88.555	7	22	0	0	0	0	2	4	1	2	0	41.216	200.609	0	0	2.777	5.971	5.587	120.628	1	0	6.544	0	0	0	38	0	0	0	0	2	0	1.503	0
AUS4027	0	5.161	2.984	0	0	5.492	3	0.5	0	0	0	0	0	0	0	0	6	0	0	0	0	0	0	0	0	1	0	0	0	1.014	13	2	0	0	0	24.559	1	1	0	0	0	0	0	0	0	3	6.283	0	0	0	0	10.813	0	0	0	0	0	0	0	8	0	0	0	2	0	0	0	0
AUS4028	0	0	4.988	0	0	33.968	23	0	0	0	0	0	0	0	0	0	0	0	0	0	0	0	0	0	0	0	0	0	0	9	0	12.267	0	26.26	9.534	31.765	0	0	0	0	0	0	0	0	0	17.278	32.257	0	0	0	0	0	0	0	0	0	0	0	0	0	0	0	0	0	0	0	0	0
AUS4029	0	7	0	0	0	9.256	5.536	1	0	0	0	2	0	0	2	0	0	0	0	0	0	0	2	0	0	2	1	0	0	5	0	0	2	8.957	0	10	0	0	0	0	0	2.147	0	0	3.083	6	23.323	0	0	0	0	0	9.483	0	1	0	0	0	0	0	0	0	0	0	0	0	0	0
AUS4030	2	50.949	0	0	0	0	0	0	0	0	0	1	0	0	0	0	0	0	0	0	0	0	0	0	0	0	0	0	2.155	1.734	0	5.117	0	3.321	4	5.747	0	0	0	0	0	0	0	0	7	3	3.086	0	0	0	0	16.781	2.895	0	1	0	0	0	0	0	0	0	0	0	0	0	0	0
AUS4035	0	0	1	0	0	9.483	11	0	0	0	0	0	0	0	0	0	0	0	0	0	0	0	0	0	0	0	0	0	0	4.333	0	0	0	13.844	0	87.902	1	1	0	0	0	0	0	0	0	1.76	16.699	0	0	0	0	0	12.415	0	0	2.235	0	0	0	0	0	0	0	3	0	0	0	0
AUS4037	0	11.062	0	27.438	22.001	0	1	0	5.202	2	10.625	6.161	14.344	4.885	1.705	5.936	14.34	1.125	14.541	13	1.182	33.67	3.474	41.807	0	0	2.816	0	0	0	17	0	4.641	9.646	0	5	0	0	16.748	57.38	54.595	9.651	2	0	6	0	1	60.11	11.575	10.856	399.142	9.455	0	0	0	26.645	0	0	116.308	6	37.725	0	39.963	0	19.439	15.193	6.179	25.95
AUS4040	0	3.787	0	0	0	0	0	0	0	0	0	0	0	0	0	0	4	0	0	0	0	0	0	0	0	0	0	0	0	0	3	5.408	0	0	0	3	0	0	0	0	0	0	0	0	0	2	1.287	0	0	0	0	0	0	0	0	0	0	0	0	1	0	0	0	0	0	0	0	0
AUS4041	5.057	0	0	3.106	3.395	6.54	3	0	0	1	0	2.407	2.416	0	1	0	0	4.371	2.935	0	0	4	1.107	2	2.47	9	5	0	0	1.681	4	17.852	1	2.552	2	5.326	0	0	1.348	0	4.273	9	6	3.978	0	1	3.606	3.354	0	4.773	0	0	0	0	1.57	1.434	2.319	2.064	0	1	7.983	0	0	0	2	1.674	3.558	2.257
HK1001	0	0	0	0	0	5.474	0	0	0	0	0	0	0	0	0	0	0	0	0	0	0	0	0	0	0	0	0	0	2.249	0	0	1.292	0	0.768	14	0	0	0	0	0	0	0	0	0	11	0	1.164	0	0	0	0	3	0.922	0	0	0	0	0	0	0	0	0	0	0	0	0	0	0
HK1002	7.861	1	3.507	5.758	11.457	1.159	4.405	0	33	0	0	12.003	16.307	12.034	1.097	12.377	0	3.416	10.605	24.643	0	16.667	3.307	31.705	2	6	10.952	0	0	4.341	0	0	0	0	1	0	0	0	34.679	89.723	13.752	21.893	1	1	0	0	3.661	64.888	11.119	15.64	185.225	0	5.202	1.85	1.494	6.354	2.139	0	107.114	0	36.17	2.374	3.682	0	14.011	5.924	13.643	8.891
HK1007	9.23	0	0	12.24	16.969	0	0	0	10.224	0	4.578	12.487	12.247	9.503	1.19	1.222	0	15.699	9.303	13	1.296	9.073	2.383	7.26	12	25.402	17.086	17.557	0	0	0	0	0	0	0	0	0	0	11.573	28.765	8.468	11.958	9.003	6.712	0	0	0	17.833	3.585	9.508	107.024	0	0	2.066	0	0	0	10.965	19.441	0	14.157	0	2.511	0	7.711	3.122	11.124	17.389
HK1009	0	7.488	0	0	0	42.527	27.962	0	0	0	0	0	0	0	0	0	0	0	0	0	0	0	0	0	0	0	0	0	0	24.686	0	0	0	21.726	1	16	0	0	0	0	0	0	0	0	6	52.311	78.501	0	0	0	0	3.353	34.013	0	0	0	0	0	0	0	0	0	0	0	0	0	0	0
HK1010	0	0	0	0	1.413	12.366	11	0	5.891	0	0	0	0	1.048	0	1	0	1	1	0	0	3.994	0.787	1.35	0	1	1.418	0	0	2.173	0	0	0	4.214	0	25	0	0	1	30.57	3.436	10	1	1	0	2	6.743	4.437	0	1.191	2.4	0	7.522	0	0	1.013	0	0	9	0	5.35	0	7.029	0	0	0	0	0
HK1011	1.396	0	0	0	4.502	0	0	0	0	2	0	1.621	1.035	1	0	2	0	1.108	0	0	0	1.529	0	1	1	4	2	0	0	0	0	0	0	0	0	7	0	0	0	0	0	2.4	1	2	0	0	0	1.458	1.138	1	6.807	0	0	0	0	0	0	1	0	0	2.336	0	0	0	3	0	0	2.92
HK1012	12.283	0	0	5.078	3.776	0	0	0	14.482	0	0	11.431	0	2.191	2	4.921	0	3.906	9.506	8	0	10.75	0.159	7	10.428	40.505	14.422	0	0	0	0	0	0	0	0	0	0	0	8.609	18.709	0	31	4	9.843	0	0	0	9.425	0	30.05	62.118	0	0	0	5	0	3.048	2.281	16.411	0	9.76	0	2.72	0	7.029	2.088	8.291	9.6
HK1013	1.183	0	0	0	0	0	0	0	0	0	1	3.378	1	1.126	0	1	0	3.497	6.313	0	0	3.419	0.831	0	3.326	14	10	0	0	0	0	0	0	0	0	0	0	0	1.418	0	0	9	4	3	0	0	0	0	0	5.398	7.615	0	0	0	5	0	0	0	0	0	2.793	0	3.044	0	2	3.174	0	2.755
HK1014	83.766	0	0	54.646	71.319	27.927	20.4	0	71.127	0	8.767	115.26	46.771	91.288	19.535	21.134	0	110.817	45.999	37.863	15.793	44.453	32.037	8.921	90.239	290.433	110.359	91.471	0	24	0	0	0	24.497	0	3	0	0	77.379	54.542	32.862	110.183	12.513	67.156	0	17.694	51.005	99.713	7.129	59.933	178.458	0	4.416	16.835	204.007	2.179	7.341	2.236	18.859	0	95.365	28.18	5.329	0	51.398	12.086	56.732	121.834
HK1015	16.196	0	0	12.557	10.433	3.769	4.459	0	10.635	2	2.891	40.203	5.947	10.627	2.596	7	0	19.879	20.692	5	10.923	26.748	7.02	2.48	15	53.3	30.459	11.331	0	8.662	0	0	1	7.103	1	1	0	0	15.467	19.485	6	31.915	10	12.634	0	3.152	6.818	5.703	10.888	35.511	47.488	0	11.166	3.254	17.487	6.837	8.169	4.243	1.82	0	9.917	12.602	9.273	0	18.269	2.204	20.374	34.665
HK1016	0	0	0	0	0	5.463	8	1.067	1	2	0	0	0	0	0	0	0	0	0	0.543	0	0	0	0	0	0	0	0	0	9.741	0	4.054	0	8.978	2.318	0	27.784	26	0	1	0	1	0	0	0	7	11.513	0	0	0	0	3.171	10.98	0	0	0	0	0	0	0	0	0	0	12	0	0	0	0
HK1017	8.471	0	0	1.412	2.902	0	0	0	8.432	0	0	10.992	0	6.434	1	0	0	1.456	3.736	10.042	0	5.07	1.022	9.064	0	2	4.263	1	5	0	0	0	0	0	0	5	0	0	9.082	23.707	4.424	6.823	3	0	0	0	0	18.169	3.397	3.294	81.88	0	0	0	3	1.085	0	10.448	11.804	0	11.358	0	0	0	9.028	1.545	8.311	2.32
HK1018	4.973	0	0	9	6.564	0	0	0	8.017	0	0	26.513	6.002	18	2	2.184	0	18.993	9.75	3	9.355	13	0	7.38	0	1	8.778	27	0	0	0	0	0	0	0	0	0	0	16.636	12.171	11.893	3.744	3	1	0	0	0	4.342	4.132	2.658	0	0	0	0	23.484	0	1	10.114	1.096	0	9.741	19.669	13.454	0	3.82	0	5.278	7.179
HK1019	0	0	0	3	0	0	0	0	0	0	0	2.256	3.275	0	0	1	0	0	0	0	0	2	0	0	0	5	0	0	0	0	0	0	0	0	0	0	0	0	1.166	1.034	1	2	1	0	0	0	0	1.073	2	0	0	0	0	0	0	0	0	1.344	1	0	1.255	0	0	0	2.606	0	0	0
HK1020	1	70.522	0	0	1.728	7.046	5.811	0	0	0	0	1.432	0	0	0	0	0	2	1	2	0	2	0	0	1	3	0	0	0	8	0	0	0	4.698	0	0	0	0	0	0	0	0	0	0	3	4.345	19.939	2	0	1.361	0	0	8.957	0	0	0	0	0	0	0	0	2	0	0	0	0	0	2.906
HK1025	24.301	0	0	6.536	6.066	0	0	0	9.001	0	4.775	23.458	3.415	3.123	4.801	9.988	0	4.417	8.633	0	2.11	15.903	5.991	0	14.107	79.737	31.927	0	0	0	0	0	0	0	0	0	0	0	13.413	18.321	0	32	7.585	24.517	0	0	0	3.436	1.313	52	43.071	0	0	1.029	16.053	0	0	0	2.757	0	13.39	0	1.17	0	12.255	6.93	16.103	10.124
HK1026	265	0	0	117.074	58.328	0	0	0	8.788	0	1.457	220.632	151.969	139.15	37.939	1.046	0	454	117	40	381	102	20.043	85	88	286.945	37.662	138	0	0	0	0	0	0	0	0	0	0	164	86.375	46.143	39.138	54.348	70.215	0	0	0	126	106.722	33.897	0	0	0	6.449	62	0	13.522	146	5.413	0	214.916	99.717	148.785	0	93	0	141.563	191
HK1027	7.29	35.67	0	0	2.073	0	0	0	0	0	0	3.386	1	3	0	2	0	7.244	4	0	5.091	0	0	0	0	0	0	7	0	0	0	0	0	0	0	0	1.089	1	7.21	1.13	3	1.38	0	0	1	0	0	0	1	0	9.357	0	0	0	1	0	0	2	3	0	6.021	4.732	2.259	0	4	0	0	5
HK1028	1	0	0	1.274	0	1.256	0	0	0	0	0	1	0	1	0	0	0	1	1	0	1.069	0	0	0	0	0	1	0	0	1.223	0	0	0	0	0	8	0	0	1	1.313	0	1	0	0	0	0	1.46	0	0	0	3.227	0	0	0	0	0	0	0	1	0	2.324	2	0	0	2	0	0	1.413
HK1029	3.564	0	0	2.62	0	0	0	0	2.149	0	0	6.751	1.17	4.087	1	3	0	5.533	5.535	0	3.118	2.318	0.4	0	0	1	2.367	2	0	0	0	0	0	0	0	19	0	0	5.283	5.663	1.997	3.558	0	1.946	0	0	0	7	1	1.573	5.211	0	0	0	1	0	0	0	10.691	0	2.964	2.4	4	0	0	0	0	7.999
HK1036	0	0	0	0	0	0	0	0	0	0	0	0	0	0	0	0	0	0	0	0	0	0	0	0	0	0	0	0	0	0	0	0	0	3.143	0	0	0	0	0	0	0	0	0	0	0	0	0	0	0	0	0	0	0	0	0	0	0	0	0	0	0	0	0	0	0	0	0	0
HK1037	5.203	22.398	0	12.427	10.858	0	1	0	15.128	0	2.105	9.377	12.284	10.839	6.599	1.585	0	2.354	7.826	9	0	15.57	0	14.878	4.137	16	8.945	5.175	0	0	0	48.534	0	0	2	0	0	0	7.055	38.352	3.232	5.44	2.145	2	0	1	1.44	21.059	9.657	11.946	144.147	0	1.152	0	2.231	0	0	4.059	51.259	0	12.593	0	3.758	0	0	5.048	5.746	15.192
HK1039	0	0	0	0	0	1	4	0	1	1	0	0	0	0	0	0	0	0	0	0	0	0	0	0	0	0	0	0	0	5.292	0	0	0	4.864	0	0	0	0	0	0	0	0	0	0	0	2	8.417	0	0	0	0	0	0.465	0	0	0	0	0	0	0	0	1	0	0	0	0	0	0
HK1048	0	0	0	0	0	0	0	0	4.021	0	0.732	0	0	1.048	0	0	0	0	1.423	0	0	0	0	0	0	0	0	0	0	0	0	0	0	0	0	5	0	0	0	0	0	0	0	0	0	0	0	2	0	0	1.608	0	0	0	1	1.043	1	0	1.376	0	0	0	0	0	0	0	0	1.267
HK1058	3	0	0	1	0	24.815	6	0	1.497	0	0	1.052	0	1	0	0	0	0	1	0	1	2.087	0	0	0	1	0	0	0	8.671	0	4.803	0	7.354	0	19	0	0	0	4.51	0	2.123	0	0	0	6.154	9.026	4.824	0	1.334	0	0	32.189	0	0	0	0	1.332	4.157	0	0	0	0	0	2	0	2	0
HK1060	0	0	1.815	0	0	13.853	7	0	0	0	0	0	0	0	0	0	0	0	0	0	0	0	0	0	0	0	1	0	0	11.792	0	0	0	3.91	1.165	3	0	0	0	0	0	0	0	0	0	18.801	9.411	0	0	0	0	12.915	14.89	0	0	0	0	0	0	0	0	0	0	0	0	0	0	0
HK1065	7	0	0	10.783	5.213	0	0	0	1.269	0	1	13.655	2.135	3.816	5	4	0	8.18	1.459	0	5.895	3.877	0	1	5.191	24	13	3	0	0	0	0	0	0	0	0	0	0	5	3.326	6	13.19	1	5	0	0	0	6.671	2.535	5.734	17.362	0	0	2.78	4.933	0	0	3	0	0	18.927	2.272	4.088	0	5	1	5	2.083
HK1068	3.11	0	0	2	0	4	5	0	1.109	0	0	3.414	1	0	0	0	0	0	1	1	0	0	0	1	1	2	0	1	0	1	0	0	0	7.302	1	1	0	0	0	5.15	1	3.09	0	0	0	3	2.192	3.076	0	0	3.475	1	3.895	0	3.364	0	0	0	7	0	1.181	0	0	0	1	1	0	0
HK1078	63.414	0	1.557	71.693	26.478	1.3	1	0	78.019	0	8.961	85.799	136.847	118.99	19	12.398	0	153.723	106	27	158.82	93.825	10.414	34.911	81.57	222	47.33	0	0	1	0	0	3	0	0	2	0	0	27.039	30.161	63.978	14.792	36.39	75.129	0	3	1.053	59.938	23.75	5.58	105.153	0	0	6.488	1	1.304	0	37.338	1.445	0	119.815	84.384	46.134	0	24.979	27.978	59.457	99.046
HK1086	12.365	0	0	6.556	11.836	0	0	0	7.008	0	0	19.019	1.464	13	0	1.36	0	11.225	14.743	5	12.129	8	0	10	0	0	13.811	15	0	0	0	0	4.343	0	0	0	0	0	17	5.363	0	0	11	0	0	0	0	7	2.976	2.891	2.426	0	0	0	0	0	0	7.685	3	0	3.262	17	14.437	0	6.918	0	4.32	14.215
HK1088	161.979	0	0	55.408	23.845	0	0	0	1.234	0	0	100.906	96	85.793	22.981	26	0	213.2	54	24	187	40	8.674	52	52	166	18.538	121	0	0	0	0	0	0	0	0	0	0	112.932	37.731	23.903	14.516	28.372	32.891	0	0	0	55	69.327	25.751	0	0	0	8.978	36	0	0	84	3.848	0	123	54.624	80	0	53	0	72	101
HK1095	0	0	0	0	0	0	0	0	1.36	0	0.435	1.014	0	2	0	0	0	0	0	3	0	0	1.131	2	0	0	0	0	0	0	0	0	0	0	0	0	0	0	0	1.204	0	0	0	0	0	0	0	3	0	3	0	0	0	0	2	0	0	0	9.974	0	2	0	0	0	0	2	2.267	0
HK1101	126.521	0	0	129.216	335.261	0	0	0	14.661	0	18.158	262.798	161.528	110.751	46.623	38.47	0	74.833	165.527	26.671	2.307	151.165	46.298	46.157	188.329	562.726	229.141	0	0	0	0	0	0	0	0	0	0	0	47.977	149.747	3.294	399.326	105.784	169.231	0	0	0	195.511	35.626	142.287	601.314	0	0	66.6	35.763	0	5.71	22.209	33.722	0	157.5	67.701	1.553	0	193.411	41.652	65.927	185.614
HK1104	7.877	0	0	11.736	3.025	0	0	0	8.275	0	0	4.708	6.165	11.308	1	5.735	0	2.37	7.947	13.348	0	9.763	0	16.667	0	0	8.721	0	0	0	0	0	0	0	0	0	0	0	8.691	43.622	2.23	19.573	2.1	0	0	0	0	44.078	4.686	10.14	105.437	0	0	0	0	0	1	2.342	63.271	0	24.71	0	1.067	0	5.054	6.516	13.517	7.783
HK1105	0	0	1	0	0	18.168	10.459	0	0	1	0	0	0	0	0	0	0	0	0	0	0	0	0	0	0	0	0	0	0	4	0	0	0	5.381	0	4.325	0	0	1.936	1	0	0	0	0	0	16.728	32.632	0	0	1.278	0	0	7.607	0	1.725	0	0	0	3.197	0	1	0	0	0	0	0	0	0
HK2001	5.066	0	0	0	4.477	0	0	0	0	0	0	18	7	3.137	3	0	0	10.048	6	4	4.041	4	1	3.252	0	0	4.894	14.403	0	0	0	0	0	0	0	0	0	0	8.85	5.673	10	3.664	6	0	2	0	0	1.258	10	0	12.53	0	0	0	3.848	1.014	0	4.576	0	0	11.671	9	3.96	0	0	0	3.04	9.521
HK2010	0	26.272	0	0	1	7.382	5	0	0	0	0	0	0	1.024	0	0	0	0	0	0	0	0	0	1	0	2	1.691	0	0	5	0	0	0	12.28	0	2	0	0	0	0	0	1.005	1	0	1	0	18.159	1	0	1	0	5.743	3.685	0	0	4.942	0	0	0	0	0	0	0	0	1	0	0	0
HK2011	4.888	0	0	3.847	9.779	3.864	1	0	0	0	0.055	1.434	0	4.402	0	2	0	1.024	5	0	1.104	9.44	0	0	5	16	4	0	0	0	0	16.363	0	1.896	2	1	0	0	2.925	8.578	6	9.558	5	9	3	0	7.96	1.901	0	8.682	23.335	2	0	0	2	6.89	0	0	0	0	8.455	0	1	0	9	2	6.334	4.069
HK2012	3.185	20.451	1.243	1.4	1.926	10.546	7.788	2.631	1.176	1	0	7.486	1	2.954	1	0	17.85	0	1.152	0	0	0	0	0	1	1	1	1	13.437	7	44.755	22.665	1	10.17	0	0	2.218	0	2.75	2.55	1	1.634	2	1	1	4	15.343	3.495	0	3.4	4.057	9.936	5.917	1	0	2.88	0	1.809	0	24	1	0	0	0	0	0	2.045	2
HK2014	0	0	0	0	0	8.996	1.63	0	0	1	0	0	0	0	0	0	0	0	0	0	0	0	0	0	0	0	0	0	0	4	0	0	4	3.542	0	0	0	0	0	0	0	0	0	0	0	7.733	6.038	0	0	0	0	0	9.811	0	0	0	0	0	0	0	0	0	0	0	0	0	0	0
HK2016	6.173	60.147	0	16.01	2.529	11.88	6.738	0	7.039	2	2.176	26.911	5.473	17	0	3.285	0	42.745	13	7	0	8	0.616	0	0	0	0	21.248	4.998	14	0	0	1	6.269	1	1	0	0	14.861	6.254	6	15	15	0	1	12	13.838	5.739	6.994	5.163	3.849	0	22.43	0	0	2.699	0	4.363	8.528	0	6.211	17	7.514	0	6	0	7.798	10
HK2017	2.085	0	0	4.356	0	0	0	0.72	10.093	0	0	4.356	0	3.065	0	1.368	0	8.5	1.79	0	6.715	2.572	0.28	5.684	0	0	4	0	0	0	0	0	3.295	0	0	0	0	0	4.849	5.558	0	1.554	0	0	0	0	0	7.355	0	4	0	0	0	0	2	0	3.447	2.193	12.226	0	1.348	2	1.162	0	1.165	0	0	3.224
HK2018	1.011	0	0	0	0	10.266	7.625	0	0	0	0	1	2	1	0	0	1	2.223	0	1	0	2	0	0	2	7	1	2	29.926	7.695	4	13.474	0	7.683	0	0	0	0	1.33	0	1	1	0	0	0	8.393	13.68	0	1	0	0	7.695	4.066	0	1.723	21.72	0	1	1	5	2.511	0	0	0	0	0	1.462	1
HK2020	0	0	0	0	0	1.29	4	0	1.204	0	0	0	0	0	0	0	0	0	0	0	0	0	0	0	0	0	0	0	4.196	1	0	0	0	11.608	1	14	0	0	0	0	0	0	0	0	6	2	5.047	0	0	1	0	7.011	1.652	0	0	0	0	1	0	0	0	0	0	0	0	0	0	0
HK2025	0	0	2.061	1	0	37.874	24.854	1.009	0	0	0	1	0	0	0	0	0	0	1	0	0	0	0.841	0	1	5	1	0	0	19.527	0	8.051	0	20.536	0	0	0	0	0	1.625	0	1	0	1	7.639	21.588	54.809	1	0	0	6.744	0	43.109	0	2	0	0	0	0	0	0	0	0	0	0	0	1	0
HK2026	0	0	0	0	1.933	0	0	39.865	0	12.711	0	0	0	1	0	0	0	0	0	0	0	0	0	0	1	1	0	1	0	0	0	11.715	34.654	0	0	12	0	0	0	0	1	0	0	0.01	6	0	0	1	0	1	0	35.687	0	0	0	0	0	0	0	0	0	0	0	0	0	0	0	1
HK2028	0	0	7.972	0	0	0	0	0	0	0	0	0	0	0	0	0	0	0	0	0	0	0	0	0	0	0	0	0	0	0	0	0	0	0	0	0	0	0	0	0	0	0	0	0	0	0	0	0	0	0	0	1.286	0	0	0	0	0	0	0	0	0	0	0	0	0	0	0	0
HK2037	5.667	74.049	0	0	0	1.282	1	0	0	0	0	3.263	1.025	4	2	0	1	5	2	0	0	2	0	0	2	3	0	1	1	4.331	0	0	0	1.498	0	0	0	0	1	3.427	1.179	0	0	0	0	3	3.073	4.031	1	0	0	0	0	1.083	0	0	0	0	0	0	0	0	1.024	0	3	0	1.228	2
HK2052	0	27.395	3.245	0	0	28.577	22.591	0	2	0	1	1	0	0	0	0	31.792	0	2	0	0	0	0	0	1	2.291	1	0	0	30.279	40	0	0	13.308	1	27	4	1	1	0	0	3.012	1	1	1	18.124	30.688	0	0	3	2.487	0	30.899	0	1	16.663	0	0	0	24	0	0	0	1	0	0	0	0
HK2056	1.081	0	0	0	1.501	2	0	0	4.007	0	0	8.315	1	4	1	4	0	4.543	6	0	2.888	4	0	3.582	0	1	0	5	0	0	0	280.441	0	1.479	0	12.999	0	0	7	0	8	2.826	1	0	0	1	7	4.473	3.679	0	0	0	0	0	6.998	1.06	0	2	1.575	0	3.185	2	2	0	0	0	3	6.059
HK2061	0	0	0	0	0	3.497	1	11.843	7.278	10	0	0	0	6.39	0	0	0	0	0	0	0	4	0	2.774	0	0	0	0	0	3	0	0	1	0	0	0	0	0	3	1.751	0	0	0	0	0	0	0	10	0	1.426	1.704	0	1.66	0	1	2.178	0	0	12.726	0	0	0	0	0	0	0	2.22	0
HK2065	0	40.735	0	0	0	9.226	7.689	0	0	3	1.28	1	0	0	0	0	2	0	0	0	0	1	0	0	0	1	4	0	0	6	11	0	1.084	3.951	1.108	9.611	0	0	0	1.202	0	0	1	1	1	9	10.463	1	0	0	4.995	4.088	13.826	0	0	0	0	0	1	2	1.515	0	1.153	0	1	0	0	0
HK2068	0	0	0	0	0	0	0	0	0	0	0	0	0	0	0	0	0	0	0	0	0	0	0	0	0	0	0	0	0	0	0	0	0	0	0	0	0	0	0	0	0	0	0	0	0	0	0	0	0	0	0.333	0	0	0	0	0	0	0	0	0	0	0	0	0	0	0	0	0
HK2078	0	0	0	0	0	0	0	0	0	0	0	0	0	0	0	0	0	0	0	0	0	0	0	0	0	0	0	0	0	0	0	0	1	0	0	0	0	0	0	0	0	0	0	0	0	0	0	0	0	0	0.5	0	0	0	0	1.108	0	0	0	0	0	0	0	0	0	0	0	0
HK2086	0	58.094	5.929	0	0	0	0	5.18	0	76	0.445	1.128	0	3.386	0	2.387	0	0	0	1	0	0	0.348	1.368	0	0	1.816	0	0	0	0	1.272	6	0	0	6	0	0	1.331	2.426	3	2.289	0	0	6.824	0	0	1.694	0	1.047	12.988	1.458	0	0	0	3.7	0	1.72	3.77	0	0	0	0	0	1.365	1.549	1	0
HK2095	0	0	1	0	0	2	0	0	0	0	0	0	0	0	0	0	0	0	0	0	0	0	0	0	0	0	0	0	8.425	1	0	0	2.704	0	7.028	0	0	0	0	0	0	0	0	0	0	0	8	0	0	0	0	1.382	0.07	0	0	0	0	0	0	0	0	0	0	0	0	0	0	0
HK3002	1.253	1.035	26.456	0	0	11.336	6.418	0	3.268	0	0	0	0	1.285	0	1	2	0	1.185	0	0	0	0.827	0	0	0	1.691	0	0	10	9	4	0	0	4	1	28.304	35	0	4.513	0	0	0	0	0	8	16.135	3	0	0	0	1	6.289	0	0	7.86	0	0	0	3	2	0	0	14	1.393	2	0	0
HK3007	0	0	0	2.704	0	0	0	19.191	0	1.096	0	0	0	0	0	0	0	1	0	0	0	0	0	0	0	0	0	1	0	0	0	0	11.683	0	0	0	0	0	0	0	2	0	0	1	0	0	0	1.117	0	0	0	0	0	0	0	1.095	0	0	0	0	1.375	0	0	0	0	0	0	0
HK3009	0	0	0	0	0	1.802	1	0	0	1	0	0	0	0	0	0	0	0	0	0	0	0	0	0	0	0	0	0	3.118	1	0	0	0	0	0	15	0	0	0	0	0	0	0	0	0	4	4.734	0	0	0	0	2.49	2.5	0	0	0	0	0	0	0	0	0	0	0	0	0	0	0
HK3012	18.54	97.526	0	1.333	0	0	0	0	45	0	0	10.956	4.742	11.427	0	0	0	4.818	11.587	14.131	0	21.004	3.778	8	3	8	4.995	6	0	0	0	189.621	0	0	0	53	0	0	18.424	121.7	7.012	18.361	0	3	1	0	0	27.072	3.292	10.452	5.758	0	0	0	3.406	0	0	2.763	82.592	0	10.874	0	3.236	0	2.172	0.279	17.935	6.158
HK3013	0	42.555	0	0	0	8.557	3	1	0	5.996	0	0	0	0	0	0	0	0	0	0	0	0	0	0	0	0	0	0	1.567	3	0	1.293	0	3.038	1	2	0	0	0	0	0	0	0	0	0	4	3.595	0	0	0	0	9.694	3.944	0	0	0	0	0	0	0	0	0	0	0	0	0	0	0
HK3014	1.342	0	1.17	0	7.203	1.578	1	0	5.037	1	0	4.735	2.968	8.127	0	2	0	4.93	3.618	0	0	4.453	2.871	2	3.956	20	2.328	0	0	0	0	0	0	2.796	0	0	0	0	0	7.556	2.387	9.83	3.324	4.365	0	1	1.776	6.57	1.707	3.81	0	1	0	0	1	0	1.793	0	4.416	0	4.062	1.431	9	0	0	1.542	4.34	0
HK3015	0	69.681	0	0	0	3.393	2.347	0	0	0	0	0	0	0	0	0	0	0	0	0	0	0	0	0	0	0	0	0	0	1.918	0	19.964	0	0	1	27	0	0	0	0	0	0	0	0	0	3	2.998	0	0	0	0	3.319	0	0	0	7.168	0	0	0	0	0	0	0	0	0	0	0	0
HK3019	0	1.236	0	0	0	0	0	0	0	0	0.515	0	0	0	0	0	0	0	0	0	0	0	0	0	0	0	0	0	0	0	0	0	0	0	0	15.897	0	0	0	0	0	0	0	0	0	0	0	1	0	0	0	0	0	0	0	0	0	0	0	0	0	0	1.143	0	0	0	0	0
HK3027	0	0	0	0	1	44.583	17	0	1	0	0	0	0	0	0	0	0	0	0	0	0	0	0	0	0	0	0	0	0	27	0	0	0	5.576	0	9.211	16.537	19.374	0	0	0	0	1	0	0	9.481	49.662	0	0	1	1.012	1.548	49.03	0	0	6.142	0	0	0	0	0	0	0	10	0	0	0	0
HK3029	10.738	78.866	0	15.106	8.286	2.556	2	0	2	0	0.139	12.249	8.165	15.948	4	3.518	3	6.606	11.037	0	0	1	0	1.48	19	36.467	14	0	0	0	3	0	0	0	0	0	0	0	4.426	5.641	0	19.809	7.817	13.894	0	0	8.197	10.202	7.654	13.285	35.525	1	0	4.107	7.757	0	5	3.451	0	4	5.481	3.294	1.03	0	5.683	0	4.186	8.179
HK3036	0	0	0	0	0	1.288	3.3	0	0	0	0	0	0	0	0	0	0	0	0	0	0	0	0	0	0	0	0	0	24.394	6	0	0	0	1.902	0	7.798	0	0	0	0	0	0	0	0	2	0	6.341	0	0	0	0	1.052	3.174	0	0	0	0	0	0	0	0	0	0	0	0	0	0	0
HK3039	1	0	0	1.334	0	1.074	0	0	0	0	0	0	0	1	0	0	0	1.256	0	0	2	1	0	0	0	1	0	2	0	2	0	0	0	0	0	0	0	0	0	0	0	0	0	0	0	3	0	0	0	0	0	0	0	0	0	0	0	0	0	0	0	0	0	0	0	0	0	0
HK3048	82.576	0	0	26.845	74.707	0	0	0	6.706	3.346	5.391	66.156	38.99	14.786	17.476	23.445	0	15.432	45.116	17	12.263	37.309	17.858	14.269	64.043	212.015	92.607	0	0	0	0	0	0	0	0	0	0	0	30.703	26.591	34.949	114.41	23.678	70.401	0	0	0	36.219	0	63.372	45.543	0	0	14.913	54.785	0	1.255	10.431	22.67	0	106.918	9.681	1.469	0	28.085	21.227	35.745	49.686
HK3058	61.644	0	0	34.034	59.945	0	0	0	1.909	0	0.68	84.144	44.293	61.083	26.166	14.176	0	95.963	42.768	15.324	63.244	31.385	12.011	28.283	56.403	152.537	54.811	33.74	0	0	0	0	0	0	0	0	0	0	30.559	43.027	5.851	94.667	28.826	33.497	0	0	0	49.73	23.827	31.241	118.338	0	0	8.209	26.397	0	3.701	17.281	7.858	0	58.464	36.573	22.98	0	58.096	6.173	40.586	71.751
HK3060	0	13.427	1	0	0	14.274	15	15.084	0	2.3	0	0	0	0	0	0	1	0	0	0	0	0	0	0	0	0	0	0	0	9	1	4.425	18.757	10.111	1.172	8	87.106	107	0	0	0	0	0	0	16.838	12	18.802	0	0	0	0	0	65.789	0	0	6.498	0	0	0	1	0	0	0	65	0	0	0	0
HK3088	16.878	61.945	9.764	23.728	22.916	17.475	14.063	0	19.089	0	0	86.42	18.266	29.452	10.791	1.814	0	56.216	42	11.969	46.634	35	3.081	24	1	4	21.91	41.188	0	11.064	0	0	0	12.506	2.325	0	0	0	36	24.115	0	21.869	23.834	3	0	17.846	28.649	24.019	25.374	9.707	2.456	0	9.092	0	0	11.653	0	20.761	0	0	32.061	26.026	22.327	0	2.611	0	25.998	39.718
HK3095	0	0	3	0	0	4.113	4	0	0	0	0	2	0	1	0	0	0	3	3	0	1	0	0	0	0	0	1	1	3.194	5	0	0	0	0	1.159	13	0	0	0	0	0	0	1	0	0	7	16.758	2	0	0	1.5	0	12.403	0	0	0	0	0	0	0	1.063	0	0	0	0	0	3	2.885
HK3101	2	0	0	0	2.299	0	0	5.918	0	4.482	0	2.486	2	1.87	0	1	0	1.123	0	0	0	4.491	0	0	4	10	6	7	8.099	0	0	0	4.436	2.702	6	10	0	0	1	0	0	2.122	0	0	3	0	0	6.067	1	0	0	0	0	0	3.364	0	0	2.823	0	0	3.75	0	4.55	0	2	0	1.393	6
HK3104	15	0	0	6	1.556	6.232	4.826	0	5.529	47.863	0	12	6	0	2	0	0	24.76	2	3	13.155	2	0	3	9	21	2	7.53	0	3.971	0	0	0	12.594	0	0	0	0	8.298	5.758	1	2	2	6	0	5.409	20.593	10	5.768	0	15.266	1	5.476	0	7	0	0	3	0	0	6.535	1.087	7	0	5	0	2.447	11.611
HK3105	3.281	0	0	3	1.503	16.6	6	6.909	2	0	0	2.269	0	3.085	0	0	2	5.283	2.866	2.178	0	4	0	3.764	0	0	2.801	2	3.064	7.566	1.142	0	14.05	6.61	0	5	0	0	4	2.328	2	0	4.222	0	13	6	6.601	5.11	2	0	2.516	4.645	0	0	1	0	1	3	2.602	0	2.259	3.383	1	0	1.497	1	2.031	5
HK4003	0	64.643	3.021	0	12.985	26.98	9.535	0	2.44	1	1	0	2	0	3.836	2.207	0	0	2.666	7	0	0	1.222	2.926	0	1	1.694	0	0	11.721	0	0	0	12.91	1	16	0	0	2.017	0	1.083	4.734	0	0	3	16	42.436	6.15	1.681	1.036	0	0	14.869	0	1	0	0	0	19.865	0	6.148	0	0	0	4.317	0	4.926	0
HK4011	6	0	0	5	1.205	0	1	0	2.256	4.97	0	11	5	2	2	1	0	19	1.124	0	8.84	1.454	0	1	2	7	0	4	0	1	0	23.702	0	0	0	1	0	0	3	1.768	3	1.378	0	1	0	0	0	4	6	0	5.333	0	0	0	1	0	0	2	0	0	1.716	3	8	0	3	0	11.458	6
HK4013	6.525	0	2	2.42	4.052	1.477	0	0	1.448	17	4.103	16.42	2.664	10.159	5	3.489	33	8.505	10	0	8.524	7	0	10.321	0	0	5.912	3	4.012	6	44.438	0	0	1.552	0	2	0	0	18.186	7.736	7	3.572	4	0	7.694	4	1.134	10.436	3.26	3.359	3.588	1.379	0	0	0	1.154	0	3.422	10.648	33	2.536	4.124	5.379	0	0	0	0	16.692
HK4014	0	0	4.45	0	0	2.974	2	10.544	0	0	0	1	0	0	0	0	0	0	0	0	0	0	0	0	0	1	0	0	3	1	0	0	0	0	7	7	6.526	17	0	0	0	0	0	0	5.708	0	6.318	0	0	0	0	7.531	0	0	1	40.95	0	0	0	0	0	0	0	13	0	0	0	0
HK4015	8.629	0	2.161	1	8.769	21.487	9.808	10.15	0	1.455	1	12	4.46	13	1	0	3	9.123	7	4	1.64	11	1.684	2.295	7.778	29	12	9.315	0	16	1	0	20	8.203	5	0	0	0	9.757	3.742	1	7.473	2	9	7	10	16.903	8	5	0	5.942	8.453	11.606	0	1	0	0	2.539	1.74	4	6.12	1.342	6	0	1.36	1	3	4.705
HK4016	0	123.808	0	0	0	3.835	5	3.46	0	11.412	0	0	0	0	0	0	0	0	0	0	0	0	0	0	0	0	0	0	0	2	0	4.879	3	8.452	5	1	35	26	0	0	0	0	0	0	12.354	3	5.555	0	0	0	0	0	5.291	0	0	10.095	0	0	0	0	0	0	0	20	0	0	0	0
HK4020	0	35.679	4.766	4.957	1.469	16.167	6.345	0	2.321	0	0	3.392	0	1.123	0	0	0	3.076	1.101	0	0	0	1.966	0	0	0	1.051	0	4.557	11.578	0	0	0	0	1	14	29.337	25	2.084	4.529	3	1.674	0	0	3.307	13.792	28.564	7.33	1.742	0	52.245	0	46.083	0	0	0	0	1.258	12.748	0	2.83	0	1	21	0	0	0	0
HK4021	0	65.454	1	0	0	24.253	33	3.181	1	0	0	0	0	0	0	0	0	0	1	0	0	0	0	0	0	0	0	0	0	13	0	9.714	0	16.962	2	42	20	20	2	0	0	0	0	1	0	12.504	37.971	0	0	1.326	0	8.046	31.425	0	0	0	0	0	0	0	0	0	0	12	0	0	0	0
KM1001	0	0	0	0	0	10.488	13	0	0	0	0	0	0	0	0	0	1	0	0	0	0	0	0	0	0	0	0	0	1.199	0	3	0	0	4.443	0	10.383	0	0	0	0	1	0	0	0	0	5.737	12.234	0	0	0	1	5	0	0	0	1.378	0	0	1	2	0	0	0	0	0	0	0	0
KM1002	16.958	0	0	28.599	27.42	0	0	0	50.341	0	2.651	41.283	17.567	30.977	3.929	24	0	74.206	33.853	22.109	25.936	7.381	3.6	29.656	0	0	3.096	67	1.195	0	0	0	0	0	0	1	0	0	51.513	77.831	39.901	25.989	12.523	0	0	0	1	21.904	3.105	3.351	0	0	0	3.404	16.964	0	0	12.029	25.934	0	55.722	26.845	31.054	0	13.671	0	24.189	32.297
KM1003	7.645	1.07	0	40.33	27.163	6	0	0	108.55	0	12.041	10.194	13.977	9.924	7.917	23.077	0	2.794	11.463	38.858	3.501	30.854	1.727	67.434	0	0	24.371	0	0	0	0	0	0	0	1	0	0	0	28.115	109.31	19.761	49	6.105	0	0	0	1.431	78.902	18.135	21.65	245.656	0	1.115	0	45.192	2.658	8.228	0	190.285	2	72.178	0	11.667	0	40.86	22.56	18.286	25.616
KM1004	241.177	0	0	21.817	110.206	0	0	0	115.544	0	48.544	257.447	111.37	191.514	55.738	75.235	0	234.126	121.437	97.789	17.857	188.492	69.151	13.725	169.556	755.279	229.938	462.231	0	0	0	0	0	0	0	0	0	0	218.403	137.836	103.148	99.349	20.35	123.531	0	0	0	178.339	61.723	26.894	83.269	0	0	0	0	0	0	99.63	120.857	0	206.722	21.398	148.873	0	75.615	27.618	145.076	136.724
KM1005	0	23.591	0	0	3.018	6.434	8.423	4.986	0	1	1	1	1.416	0	0	3	0	0	1	0	0	1	0	2.645	0	0	1.233	2	0	9	0	0	2.443	21.711	0	0	0	0	1.269	6	2.563	0	1	0	1	6	17.255	1.356	0	0	21.403	4	19.979	0	1	0	0	0	7.837	0	1.148	0	0	0	0	0	1.048	0
KM1006	0	0	0	0	0	0	4	0	4.959	0	0	0	0	0	0	4	0	0	0	0	0	0	1.151	0	0	1	0	0	0	5	0	55.956	0	2.23	0	4	0	0	0	0	0	1	0	0	0	2	7.051	2.137	0	0	0	0	0	0	4.986	0	0	1	7.405	0	1.08	0	0	0	0	0	0	0
KM1007	0	0	2.176	34.845	24.39	5.757	7.694	0	34.228	21.193	4.466	17.31	14.262	22.129	3.472	0	0	3.057	15.174	18.645	34.466	39.115	0	54.837	0	0	19.262	0	0	3.457	0	1.489	2	5.759	0	3	0	0	12.501	100.579	9.371	11.037	1.176	0	4	7	6.344	57.471	17.362	13.567	560.558	3	27.986	0	77.559	3.814	4.4	0	165	0	51.434	0	6.633	0	3.613	15.325	20.118	24.476
KM1008	0	6.832	1.187	6.125	5.018	0	0	0	2.483	1	3	1.3	3.27	2.637	0	2.484	2	0	6.319	2.081	0	11.082	0	9.726	0	0	2.947	1	0	0	3.396	4	0	0	0	5	0	0	1.733	17.24	3.248	3.38	1	0	2	0	0	10.339	6.795	2.432	128.354	5.283	0	0	0	7.862	0	0	23.775	0	9.287	0	4.745	0	9.49	4.793	2.864	2.664
KM1009	23.636	0	0	3.922	18.604	0	0	0	14.879	0	0	35.691	17.123	33.963	5.386	11.463	0	36.603	10.683	10	99.617	20.029	11.666	0	30.2	82.438	22	42.189	0	0	0	0	0	0	0	0	0	0	29.478	11.91	14.228	13.145	3.414	20.43	0	0	0	23.684	14.165	6.314	0	0	0	0	18.572	0	0	8.467	5.36	0	23.685	5.837	23.945	0	13.918	1.282	16.397	27.456
KM1010	6.543	0	0	15.671	11.888	0	0	0	10.722	0	0	35.909	14.105	23.838	3.147	2.328	0	0	9.858	13	2.585	10.752	1.126	31.21	7	37.769	28.86	3	0	0	0	0	0	0	0	0	0	0	11.703	86.444	10.997	55.403	4.058	11.252	0	0	0	47.963	8.827	24.16	262.509	0	0	2.91	7.433	1	0	0	126	0	45.985	7.362	38.569	0	15.21	10.326	14	25.784
KM1011	19.026	0	5.087	18.177	14.373	0	0	0	42.167	0	0	38.831	25.532	23.755	4.379	31.435	5	4.46	45.475	72.59	5.832	28.127	2.281	80.133	0	1	32.579	1	0	0	10	6.04	0	0	0	24.535	0	0	44.208	149.277	8.297	59.659	10.276	0	0	0	1	148.987	22.384	49.036	974.889	0	0	3.738	0	3.578	0	23.258	186.858	4	96.949	0	11.95	0	8.144	37.703	55.984	49.644
KM1012	8.066	0	0	15.174	25.166	0	0	0	27.332	5	3	12.175	0	15.866	9.521	0	0	26.473	7.059	3	8.475	14.537	4.476	0	14.47	41.341	10.2	27.387	0	0	0	0	0	0	0	0	0	0	28.926	0	12.8	9.327	2	9	0	0	0	17.79	2.704	12.135	0	0	0	4	0	0	0	0	5.305	0	13.096	0	15.39	0	5.779	2.462	8.239	24
KM1013	0	0	0	0	0	0	0	0	0	0	0	0	0	0	0	0	0	0	0	0	0	0	0	0	0	0	0	0	0	0	0	0	1.165	0	0	0	0	0	0	0	0	0	0	0	0	0	0	0	0	0	0	0	0	0	0	1.718	0	0	0	0	0	0	0	0	0	0	0	0
KM1014	33.635	10.833	0	5.921	52.65	0	0	0	191.812	0	0	29.94	22.123	98.853	0	2.973	0	5.433	49.532	90.75	90.777	37.775	0	151.991	2.774	10	33.998	0	0	0	0	0	0	0	0	0	0	0	53.166	77.225	43.437	102.076	9.158	1	0	0	0	106.859	8.556	41.714	114.972	0	0	3	173.761	0	0	49.026	343	0	74.914	0	19.798	0	78.694	10.884	15.309	6.309
KM1015	0	0	0	0	0	0	0	0	0	0	0	0	0	2.689	0	0	0	0	0	0	0.999	1.437	0	0	0	0	1	0	0	0	0	0	0	0	0	0	0	0	2	0	0	0	0	0	0	0	0	0	0	0	0	0	0	0	0	0	0	0	0	0	0	0	1.019	0	0	0	0	1
KM1016	0	0	0	0	2.806	0	0	0	0	0	1	6.001	3.374	0	0	1.279	0	2.131	0	4.734	0	4	2	0	1	9	6	8	0	0	0	0	0	0	0	0	0	0	2	1	1.136	1.234	0	1.808	0	0	0	3.16	0	0	3.562	0	0	0	0	0	0	1.319	1.836	0	5.023	0	2.121	0	3	2	2.781	1.1
KM1017	11.663	19.844	0	15.618	4.376	0	0	0	111.542	0	0	59.256	11.993	32.108	1.064	51.546	0	7.965	25.361	62.451	0	51.364	0	62.95	3	6	13.076	3	0	0	0	0	0	0	0	0	0	0	46.374	401.777	22.608	76.274	15.537	0	0	0	0	131.648	12.524	40.927	441.189	0	0	4.837	14.621	0	53.438	10.753	352.335	0	156.4	5.527	82.458	0	8.314	31.552	44.803	35.651
KM1018	52.012	0	0	43.278	79.777	0	2	0	0	0	4	57.556	37.832	22.255	13.557	12.836	0	21.231	34.416	9.3	0	47.119	8.232	10.408	53.701	162.041	72.796	0	0	0	0	0	0	0	0	3	0	0	8.518	25.437	0	131.979	32.831	41.424	0	3	1	62.817	10.541	31.344	156.411	2.946	0	11.556	31.888	0	0	14.833	0	0	23.662	7.556	0	0	63.801	12.933	18.609	47.383
KM1019	7.532	131.853	1.688	2.735	4.338	22.326	30	0	12.114	0	0.047	5.713	0	3.327	0	3.753	0	1.165	3.439	10.8	2.17	5.891	0	4.843	0	0	1.133	0	4	38	0	10.767	1	23.06	1	13	3	3	2.774	27.552	7.938	5.108	2	1	0	17.317	56.608	14.767	1.296	5.955	9.52	11.452	12.479	1	0	4.528	0	0	26.86	0	8.369	0	1.369	2	6.32	2.301	7.334	9.845
KM1020	8.285	0	0	9.647	9.36	0	0	0	10.368	0	2.124	11.989	8.636	17.196	6.864	3.531	0	6.476	22.023	13.341	1.366	22.507	6.688	16.938	8.915	25	22.855	17.316	0	0	0	0	0	0	0	0	0	0	24.322	34.008	10.398	19.251	4	11.271	0	0	0	44.084	5.704	12.608	88.003	0	0	0	2	0	1.202	5.695	60.033	0	36.828	2.698	4.447	0	10.728	8.238	18.79	15.804
KM1021	142.925	0	0	65.294	167.774	0	0	0	68.609	0	12.173	171.31	92.961	116.752	45.444	32.507	0	151.186	84.662	70.585	19.016	130.198	51.146	27.499	145.677	277.992	199.605	301.809	0	0	0	0	0	0	0	0	0	0	179.347	12.479	63.635	73.884	76.883	102.834	0	0	0	207.773	32.625	105.229	24.786	0	0	8.989	0	0	0	142.849	90.384	0	69.687	37.511	28.01	0	75.708	37.387	63.07	138.585
KM1022	0	0	6.173	1.146	4.164	57.737	59	0	0	2	0	5.658	3.285	4	0	1	0	2.057	5.193	0	1.029	5.97	0	1.463	0	1	1.176	1.072	0	33.696	0	0	0	25.007	1	0	0	0	8	14.77	2	4.674	3.304	0	6.065	28	91.501	16.448	2.205	0	2.879	1.121	50.368	0	1	1.383	0	1.158	14.115	0	6.111	0	4.098	0	6.316	0	1.275	4.912
KM1023	0	16.635	0	0	0	4.858	2	0	0	0	0	0	0	0	0	1	0	0	0	0	0	0	0	0	0	0	0	0	0	5.352	0	0	0	0	0	8	0	0	0	0	1	1	0	0	0	5	1.484	1	0	0	0	0	8.056	0	0	1.347	0	0	0	0	1	0	0	0	0	0	0	0
KM1024	9.416	0	12.926	10.069	16.882	6.103	5.921	30.205	5.402	1.889	0	8.164	6.587	0	3.217	4.342	0	4.476	6.257	7.521	0	14.726	0.966	17.663	7	13	9.514	1	0	3.189	0	0	6.436	7.598	0	4.847	0	0	11.923	52.423	4.392	23.55	6.126	4	3	19.376	13.293	23.01	8.295	7.337	82.207	0	67.237	5	8.961	69.867	1.059	1.611	49.784	0	22.27	0	11.157	0	3.948	0	6.962	11.225
KM1031	0	0	0	0	0	0	0	0	0	0	0	0	0	0	0	0	0	0	0	0	0	0	0	0	0	0	0	0	0	0	0	0	0	0	0	0	0	0	0	0	0	0	0	0	0	0	0	0	0	0	0	0	0	0	0	0	0	0	0	0	0	0	0	0	0	0	0	0
KM1032	101.435	0	0	15.05	54.607	0	0	0	17.79	0	20.972	112.1	67.121	70.289	36.193	44.47	0	127.854	47.768	67.397	0	78.061	35.334	4.605	124.244	435.75	149.936	223.73	0	0	0	0	0	0	0	0	0	0	98.108	41.408	53.506	35.898	11.896	89.931	0	0	0	89.183	19.001	14.455	57.653	0	0	0	113.801	0	0	42.729	41.364	0	111.844	8.784	42.73	0	45.122	17.694	60.238	87.842
KM1033	5.948	0	0	8.099	5.736	1.58	4	0	24.999	1	3.316	15.376	5.81	6.934	0	10.256	0	6.829	13.199	29.949	0	10.579	6.077	16.827	1	2	8.717	0	4.277	3	0	0	0	0	0	21	0	0	10.902	56.229	8.171	26.366	7.159	0	0	0	3.826	47.324	6.083	9.26	83.545	0	0	1.083	0	0	0	1.535	66.628	0	14.05	1.242	2.08	0	11.422	0	25.93	7.771
KM1034	19.833	0	0	47.718	29.246	0	0	0	15.141	0	8.721	61.634	38.715	7.399	2.305	0	0	49.015	37.424	20.866	1.478	1.491	18.473	2.86	38.581	138	25.668	14	0	0	0	0	0	0	0	0	0	0	56.604	5.17	60.676	33.764	29.297	10.634	0	0	0	33.054	7.216	14.304	4.296	0	0	2.326	3.366	0	1	20.601	18.864	0	27.603	28.216	38.151	0	25	5.807	23.466	29.887
KM1035	1	0	1	0	1	0	0	0	0	0	0	1.127	1.02	1	0	0	0	0	0	0	1	2	0	0	0	1	1	2	0	0	0	5.714	0	0	0	0	0	0	0	0	0	0	0	0	0	0	0	0	0	0	0	0	0	0	0	0	0	0	0	0	0	0	1	0	0	0	0	0
KM1036	36.391	0	0	14.46	101.64	0	0	0	47.323	0	1.368	25.497	23.038	15.689	2.376	0	0	65.196	42.645	56.686	0	49.149	27.218	14.479	127.32	539.871	30.397	168.214	0	0	0	0	0	0	0	0	0	0	37.009	168.703	69.431	12.942	7.896	97.197	0	0	0	44.145	36.718	46.251	184.907	0	0	13.501	0	0	0	12.219	61.188	0	113.31	0	104.87	0	35.25	37.513	36.2	3.834
KM1037	375.466	0	0	228.162	354.809	0	0	0	202.133	0	41.756	664.44	254.694	453.33	110.977	141.773	0	438.82	253.903	201.686	60.265	442.446	100.623	94.909	513.949	1484.24	522.842	669.625	0	0	0	0	0	0	0	0	0	0	588.053	23.319	312.588	249.529	295.709	494.391	0	0	0	538.981	76.538	314.518	54.889	0	0	23.292	477.11	0	29.079	317.683	219.156	0	210.198	122.271	150.197	0	144.794	49.731	205.165	517.896
KM1038	0	0	1.868	0	0	25.893	15	0	0	0	0	0	0	0	0	0	2	0	2	0	0	0	0	0	0	0	0	0	0	25.556	1	0	0	8.934	0	4.185	0	0	0	0	0	0	0	0	0	28.88	50.182	0	2.921	0	0	0	8.518	0	0	6.558	0	0	0	2	0	0	0	0	0	0	0	0
KM1039	9.61	0	0	4.751	10.623	0	0	0	55.779	0	1.611	21.633	18.975	16.927	0	21.651	0	4.143	21.416	44.258	6.034	29.001	6.3	30.636	0	3.209	12.492	8	0	0	0	0	0	0	0	0	0	0	21.138	177.686	11.584	51.409	4.634	5	0	0	0	86.388	17.966	22.865	208.041	0	0	1.168	8.088	0	4.681	4.178	221.478	0	68.508	1.309	28.947	0	11.889	16.508	28.776	24.496
KM1040	0	0	18.673	0	0	77.742	51	0	0	0	0	2	0	0	0	0	0	0	0	0	0	0	0	0	1	0	0	0	0	26.906	0	58.87	0	27.692	1	45	0	0	1	0	0	0	1	0	0	42	104.618	0	0	0	0	6.657	20.581	0	0	5.987	0	0	0	0	0	0	0	0	0	0	0	0
KM1041	2.167	0	0	98.773	67.329	0	0	0	110.622	0	0	54.433	62.098	27.429	24.701	219.268	0	3.022	62.744	94.55	0	92.391	5.08	160.876	0	0	86.032	0	0	0	0	0	0	0	0	0	0	0	47.149	344.954	23.46	26.638	17.95	0	0	0	0	191.159	52.784	51.971	1648.52	0	0	2.338	295.449	0	30.053	9.138	429	0	202.081	0	14.79	0	3.693	37.219	35.765	96.968
KM1042	1.051	0	0	0	8.908	0	0	0	12.449	0	1	3.481	1.097	0	0	1.167	0	1.379	0	4.8	0	7.184	0	1.296	0	1	0	0	0	0	0	0	0	0	0	26.514	0	0	2.024	14.392	1.108	8.173	2.162	0	0	0	0	15	3.753	7.634	28.822	0	0	0	0	0	0	0	33.369	0	5.264	0	0	0	3.605	0	2.133	7.303
KM1043	6.616	0	0	13.123	0	0	0	0	7.576	0	1.544	8.078	14.766	14.555	6	2.375	0	26.994	18.411	3	15.157	12	1.786	4.342	10	38.457	0	24	0	0	0	0	0	0	0	0	0	0	11.216	6.597	24	5.113	7	13	0	0	0	8.072	1.096	1.322	6.321	0	0	0	6.684	0	0	11.603	0	0	14.453	8.798	16.955	0	6.566	8	15.74	17
KM1044	1.09	0	0	2.286	7.967	0	0	0	7.882	0	4.955	10.79	1.5	16.227	1.996	19.199	0	6.093	17.831	16.939	0	2.013	2.74	35.239	0	0	3.332	0	0	0	0	0	0	0	0	0	0	0	15.421	33.014	3.583	13.749	7.911	0	0	0	0	17.011	8.077	8.674	180.917	0	0	0	5.295	0	7	4.652	46.836	0	28.81	0	6.144	0	3.069	8.332	14.141	0.001
KM1045	19.638	0	0	10.622	2.924	19.256	13.04	0	8.355	2	2.496	9.607	4.576	5.634	1	7.126	0	26.804	7.689	1.5	0	8.526	2.736	2.462	14.017	33.869	25.566	0	0	20	0	0	0	34.125	0	6	0	0	7.975	13.315	11	36.835	8	6.241	0	14	33.869	12.327	0	12.941	39.881	1	35.823	2	0	0	1.119	3.652	3.076	0	2.858	8.842	6.312	0	16	2.408	15.601	15.883
KM1046	0	4	1	0	0	0	0	0	0	0	0	0	0	0	0	0	40	0	0	0	0	0	0	0	0	0	0	0	2.857	0	67	0	0	2.715	0	0	0	0	0	0	0	0	0	0	0	0	1	0	0	0	0	0	0	0	0	0	0	0	0	39	0	0	0	0	0	0	0	0
KM1047	2.991	0	0	0	0	6.324	4	0.5	18.989	0	0	7.915	1.119	10.986	0	16.519	0	8.477	12.655	4.422	2.479	8.589	5.72	9.876	0	1	2.504	4	0	3.461	0	0	0	0	0	8.698	0	0	8.941	10.041	3.108	1.569	5.724	1	0	3	3.834	34.051	1.353	6.504	0	0	4.614	0	2.127	0	0	2.595	44.002	0	10.006	3.256	1.487	0	0	4.718	4.476	12.879
KM1048	3.504	0	0	2.407	2.827	18.191	10.133	0	0	0	0	6	6.703	2.046	0	0	0	5.331	2.099	0	0	0	1	3.895	3	6	3.139	2	0	11.848	0	0	0	25.43	0	0	0	0	6.12	3.287	0	1.053	0	4	0	17	49.241	1	5	1	0.386	0	18.768	0	3	0	0	5	0	0	2	0	1	0	1	0	1.201	4
KM1049	0	0	0	0	0	0	0	0	0	0	0	0	0	0	0	0	0	0	0	0	0	0	0	1	0	0	0	0	0	0	0	0	0	0	0	0	0	0	0	0	0	0	0	0	0	0	0	0	0	0	0	0	0	0	0	0	0	0	0	0	0	0	0	0	0	0	0	0
KM1050	13.644	0	0	5.939	28.807	0	3	0	17.835	0	2.762	36.743	18.95	26.478	1.306	16.449	0	10.684	15.101	20.198	0	23.086	10.408	10.507	13.681	67.262	29.907	34.806	0	0	0	0	1	0	0	0	0	0	20.952	7.457	6.825	6.381	2.14	15.501	0	0.5	0	24.611	2.854	3.569	53.997	0	0	0	0	0	4.86	9.293	20.51	0	26.119	0	9.903	0	18.874	4.451	12.988	27.822
KM1051	49.173	0	0	32.803	98.711	2.539	5	3.142	27.77	0	10.693	93.569	67.954	17.07	20.939	39.417	1	36.811	63.767	6.857	8.49	70.812	23.846	14.85	95.714	246.976	107.93	0	0	7	1	0	0	4.63	1	4	0	0	25.438	82.781	1	132.669	30.349	88.965	0	9.442	8.571	43.986	6.112	94.993	346.078	1.127	0	11.854	4.898	1.218	0	2.63	15.601	1	41.578	64.456	32.073	0	62.984	5.224	83.496	89.39
KM1052	0	0	0	21.49	37.198	0	0	0	12.734	0	0	14.847	15.153	18.579	8.541	14.928	0	4.775	39.168	94.945	2.106	41.882	9.834	128.939	0	0	37.879	0	0	0	0	0	0	0	0	0	0	0	38.565	75.506	18.35	34.563	18.559	0	0	0	0	48.575	46.283	23.528	94.006	0	0	8.762	0	0	0	6.546	289.183	0	146.7	0	27.555	0	28.303	27.758	36.525	60.697
KM1053	26.745	0	0	84.156	304.888	0	0	0	149.805	0	0	177.476	42.835	132.48	4.674	0	0	2.361	48.939	83.245	17.596	49.732	3.584	168.995	1	2	57.469	1	0	0	0	0	0	0	0	0	0	0	65.489	47.033	34.269	85.707	21.011	0	0	0	0	159.987	47.502	63.431	643.876	0	0	0	178.192	0	39.305	1.056	471.017	0	279.874	1.922	94.773	0	124.605	9.419	57.959	142.663
KM1054	40.14	0	0	28.48	20.08	0	0	0	46.633	0	11.964	79.269	0	10.406	8.839	29.177	0	38.307	26.883	10.897	0	52.29	25.499	10	69.129	211.196	75.656	0	0	0	0	0	0	0	0	0	0	0	28.009	34.214	0	133.783	15.604	70.878	0	0	0	8.9	3.73	121.63	166.127	0	0	1	54.632	0	21.024	0	0	0	32.925	13.169	13.464	0	44.266	17.473	32.827	50.204
KM1055	2.053	0	0	4.826	0	7.704	12.515	0	3.372	0	0	1.284	1.182	2.097	0	0	0	2.785	7.915	4.702	2.031	0	0.911	4.611	0	0	3.374	0	0	5.427	0	0	0	7.867	0	0	0	0	2.913	20.357	1.153	0	3.319	0	0	11	12.051	11.517	5.035	3.957	15.884	0	11.624	0	0	0	0	3.824	31.945	0	12.427	0	0.506	0	4.264	0	1	0
KM1056	5.261	0	0	1.608	1.274	0	0	0	1.108	1	1	2.332	3.087	0	0	1.886	0	4.933	4.025	0	0	3.824	0	1.916	5.225	13	3.25	0	0	0	0	0	0	0	0	0	0	0	3.094	3.812	0	10.133	3.866	2.186	0	0	0	4	1.073	3.746	9.583	0	0	0	0	0	0	2.978	0	0	5.217	0	1.247	0	6	0.311	0	2.289
KM1057	0	0	0	0	0	0	0	0	0	0	0	0	0	0	0	0	0	0	0	0	0	0	0	0	0	0	0	0	0	0	0	0	0	2.686	0	0	0	0	0	0	0	0	0	0	0	1	0	0	0	0	0.5	0	0	0	0	0	0	0	0	0	0	0	0	0	0	0	0	0
KM1058	1	0	0	0	1	4.731	3	0.032	0	0	0	1	0	0	0	0	0	2.483	0	1	0	0	2	1	0	0	0	1	0	0	0	0	0	0	0	14	0	0	0	0	1	0	0	0	2.13	2.867	5.602	0	1	0	0	0	0	0	0	1.85	0	1	0	0	0	0	0	0	2	1	0	4
KM1059	7	0	0	4	0	11.636	3.471	0	1.868	0	0	7.166	3.987	6.546	1	1	0	19.817	5.509	2	4.447	6	1.382	3.746	2	14	2.862	7	0	9	0	12.87	0	1.812	0	12	0	0	9.807	2.3	5	1.684	2	1.941	0	6	13.087	3.167	1.11	2.253	0	0	0	0	0	1.03	0	1.711	1	0	5.61	0	10.551	0	1	0	3	9
KM1060	0	0	0	8.649	36.246	0	0	0	14.025	0	0	4.078	6.441	13.172	0	8.945	0	0	9.264	9.179	0	2.542	2.019	18.655	0	1	3.639	0	0	0	0	0	0	0	0	0	0	0	6.121	8.447	0	3.094	2.102	0	0	0	0	10.81	0	3.173	64.653	0	0	0	52.926	0	0	0	17.728	0	27.227	0	0	0	6.547	0	8.311	0
KM1061	0	0	0	0	1.753	0	0	0	0	0	3	1.166	1.034	1	0	1	0	0	5	0	0	0	3	1.566	2	6	8.758	0	0	0	0	0	0	0	0	0	0	0	3.15	1.017	1	4.182	3	0	0	0	0	3	0	1.344	19.815	0	0	1.13	0	0	0	0	4.149	0	1.098	0	1.149	0	1	1.658	4.175	0
KM2001	0	14.55	0	1	1.773	3.829	3	0	0	0	0	0	1	0	0	1	1	0	0	0	1.165	0	0	0	0	0	0	1	0	3	0	0	0	0	0	8.411	0	0	1	0	0	0	0	0	0	3	10	1.398	0	1	0	2.788	0	0	0	0	0	0	0	5	0	0	0	0	1	0	0	1.018
KM2002	4.946	0	0	4.699	4.448	9.601	8	0	10.091	0	0	7.047	3.404	8.167	1.457	3.868	0	6.617	10.052	7	7.07	10.206	0	6.716	0	0	0	12	0	6.475	0	5.048	0	0	0	0	0	0	16.006	7.243	3.456	5.096	3.283	0	0	3	11.992	20.385	7.66	1.045	26.941	1.347	4.969	0	3	0	1.113	4.13	16	0	8.048	5.952	4.305	0	2.854	0	5.951	11.358
KM2003	16.085	2.285	0	9.708	13.617	0	0	24.945	13.217	34.606	0.823	25.984	6.596	24.831	1.904	8.113	0	23.696	23.95	19.684	9.693	24.04	0.614	9.663	6.496	43.412	9.025	32	0	0	0	0	5.196	0	0	35	1	1	22.19	15.933	23.431	12.003	5.151	6	3	1	0	27.504	4.447	17.903	58.138	0	0	0	1	1.161	0	3.794	39.607	0	29.436	8.346	20.635	3	20.54	8.478	12.971	36.605
KM2005	2.157	0	0	0	0	3	3.082	1.891	2	1	0	1	1.13	0	1	0	1	2.255	0	0	3.091	0	0	1	0	0	0	1	0	2.15	1	0	3.235	5.668	1	1.945	0	0	1.297	0	2	1.547	0	0	0	4	9.967	0	1	0	5	1.344	4.895	0	0	0	0	0	0	0	1	0	0	0	0	0	2.296	2
KM2006	0	0	0	4.162	1.345	0	0	14.063	0	24.025	0	1.242	0	0	0	0	0	2.367	1.758	0	0	6	0	1.914	3	6	2.562	2	2	1	0	0	47.416	0	0	1	0	0	1	2	2	0	0	0	6	1	2.121	1	0	0	0	1.687	0	1	0	2.902	0	0	1.306	0	2.675	0	1.481	0	1.258	1	0	4.47
KM2007	7.228	41.845	0	8.524	13.695	0	0	0	23.567	0	0	30.211	2.751	15.299	3.191	9.675	0	6.112	22.184	22.613	7.145	19.182	4.408	29.424	0	1	8.366	1	0	0	0	0	0	0	0	0	0	0	31.678	78.307	11.228	22.015	15.464	0	0	0	0	46.707	2.953	22.054	155.394	0	0	4.122	12.538	0	0	5.983	124.055	0	30.569	0	11.439	0	1.858	10.187	24.545	32.907
KM2014	4.957	166.987	21	1.475	3.284	3.789	6	0	11.077	0	0	0	2.197	7.862	0	0	0	0	1.881	2.5	0	3.283	1.752	5	0	0	1.175	0	0	3	0	0	0	0	0	0	0	0	7.014	46.637	2.609	11.778	1	0	1	0	4.472	5.676	2.898	5.975	1.96	0	2.069	0	0	9.818	0	0	38.373	0	4.704	0	0	0	3.616	0.442	4.063	0
KM2015	2.422	0	3.198	2.412	13.134	9.456	10	0	0	0	0	10.552	4	5.534	0	2	7	4.582	5.237	0	2.815	8.86	4.726	3.91	3.286	12.364	8.862	0	1.739	6.438	7	0	0	8.639	0	19.529	1	3	1.126	6.285	0	9.516	3	1.524	0	10	16.611	6.016	0	4.956	28.315	0	2.753	2	5.005	1.093	1	0	0	9	6.238	0	1.047	2	6	3.386	2.884	0
KM2016	0	0	0	3.279	44.449	11.392	1.545	0	2.318	0	0	22.112	11.078	12.38	4.042	0	7	1.073	14.229	22.148	0	32.298	0	36.824	0	0	12.123	0	1	3.488	10.164	0	0	1.108	0	34	0	0	13.534	87.839	16.082	7.826	5.207	0	0	0	4.824	51.894	10.095	7.147	461.619	22.952	0	0	0	0	1.226	0	0	7	43.401	0	5.321	0	0	5.418	10.14	29.74
KM2017	0	29.574	1.618	0	0	17.109	18.472	0	1	0	0	0	0	0	0	0	0	0	0	0	0	0	0	0	0	0	0	0	0	28	0	13.003	0	25.986	0	14	2	7	0	1	0	0	0	0	3	13	36.467	0	0	0	0	0	7.528	0	0	0	0	0	0	0	0	0	0	9	0	0	0	0
KM2018	0	9.576	1	0	0	71.898	54	4.192	0	10.795	1	0	0	0	0	0	6	0	0	0	0	2.78	0	0	0	0	1	0	0	43.478	7	37.158	5.373	33.47	0	1	53.807	65	0	2.056	0	0	0	0	1.019	38.525	106.054	2.222	0	2	2.768	1	53.614	0	0	0	0	1	2.98	2	0	0	0	46	0	0	0	0
KM2020	20.988	10.524	0	0	3.245	5.84	4	0	15.07	0	5.196	28.916	1.108	29.964	1.174	0	5	1.244	15.097	24.703	0	1.103	1.705	14.054	0	5	10.602	9.081	0	2	3	0	3	16.49	0	4	0	0	14.884	34.722	16.923	10.574	3.018	1	0	3	8.812	41.046	7.288	15.352	127.594	0	18.883	1.216	41	1.219	2.605	10.333	6.092	11	17.395	0	1.904	0	26.48	8.211	21.801	12.542
KM2037	0	0	0	0	0	13.763	10.831	0	0	0	0	0	0	0	0	0	0	1	0	0	0	0	0	0	0	0	0	0	0	9	0	0	0	0	0	11.737	0	0	0	0	0	0	0	0	0	16	10.775	0	1	0	1.457	0	13.208	0	0	0	0	0	0	0	0	0	0	0	0	0	0	0
KM2038	5.472	0	0	4.941	4.186	0	0	0	4.349	0	0	15.296	1.224	8.947	0	9.066	0	0	8.304	18.889	0	7.665	1.386	23.743	0	0	12.541	0	0	0	0	0	0	0	0	1	0	0	11.001	24.996	1.377	15.612	4	0	0	0	1.007	22.047	0	12.122	197.685	0	0	0	1.874	0	0	2.428	24.59	0	10.893	0	1.294	0	10.921	0	10.857	2.27
KM2039	1.058	3.386	12.497	4.3	8.199	2.322	4	2	24.182	0	2.224	8.176	3.469	4.753	1.304	7.04	3	6.117	4.861	11.615	3.712	15.15	0.321	17.487	1	4	2.752	1.078	3.124	6	2	18.282	2	7.43	0	6	0	0	6.467	46.267	2.61	15.027	2.106	0	1	2.271	1	22.693	4.584	7.865	64.018	1.873	8.037	2.43	0	1.559	1.515	2.475	64.874	2	18.593	0	11.062	0	6.077	8.661	7.117	9.448
KM2041	0	0	3.319	0	0	194.355	106.75	0	0	2	0	0	0	0	0	0	0	0	0	1	0	1	0	1.517	0	0	0	0	0	57.351	0	0	1	85.414	0	3	0	0	1.843	2.232	0	0	0	0	1	113.056	163.613	1	1	0	8.392	1.046	138.06	0	0	21.198	0	0	0	0	2.648	1.248	0	0	0	0	0	0
KM2043	0	0	0	0	0	12.333	13.067	0	0	0	0	0	0	0	0	0	1	0	0	0	0	0	0	0	0	0	0	0	0	11.087	0	0	0	0	0	12.716	0	0	0	0	0	0	0	0	0	15.172	26.436	0	0	0	0	0	0	0	0	0	0	0	0	2	0	0	0	0	0	0	0	0
KM2044	0	0	0	0	0	0	1	6.228	0	0	2	2.292	0	0	0	0	0	0	0	6.572	0	3.676	0	1.125	0	0	0	0	0	0	0	1.303	3.472	0	0	13.728	0	0	3.21	9.922	0	0	1	0	2	0	1.426	4.361	1.464	1.122	28.84	3.308	1.096	0	0	1.919	0	2.819	4.035	0	3.325	0	0	0	0	2	2.214	0
KM2045	0	0	0	0	0	0	0	0	0	0	0	1	1	0	0	0	0	0.521	0	0	0	0	0	0	0	1	0	0	0	0	0	0	0	0	0	0	0	0	0	1.114	0	0	0	0	0	0	0	0	0	1	0	0	0	0	0	0	0	0	0	0	0	0	0	0	0	0	1	0
KM2046	0	29.656	3	0	0	26.169	17.259	0	0	0	0	0	0	0	0	0	12	0	0	0	0	0	0	0	0	0	0	0	1.005	21.123	14	0	0	11.376	0	9	0	0	0	0	0	0	0	0	0	21	27.506	1	0	1	0	22.263	18.663	0	0	18.157	0	0	0	8	0	0	0	0	0	0	0	0
KM2051	3.056	1	17.928	0	2.384	19.348	6.469	2	0	0	0	7.824	0	1	0	0	1	0	0	1	1.208	4	0	1	1	14	3.14	7	0	9.344	1	8.012	1	9.823	0	7.68	1	2	3	2.562	2	8	1	2	0	4.33	18.062	5	1	6	3.632	0	5.926	0	1.658	51.825	2.437	2.884	3	0	0	0	2	1	2.271	0	6.999	0
KM2052	0	0	40.208	1.418	1.463	6.177	6.4	7.08	1.054	29	0	1.026	1.18	2	0	0	0	1.42	0	0	0	0	1	0	0	0	1	0	6.592	5	0	39.145	4	2.657	0	10	0	0	2	5.073	0	1.059	1	0	9.265	1	3.73	5	1.498	2.26	0	1.354	0	0	0	27.937	0	0	3.951	0	0	0	0	0	3	1.344	2.869	0
KM2055	5.991	0	0	0	4.146	18.238	9.664	0	3.365	0	0	6.914	5.521	0	0	0	0	0	4	4.888	0	4	0.03	1.465	0	2	2.55	0	0	6	0	0	0	7.43	0	22	0	0	3.232	3.506	6.563	1	2	0	0	9	27.348	8.338	0	3.428	34.626	0	16.825	0	11	0	0	3.175	3.928	0	0	0	0	0	4.771	1.497	1	0
KM2056	50.468	0	0	6.793	100.517	0	0	0	121.922	0	0	180.329	3.679	21.231	12.027	20.405	0	54.652	96.416	66.197	0	39.252	0	46.875	0	0	39.349	0	0	1	0	0	0	0	13	0	0	0	83.61	258.606	36.736	190.311	12.207	2	0	0	0	181.603	62.663	64.587	62.655	0	0	9.094	0	0	0	17.825	332.194	0	233.481	0	14.4	0	116.772	4.878	77.603	35.27
KM2060	7.288	0	0	3.234	19.774	17.339	4.604	0	2.581	30.749	0	16.923	2.424	6	2	0	0	5.128	10.316	5	2.306	9.732	5.314	9.59	9	18	11.856	9	0	7.153	0	33.067	0	15.741	4	11	0	0	3.091	6.072	4	16.381	1.346	7	13	7	7.425	8	3	14.084	21.979	0	23.33	0	5	1.112	3.273	2.55	7.358	0	12.411	4.831	5	0	8.882	1	8.363	12.253
KM3008	2.739	166.215	7.312	4.824	2.899	3.291	2.352	0	7.616	1	2.601	10.221	2.625	8.374	0	1.137	0	18	8.402	4.33	4.366	4.413	1.399	4.4	5	12	3.647	5	0	3	0	0	8.206	3.025	2.218	1	0	0	3.311	3.467	3	15.537	1.075	0	2	0	7.044	13.89	3.001	1.33	0	2.57	0.244	1	0	12.772	5.053	5.573	23.329	0	7.694	0	6.109	0	5.211	0	6.175	13.716
KM3009	1.014	0	0	0	4.685	13.565	10	0	1.043	0	0	3.525	1.647	2.131	0	0	1	1.602	0	1	2.339	2.937	0	7.292	0	0	0	0	1.008	7	2	31.406	2	2.24	2	8	0	0	0	6.253	0	5.642	0	0	0	12.286	19.894	11.866	0	0	0	2.176	18.24	0	0	0	0	0	19.466	2	2.232	0	0	0	0	1.974	0	0
KM3010	0	43.663	0	0	0	12	7.22	0	0	0	0	1.009	0	0	0	0	0	0	1	0	0.999	1	0.344	0	0	3	0	0	1	7.537	0	0	0	11.607	0	9	0	0	1	1	0	0	0	0	1	7	17.079	1.112	0	0	0	0	41.297	1	1	2.918	0	0	0	0	0	0	0	0	1	0	0	0
KM3011	5.714	150.383	0	7	3.922	8.021	10	0	0	0	0	3.431	3.734	6.432	0	1	0	7	2.78	1	1	4	3.088	0	7	10	6.523	0	1	12	0	0	0	9.935	5	3	0	0	1.025	1.649	0	2	2.273	0	0	10.515	19.575	4.716	1	2.397	13.722	3.812	8.735	0	3.609	0	4	1	0	0	2.216	0	0	0	5	0	6.519	5.245
KM3012	0	0	0	0	2.031	0	0	0	0	0	0	0	0	0	0	0	0	0	0	0	0	0	0	1	0	0	0	0	0	0	0	0	0	0	0	0	0	0	0	1	0	0	1	0	0	0	0	0	0	0	0	0	0	0	0	0	0	0	0	0	0	0	0	0	1	0	0	0
KM3013	1.911	0	0	2.072	1.57	5.481	6	0	4.642	0	0	1.153	4.596	2.756	0	1	0	5.567	5.558	1	2.626	1.257	1.253	4.48	0	0	0	5	1.048	7.467	0	0	0	0	0	16	0	0	6.587	11.983	1	1.729	0	0	0	2	5.231	8.416	1.077	1.327	4.448	0	2.18	1	0	0	0	1.472	3.497	0	6.636	0	5.066	0	0	0	0	7.168
KM3019	0	0	0	0	1.245	2.512	3	0.807	0	0	0	0	0	0	0	0	1	0	0	1	1	0	0	0	0	2	0	0	0	1	1	0	3.437	0	0	3	30.144	46	0	8	0	0	0	0	2	1	1.409	2.212	1	0	2.853	1.541	2.082	0	0	1.394	0	0	0	0	0	0	1.065	24	0	0	1	0
KM3021	0	26.423	13.332	1.386	0	1	0	4.765	0	0	0	0	0	2.371	0	0	0	0	4.506	1	2.033	0	0	0	0	0	0	0	1	1	0	0	4.332	0	0	9	13.902	11	0	6.224	0	1.026	0	0	23	0	1.122	3	3.321	0	20.652	1.661	1	0	1	77.448	0	0	6	0	1.824	0	0	5	0	0	0	0
KM3022	0	6.226	7.684	1	1.429	2.69	8.701	1	1.286	23	0	0	2	1.245	0	0	0	0	0	0	0	1	0	1	0	0	0	2	0	7	0	2.106	0	7.161	4.595	12	0	0	0	2	2	0	0	1	58	9	12.426	1	1	0	7.15	0	8.207	0	0	19.438	0	0	0	0	0	0	1	0	0	2	2	0
KM3023	1	14.557	6.7	0	0	17.05	20	3.198	1.407	0	0	2.279	1.063	1.016	0	0	0	0	1	0	0	0	0	1.226	0	1	1.068	0	2	12.157	0	10.872	5.408	18.518	1	5	0	1	0	3.629	0	0	0	0.003	4	23	31.386	0	0	1.01	9.83	4.005	12.824	0	0	59.011	0	1.203	1.539	0	1.052	0	0	0	2.409	0	1.083	0
KM3024	2.552	8.231	14.361	4.879	16.06	6.868	6.351	70.616	12.426	0	0	4.734	2.779	7.941	5.321	2.194	0	6.463	11.571	5.21	3.469	11.009	2.278	10.565	3	7.325	3.434	5	0	5.784	0	0	5.679	1.534	0	5	13.333	15	7.548	32.579	5.385	13.386	2.097	2	1	4.367	20.428	32.224	0	2.39	40.089	10.286	14.179	0	5.547	12.799	0	0	44.495	0	11.93	0	7.098	6	5.497	3.697	6.392	3.764
KM3031	1	14.426	0	0	1.145	0	3	2.309	0	1.756	0	0	0	0	0	0	1	0	0	0	0	0	0	0	0	0	0	1	0	1.127	0	0	0	2.692	0	0	3	6	0	4	0	0	0	0	2	4	0	1	0	0	0	0	12.443	0	0	1.324	0	0	1	1	0	0	0	3	0	0	0	0
KM3032	2.122	10.184	0	0	3.145	17.497	12.104	0	2.819	0	0	6.369	1.037	1.021	0	0	0	0	3.535	1.477	0	1.865	0	0	0	0	1.039	0	0	4.311	1	23.424	0	9.671	1	10	0	0	1.141	7.876	1.423	2.729	1	0	0	19	29.169	1.267	2.762	3.003	13.544	1.81	23.574	0	0	3.399	0	1.456	7.432	1	9.931	0	0	0	1.514	0	1	4.822
KM3033	0	0	0	0	0	17.564	8	0	0	0	0	1	1	0	0	0	1	1.047	0	0	0	0	1	0	0	0	0	0	0	8.641	4	0	0	15.28	0	4	0	0	0	0	0	0	0	0	0	12.177	27.183	0	0	0	0.5	1.167	0	0	0	0	0	0	0	3	1	0	0	0	0	0	1	0
KM3034	13.709	0	0	4.674	7.391	11.022	4.752	0	52.106	1	0	13.507	7.559	11.103	4.265	1.141	0	4.546	17.454	20.689	2.184	9.187	2.683	22.746	4	26	36.682	1	2	7.524	0	0	0	4.941	0	3	0	0	14.882	31.611	14.21	29.949	11.262	7	1	11	17.317	41.702	3.584	31.781	48.924	2.608	0	1.483	4.898	0	0	8.724	111.782	0	17.895	0	6.622	0	17.896	5.196	34.799	11.324
KM3035	25.61	0	0	16.654	33.836	11.151	2.758	255.369	1.811	2.435	0	27.374	11.625	22.879	1	5.499	0	50.537	15.855	7	14.898	26	0.769	3.562	18.33	78.902	7.036	50.169	0	9	0	0	16.117	2.362	0	0	1	1	36.915	6.987	21	11.641	3.424	9.766	9.994	2.838	10.6	23.199	6	2.041	0	0	16.396	1.041	0	0	0	2.428	1.352	0	21.489	23.808	22.268	3	9.432	7.804	3.103	28.758
KM3036	0	0	0	0	0	0	0	0	0	0	0	0	0	0	0	0	0	0	0	0	0	0	0	1	0	0	0	0	0	0	0	0	0	0	0	0	0	0	0	0	0	0	0	0	0	0	0	0	0	0	4	0	0	0	0	12.885	0	0	0	0	0	0	0	0	0	0	0	0
KM3040	3	0	0	3	0	7.535	2.862	0	1	0	0	0	1.282	3	0	0	0	5.479	0	0	2.525	1	1.687	1	1	4	0	3	0	7	0	0	1.08	2.813	0	0	0	0	2	2.275	0	0	1	3	2	4	18.288	0	0	0	0	0	6.033	0	0	0	0	1	0	0	0	1.215	1	0	0	0	1.214	1
KM3042	0	0	0	0	2	0	0	0	0	0	0	0	0	0	0	0	0	0	0	0	0	0	0	0	0	0	0	1	0	0	0	0	0	0	0	0	0	0	0	0	0	0	0	0	0	0	0	0	0	0	1.439	0	0	0	0	15.512	0	0	0	0	0	0	0	0	0	1	0	0
KM3047	3.996	0	12.492	7.051	16.999	51.362	22.609	0	34.377	0	1.523	10.185	4.036	7.031	3.324	0	0	1.344	8.582	9.56	0	5.528	1.627	24.987	0	0	2.399	0	13.481	14.48	0	4.294	0	34.511	2	5	2	0	8.218	40.642	11.342	22.47	1	0	0	18.193	30.179	26.046	0	7.289	41.23	1	66.328	0	1	34.355	0	0	69.294	0	32.232	1.435	2.563	1	9.865	0	6.577	2.409
KM3048	13.403	0	0	5.899	9.061	68.219	50.479	0	2.709	0	5	17.184	8.008	9.566	1.804	3	0	10.797	10.539	0	1.416	5.53	0.12	0	15.508	40.239	17.001	16	0	8	0	0	0	45.135	1	0	0	0	11.375	18.383	2.39	14.969	4.216	8.534	0	37.454	78.262	15.79	3.289	8.468	38.69	0	37.924	0	4	3.093	2.415	7.096	10.296	0	17.089	2.509	5.528	0	8.685	2.567	14.072	9.856
KM3049	0	0	12.38	1	0	31.432	22.591	0	2	0	0	1.118	0	0	0	0	0	0	0	0	0	1	0	0	0	0	0	0	1.033	18	0	0	0	24.559	0	9	0	0	1	3	0	0	0	0	0	14.602	63.974	0	0	1.317	1.75	0	13.352	0	0	57.924	0	1	10.572	0	0	0	0	0	0	0.295	0	0
KM3050	0	0	0	4.009	9.548	5.2	7	0	3.366	0	4.661	0	5.855	0	1	12	0	0	11.208	8	2.275	11.972	0	18	0	1	1.804	0	0	6	1	0	0	0	2.293	9	0	0	6.466	11.636	2.489	4.944	2.059	0	1	7.345	16.399	12.082	3.229	2.624	138.678	3.58	19.576	0	17	0	0	0	40.189	0	19.294	0	2.922	0	9.393	5	7.074	4.593
KM3052	2.206	0	0	0	0	0	0	0	1.164	0	0	1	0	0	0	0	0	0	0	0	0	0	0	0	0	0	0	0	0	0	0	0	0	0	0	0	0	0	1	0	0	0	0	0	0	0	0	4.911	0	2	0	0	0	0	0	2.507	0	0	1.353	0	0	0	0	0	2	1	0	0
KM3054	3.478	16.795	34.822	11.938	6.033	24	11	0	7.956	0	5.218	14.841	1.38	2	2.956	5.74	0	5.832	9.725	1	1.101	12	1.997	1.267	10	35.004	17.772	0	0	9.725	0	0	3.234	16.163	0	5	0	0	4.218	7.588	1.152	20	5	6.681	0	7.359	26.887	6.035	1.757	23.218	35.304	0	6.198	0	11.766	16.501	4.729	0	10.635	0	7.418	0	4.176	0	14.305	4.366	6.31	10.59
KM3057	7.191	0	4.312	6.063	0	0	1	0	74.134	0	3.734	26.288	5.567	24.074	0	58.747	0	3.458	11.722	17.195	2.069	32.652	19.292	30.076	4.155	17	18.911	0	0	0	0	0	0	0	0	11	0	0	23.82	36.019	18.04	27.645	11.271	7.371	0	1	1.916	111.561	6.019	44.669	11.233	0	4.317	1.327	3.324	21.356	2.425	1.323	183.298	0	19.268	3.064	3.934	0	3.024	6.452	32.201	30.604
KM3058	13.378	0	0	5.617	9.615	7.753	3	0	35.807	1	0	41.86	7.988	9.299	0	9.852	0	6.938	9.305	23.737	7.224	24.253	6.493	28.121	1	2	10.185	3	0	0	2	14.619	0	2.284	0	3	3	1	33.399	121.621	19.436	41.928	5.203	1	0	2	2.275	45.063	8.37	22.598	41.259	0	3.831	0	21	6.535	1	6.071	115.492	0	69.44	3.601	15.276	2	18.348	0	28.654	18.175
KM3059	81.456	63.689	1.584	54.732	65.232	9	14	1.065	12.722	0	6.47	113.84	37.894	93.408	3.954	30.228	0	196.973	64.744	38.856	35.331	74.773	15.688	37.771	67	216.427	40.744	109.885	0	9	1	12.691	1	4.574	1.162	10	1	5	92.261	60.395	71.643	40.251	21.864	59.952	3	8	5.971	74.339	14.628	25.947	160.543	0	0	7.406	13	4.448	0	9.672	37.09	0	84.718	82.881	82.304	4	21.654	21.096	22.14	116.327
KM3061	4.318	13.055	0	1.211	1.664	5	4	0	3.545	0	2.135	1.052	0	2	0	0	0	0	6.671	1.096	0	0	2.95	5.722	1	0	0	0	3.429	1	0	0	0	2.723	0	0	0	0	2.864	5.181	0	1	1	2	0	1	1.162	2.241	0	3.617	0	0	0	0	0	1	0	0	7.414	0	2.001	0	0	0	6.069	0.197	0	1.979
KM4001	8.698	0	0	23.909	59.821	0	0	0	0	0	0.789	20.74	18.633	21.798	1.462	1.297	0	4.314	22.733	32.74	4.081	36.45	11.296	53.959	7.563	36.949	25.209	0	0	0	5.275	0	0	0	0	0	0	0	27.934	61.749	10.35	72.806	10.923	17.309	0	0	0	58.659	25.058	10.81	502.252	0	0	4.909	5.824	0	4.507	1.057	132.157	1	57.476	3.411	19.807	0	33.47	17.403	25.053	49.536
KM4002	0	0	0	0	0	0	0	0	10.818	0	0	1.474	0	2	0	0	0	0	0	1.476	0	1.435	0.522	0	0	1	0	1	0	0	0	0	0	0	0	0	0	0	1.041	18.217	2.721	0	1	0	0	0	0	2.721	0	2.083	0	0	0	0	0	1	0	0	8.298	0	2.163	0	2.347	0	0	0	1.21	1
KM4003	0	34.657	1.287	0	1.121	6.332	9	0	0	0	0	2.159	0	1.042	0	1	0	0	1.396	1.083	0	0	1.829	0	0	0	2.382	0	1.069	11.813	0	4.951	1	4.05	1	3	0	0	0	2.1	1	0	0	0	0	8.385	9.889	0	0	0	4.434	0	0.411	0	0	3.429	0	0	1.324	0	0	0	0	0	2	1.691	0	1
KM4004	0	0	13.523	0	0	4.271	6	3.557	0	0	0	0	0	0	0	0	1	0	0	0	0	0	0	0	0	1	0	0	0	3	1	4.51	2	8.567	1	8	5.712	4	0	0	0	0	0	0	0	0	7.637	0	0	0	0	6.472	0	0	0	0	0	0	0	1	1	0	0	3	0	1	1	0
KM4005	0	0	0	1	0	17.153	9.588	0	0	0	0	0	1.282	0	0	1.094	0	0	0	0	0	0	0	0	0	0	0	0	0	9.723	0	0	0	5.952	0	2	3.235	3	0	1.135	0	0	0	0	0	3	15.999	0	0	0	3.012	0	7.586	0	0	20.68	0	0	3.171	0	1	0	0	2	0	1	0	0
KM4006	2.356	0	0	0	0	33.918	36.025	0	7.104	0	0	4.152	0	13.786	0	8	0	3.281	4.445	4.144	6.212	2	0	0	0	0	0	1	0	22.452	0	2.972	0	8.933	0	0	1	1	7	6.046	2.138	5.756	2	0	0	39.843	83.156	5	0	3.974	0	3.66	5.201	0	0	11.553	0	2.468	5.534	0	1	0	1.652	0	0	0	3.042	5.306
KM4007	33.008	0	0	15.448	15.102	0	0	0	134.917	0	11.197	55.574	21.038	48.606	6.172	24.769	0	13.945	23.461	46.962	9.401	49.596	18.005	30.885	16	57	47.202	33.113	0	0	0	0	0	0	0	0	0	0	42.892	43.909	27.072	25.682	14.972	13.502	0	0	0	127.947	10.604	28.563	83.959	0	0	5.683	29.864	0	0	13.47	272.929	0	60.733	0	23.627	0	22.575	7.038	51.817	25.148
KM4008	0	0	0	0	0	14.316	6.572	0	0	0	0	0	0	0.994	0	0	1	0	0	0	0	0	0	0	0	0	0	0	6.21	7.938	3	33.325	0	16.647	2	19	0	1	0	0	0	0	0	0	0	10	20.37	0	0	0	0	6.094	20.009	0	0	14.289	0	0	0	2	0	0	0	0	0	0	0	0
KM4009	16	52.302	0	6	7.293	5	3.459	0	5.077	0	0	6.848	10	3.751	0	3	0	12.023	7.319	2.157	4.118	2	1.364	1	6	21	1.691	5.364	0	6	0	0	0	5.98	0	21.711	0	0	5	0	1	9.224	3.307	8.141	0	3	4.248	6	6.006	1.182	12.594	25.28	2.681	0	4	0	0	3.165	0	0	5.193	2.354	1.083	0	6	1.955	0	6
KM4010	5.366	11.99	0	2.394	4.966	14.39	10.137	0	4.039	1.672	0	13.793	0	6.488	0	4.153	0	4.145	3.35	1.304	0	5.646	2.66	1.196	9	18	12	17	0	4.831	0	0	0	11.989	0	0	0	0	4.104	0	4.956	6.343	1	5	0	5.53	11	5.593	1.16	1	0	0	12.789	0	0	0	0	0	2.835	0	8.804	3.196	4.365	0	4	0	2.884	4.31
KM4011	0	26.727	0	1	1.464	6.416	5	0	2.271	5	0	6	0	0	0	1.148	0	4.133	3.596	4	2.142	10	0	2.492	0	0	2	0	1.528	5	0	0	3.516	7.637	4	24.607	0	0	5	2.658	1	2.273	1	0	0	8	9.154	2.672	6	0	5.369	0	10.348	0	0	0	0	1	6.858	0	2.311	0	3.527	0	0	0	1.448	1
KM4012	28.306	44.936	0	17.4	46.197	0	0	0	21.537	0	8.638	14.924	10.307	8.895	2.471	13.172	0	2.083	12.362	9	0.972	23.138	0.319	35	2	10	11.382	4	0	0	0	0	0	0	0	0	0	0	5.73	71.294	11.465	19.441	2.1	1.254	0	0	0	51.848	14.081	4.52	319.001	0	0	0	26	0	0	0	100	0	38.609	0	19.013	0	0	16.05	8.538	26.312
KM4013	0	9.673	0	0	0	1	0	0	0	0	0	0	1	0	0	0	0	0	0	0	0	0	0	0	0	0	0	0	0	0	0	0	0	7.202	1	3	0	0	0	0	0	0	0	0	0	0	1.918	0	0	0	0	0	0	0	0	0	0	0	0	0	0	0	0	0	0	0	0	0
KM4014	14.939	0	0	1.442	4.442	1	3	0	42.976	0	0	6.877	3.806	11.478	0	4.543	0	0	7.998	14.834	0	7.35	0	24.274	0	1	6.943	0	0	4.321	0	98.274	0	0	0	13	0	0	18.302	34.181	16.126	11.318	1.321	0	2	0	4.347	30.254	7.47	11.464	81.122	0	0	2	0	1	1	5.564	89.486	0	29.73	0	1.827	0	5.125	5.961	13.303	7.11
KM4015	0	12.754	4.314	0	1	27.223	12.034	1.219	0	0	0	0	0	0	0	0	0	0	0	0	0	0	0	0	0	0	0	0	0	12.724	0	0	0	20.502	1	4.336	0	1	0	0	0	0	0	0	0	16.615	27.932	0	0	0	2.018	1.482	8.59	0	0	23.385	0	0	0	0	0	0	0	0	0	0	0	0
KM4016	10.412	0	0	12.584	21.082	0	4	0	8.764	0	3.319	10.965	2.712	7.583	4	9.03	0	17.521	12.013	14	4.117	4	5.253	8.293	16.502	87.607	7.539	0	0	2	0	0	0	0	0	0	0	0	1.337	26.215	7.046	10.593	1.077	19	0	5	2.481	25.487	8.228	6.862	51.504	0	0	0	0	0	0	2.541	25.28	0	17.554	0	13.034	0	12.1	7.521	2.803	12.133
KM4017	0	8.891	0	0	0	57.077	32	0	0	0	0	0	0	0	0	0	0	0	0	0	0	0	0	0	0	0	0	0	0	37.92	0	0	0	17.995	0	2	0	0	0	0	0	0	0	0	0	10.081	78.727	0	0	0	1.674	0	177.722	0	0	0	0	0	0	0	0	0	0	0	0	0	0	0
KM4018	3.324	8.051	12.216	2.9	1.406	3.296	0	0	1.202	0	1.924	6.943	1.136	2.094	0	3.335	0	1.322	9.963	8	0	0	0.576	7.48	0	2	4.434	0	1.183	6	0	0	0	3.217	1	4	0	0	5.417	30.434	1.074	7.913	0	0	0	2	6.464	16.994	3.988	3.644	52.52	2.106	8.882	0	1	17.084	0	5.679	43.108	0	6.986	3.587	1.344	0	3.997	0	3.64	3.954
KM4020	0	0	0	0	0	20.893	4.343	0	1.881	1	0	0	0	0	0	0	0	0	0	0	0	0	0	0	0	0	0	0	0	10	0	0	0	17.769	2	18	0	0	0	0	0	0	0	0	1	11.756	30.207	0	0	0	0	24.322	14.8	0	0	1.548	0	0	0	0	1	0	0	0	0	0	0	0
KM4021	0	30.228	0	0.007	1.414	3.164	4	0	0	1	1.819	1.283	1	6	0	0	0	1.132	1.423	1	2.072	1	0.4	2	0	0	0	2	3	3	0	0	1	8.246	1.16	30	0	0	0	1.013	0	0	1	0	0	8	6.917	4.976	1.154	0	6.887	0	10.945	0	0	0	0	4	2.681	0	3.569	3	0	0	3.285	0	1.952	2
KM4022	9.184	0	0	7.12	14.807	0	0	0	65.694	0	5.329	13.42	9.973	14.076	2	16.462	0	2.978	14.978	24.462	5.051	18.341	12.948	18.553	11	34	10.469	15.599	0	0	0	0	0	0	0	0	0	0	29.916	25.688	6.657	12.391	6.723	2	0	0	0	65.637	0	17.174	58.17	0	0	1.156	9.895	0	0	8.237	107.773	0	10.702	0	7.265	0	3.703	4.323	30.64	26.705
KM4023	0	8.184	0	0	0	70.505	33	0	0	0	0	0	0	0	0	0	0	0	0	0	0	0	0	0	0	0	0	0	0	37.674	0	0	0	20.371	0	2	0	0	0	0	0	0	0	0	0	17.74	70.078	1	0	0	0	0	197.904	0	0	2.431	0	0	0	0	0	0	0	0	0	0	0	0
KM4024	0	0	0	0	0	11.448	5	0	0	0	0	0	0	0	0	0	0	0	0	0	0	0	0	0	0	0	0	0	4.048	3.221	0	7.221	1	10.135	0	4	13	5	0	0	0	0	0	0	1	5.858	26.086	0	0	0	0	0	3.612	0	0	0	0	0	0	0	0	0	0	7	0	0	0	0
KM4026	19.497	25.1	0	19.728	26.026	24.736	14	0	26.678	0	5.489	26.613	7.752	54.104	19.156	31.645	13	5.873	41.912	22.617	41.096	30.229	1.921	40.408	5	17.283	9.854	48.483	0	7.706	21	0	0	11.88	0	0	0	0	28.919	44.477	34.133	43.742	32.599	5	0	7.605	10.031	65.566	23.147	10.786	80.655	1.034	7.417	4.53	4.985	1.642	0	25.865	23.932	11	89.045	13.29	27.05	0	14.224	14.722	29.842	37.301
KM4031	0	0	0	3.131	2.741	3.154	1	0	3.925	0	1.576	3.556	0	1.528	1	4	0	0	1.1	1.818	1.125	1.259	2.362	0	0	0	0	0	0	0	0	2.115	1	0	0	0	0	0	1.384	7.464	2.339	3.189	0	0	0	3	4.35	4	0	1.34	22.67	0	0	0	1	0	1	1.035	5.963	0	0	0	1.012	0	2.332	1.118	0	0
KM4032	0	0	0	0	0	0	0	0	0	0	0	0	0	0	0	0	0	0	0	0	0	0	0	0	0	0	0	0	0	0	0	0	0	0	0	0	0	0	0	0	0	0	0	0	0	0	0	0	0	0	0	0	0	0	0	0	0	0	0	0	0	0	0	0	0	0	0	0
KM4033	0	0	3.296	0	0	0	2	0	0	0	0	0	1.498	0	0	0	1	1	0	0	0	0	0	0	0	0	0	0	0	2	2	92.022	0	0	0	43.512	0	0	0	2	0	0	0	0	0	0	4	0	0	0	2.745	4.036	0	0	0	25.873	0	0	2.778	0	2	0	0	0	1	0	0	0
KM4034	0	0	0	0	0	6.726	6.65	0	2.834	3.258	0	1.051	1.04	0	0	0	0	2.366	2.627	0	0	0	0	0	2	2.026	1.46	0	0	8.61	0	0	0	4.398	1	2	0	0	0	0	3.852	2.261	0	0	0	7.497	15.41	0	0	1.561	0	3.687	0	0	0	0	0	0	4.147	0	1.872	0	0	0	0	0.187	0	1
KM4035	0	2.062	0	0	2.453	5	3	0	0	0	0	0	1	0	0	0	0	0	0	0	0	0	0	0	1.301	0	1	0	0	4.213	0	0	0	9.603	0	23	0	0	0	1.417	0	0	0	0	0	4	11.937	0	0	1	0	0	10.691	0	1	0	0	0	0	0	1.242	0	0	0	1	0	1	0
KM4036	0	0	0	0	0	36.261	18.505	0	0	0	0	0	0	0	0	0	0	0	0	1	0	0	0	0	0	0	0	0	0	19	0	0	0	19.074	2	0	0	0	0	0	0	1.122	0	0	0	9.884	15.374	2	1	0	2.474	3	32.085	0	0	0	0	0	1.524	0	1	0	1	0	0	0	0	0
KM4037	1.032	0	0	0	4.397	0	0	0	3.678	0	0	1.052	2.096	2	0	0	0	1.678	1.142	4.885	0	1.321	0	5.573	0	0	0	0	0	0	0	0	0	0	0	0	0	0	1.007	5.098	0	1.559	0	0	1	0	0	1.469	0	1.035	2.263	0	0	0	0	5.723	0	0	13.336	0	3.055	0	0	0	1	1	1	0
KM4038	0	0	0	0	0	5	8	0	0	1	0	0	0	0	0	0	0	0	0	0	0	0	0	0	0	0	0	0	0	6	0	970.979	0	0	0	32	0	0	0	0	0	0	0	0	0	9	9.691	0	0	0	0	0	1.761	0	0	0	0	0	0	0	0	0	0	0	0	0	0	0
KM4039	0	0	0	0	3.407	0	0	0	5.64	4	0	2.426	0	6.58	0	1	0	9.219	0	2	0	3	2.661	0	7	18	8.402	0	0	0	0	347.064	0	0	0	0	0	0	4.625	0	0	1.376	1	6	0	2	2.022	0	1.097	1	2.231	2.32	1.078	0	0	0	0	2.329	1	0	9.952	3	0	0	0	0	2	1.53
KM4040	6.728	0	6.08	4.254	8.687	8.052	5.503	30.255	2.092	2.08	0	7.736	0	2.085	1.475	2	0	0	4.991	4	0	1.423	0	1.304	1	10	6.646	0	0	3	1	3.522	8.071	10.674	0	1	0	0	6.723	5.081	1.934	15.526	6	3	0	6	11.037	5.547	3.555	7.117	20.114	0	0	1	0	0	0	1.082	10.375	1	7.038	0	1.153	0	4.944	4.022	1.305	1.702
KM4041	0	7.893	1.905	0	0	17.927	7	0	0	0	0	0	0	0	0	0	0	0	0	0	0	0	0	0	0	1	0	0	1	4	0	0	0	8.329	0	43	9	7	0	0	0	1	0	0	2	8	11.969	0	0	0	0.5	7.146	0	0	0	2.302	0	0	0	0	0	0	0	5	0	0	0	0
KM4042	9.134	0	1.036	6.587	11.244	0	0	0	8.322	1	0	9.966	3.189	10.195	3.531	12.204	0	8.099	5.99	2.562	1.238	20.741	0.326	15.718	8.894	26	10.781	2	1.165	0	0	0	0	0	0	3	0	0	7.238	41.536	8.432	21.231	7.532	4.599	0	0	1	25.039	7.237	12.656	77.433	2.121	0	2.309	5	4.622	2	4.666	32.353	0	20.987	1.433	1.405	0	10.336	7.095	7.189	6.073
KM4043	0	0	0	1.093	5.47	5.294	5	0	7.245	0	0	3.025	0	1.219	0	3.453	15	1.235	1	2	1.262	0	1.432	1.225	0	1	5.228	3	0	3	15.85	26.312	0	10.653	1.153	8	2	3	3.926	8.989	3	2.053	2.12	1	0	11.508	14.711	9.591	0	1.281	9.512	7.457	23.287	0	6	1.359	4.791	0	12.698	16	3.355	0	0	2	2.376	0	1.247	0
KM4044	1	7.26	0	0	1.241	30.283	23.026	0	0	0	1	1.346	0	0	0	0	0	0	0	0	0	0	0	0	0	0	1.155	0	0	21	0	0	0	39.056	0	57.868	0	0	1	2.259	0	0	0	0	0	26	40.594	0	0	1.34	3.538	0	9.968	0	0	2.193	0	1	0	0	1	0	0	0	0	0	0	0
KM4045	0	0	0	0	1.316	5	0	0	1.389	0	0	1.022	0	1.184	0	0	0	0	0	0	0	0	1	0	0	0	0	0	0	1	0	0	0	2.461	0	21	0	0	0	3.706	0	1.671	0	0	0	1.402	7.226	3.044	0	0	8.412	2.419	1.318	0	0	0	0	0	0	0	0	0	0	0	0	1.691	0	0
KM4046	49.077	0	0	8.25	24.06	0	0	0	7.104	0	1.5	39.582	23.781	27.568	7.616	12.522	0	34.186	24.988	13.549	3.012	79.063	9.488	9.633	24	99.522	41.868	65.351	0	0	0	0	0	0	0	0	0	0	31.654	12.624	18.738	15.705	3.169	30.005	0	0	0	34.765	13.266	5.843	103.615	0	0	0	44.491	0	1	10.95	28.65	0	34.899	5.376	30.553	0	17.176	6.574	14.482	29.845
KM4047	3.177	0	0	0	0	0	0	0	1.658	0	0	3.375	1.225	8.344	1	1.225	0	2.53	6.25	1	0	4	2.008	0	3	13	9.335	0	0	0	0	0	0	0	0	0	0	0	0	6.005	1.33	16.313	2	3.686	0	0	0	6.847	0	1.306	22.398	0	0	1.351	0	2	0	0	1.337	0	1.591	0	0	0	2.373	0.654	1.078	0
KM4048	0	6.983	0	0	0	0	0	3.151	2.865	0	0	0	0	1	0	0	0	0	0	0	0	4	2.259	0	0	5	1.023	3	0	0	0	0	0	0	0	0	0	0	4.23	2.754	0	3.323	0	1	0	0	0	4.296	1	2.111	5.162	0	0	0	1	0	0	1.085	3	0	0	0	0	0	0	0	1.439	2.191
KM4049	160.871	0	0	22.5	115.624	0	0	0	45.719	0	13.756	143.559	74.688	109.302	41.877	51.925	0	168.615	56.869	57.428	5.055	91.05	31.056	4.074	113.898	433.362	155.949	288.969	0	0	0	0	0	0	0	0	0	0	133.299	52.3	64.476	49.456	10.838	107.45	0	0	0	99.707	41.862	14.946	27.808	0	0	2	143.841	0	0	71.211	54.657	0	128.165	28.606	93.923	0	60.595	25.243	91.267	94.26
KM4050	2.347	0	5.177	0	1.094	1.575	0	0	0	0	0	3.193	0	3.037	0	0	1	0	2	2.207	1	0	0	0	0	0	2.563	4	8.324	1.941	0	0	1	10.045	1	16	0	0	1.037	0	0	1	1	0	0	0	8.247	4	2.362	0	0	0	1.403	0	0	11.479	0	6.714	0	0	1	0	0	0	1.255	0	1	1.986
KM4051	0	8.673	9.793	0	0	10.731	1.628	0	0	0	0	0	1	0	0	0	0	0	0	0	0	0	0	0	0	0	0	0	0	9.467	0	0	1	6.515	0	5	0	1	0	0	0	0	0	0	0	4.332	11.313	1	0	0	0.416	1.206	0	0	1	1.562	0	0	0	0	0	0	0	0	0	0	1	0
KM4052	0	5.284	0	0	0	0	0	0	0	0	0	0	0	0	0	0	5	0	0	0	0	1	0	0	0	1	0	0	1	0	4	0	0	0	0	31.946	0	0	0	0	0	0	0	0	0	0	0	0	0	0	0	0	0	0	0	2	0	0	0	3	1	0	0	0	0	0	0	0
KM4053	12.394	3.773	0	15.835	9.199	9.022	6.118	0	27.494	0	0	35.091	19.779	19.429	1.152	12.738	0	6.696	31.165	33.39	10.993	37.773	0.296	48.528	0	0	25.401	2	0	7	2	1.045	0	17.458	0	3	0	0	27.796	110.75	17.493	15.772	5.965	0	0	13	15.173	71.143	16.914	19.028	478.094	0	12.924	1.159	6	3.532	0	13.984	74.336	0	65.874	3.368	13.767	0	18.87	21.394	16.813	30.135
