"id","type"
"flhB","Gene"
"rtxB","Gene"
"htpB","Gene"
"cheA.1","Gene"
"eptC","Gene"
"pmrB.1","Gene"
"allS","Gene"
"fimD.1","Gene"
"farB.1","Gene"
"cesC","Gene"
"pvdH","Gene"
"flrA.1","Gene"
"fimD.2","Gene"
"shuU","Gene"
"katA.2","Gene"
"bioD.1","Gene"
"invD","Gene"
"ptxR","Gene"
"mprA.1","Gene"
"manB/yhxB","Gene"
"entF","Gene"
"cpsA/uppS","Gene"
"bioB","Gene"
"letA","Gene"
"ccmF","Gene"
"mrkC","Gene"
"galE","Gene"
"flmH","Gene"
"fimH","Gene"
"FTT_RS04105","Gene"
"hitC","Gene"
"LPG_RS03830","Gene"
"msbA.3","Gene"
"ppkA.1","Gene"
"clpC.1","Gene"
"msbA.1","Gene"
"rpoS.1","Gene"
"lirB","Gene"
"glgX","Gene"
"fadD22","Gene"
"tlpA","Gene"
"wbkC","Gene"
"cyaB.2","Gene"
"farB.2","Gene"
"fimD.3","Gene"
"relA.1","Gene"
"algZ.1","Gene"
"fimX","Gene"
"clpC.2","Gene"
"rffG","Gene"
"flgN","Gene"
"focC","Gene"
"flgL","Gene"
"Butyricimonas_SGB15260","Species"
"Catenibacterium_SGB4425","Species"
"Clostridiaceae_bacterium_Marseille_Q4149","Species"
"Clostridium_SGB4751","Species"
"Clostridium_sp_1001270H_150608_G6","Species"
"Enterococcus_faecium","Species"
"Erysipelatoclostridium_ramosum","Species"
"Escherichia_coli","Species"
"Faecalibacterium_prausnitzii","Species"
"Firmicutes_bacterium_AF16_15","Species"
"Fusicatenibacter_saccharivorans","Species"
"Fusobacterium_nucleatum","Species"
"GGB4456_SGB6141","Species"
"GGB9627_SGB15081","Species"
"GGB9634_SGB15093","Species"
"GGB9759_SGB15370","Species"
"Lachnospira_sp_NSJ_43","Species"
"Lachnospiraceae_bacterium_BX3","Species"
"Lachnospiraceae_bacterium_NSJ_46","Species"
"Phocaeicola_SGB6473","Species"
"Streptococcus_SGB14888","Species"
"ASPASN_PWY","Pathway"
"FASYN_ELONG_PWY","Pathway"
"GLYCOLYSIS_E_D","Pathway"
"HOMOSER_METSYN_PWY","Pathway"
"MET_SAM_PWY","Pathway"
"METSYN_PWY","Pathway"
"P161_PWY","Pathway"
"P4_PWY","Pathway"
"P461_PWY","Pathway"
"PENTOSE_P_PWY","Pathway"
"POLYISOPRENSYN_PWY","Pathway"
"PWY_5347","Pathway"
"PWY_5838","Pathway"
"PWY_5840","Pathway"
"PWY_5850","Pathway"
"PWY_5861","Pathway"
"PWY_5897","Pathway"
"PWY_5898","Pathway"
"PWY_5899","Pathway"
"PWY_5918","Pathway"
"PWY_5989","Pathway"
"PWY_6147","Pathway"
"PWY_6282","Pathway"
"PWY_6285","Pathway"
"PWY_6519","Pathway"
"PWY_6961","Pathway"
"PWY_7663","Pathway"
"PWY_7664","Pathway"
"PWY0_1297","Pathway"
"PWY0_1298","Pathway"
"PWY0_1477","Pathway"
"PWY0_301","Pathway"
"PWY0_781","Pathway"
"PWY0_845","Pathway"
"PWY0_862","Pathway"
"PWY4FS_7","Pathway"
"PWY4FS_8","Pathway"
"PWY66_409","Pathway"
"PYRIDNUCSAL_PWY","Pathway"
"PYRIDOXSYN_PWY","Pathway"
"ANAGLYCOLYSIS_PWY","Pathway"
"ARGSYNBSUB_PWY","Pathway"
"ARO_PWY","Pathway"
"COA_PWY","Pathway"
"COA_PWY_1","Pathway"
"COMPLETE_ARO_PWY","Pathway"
"DTDPRHAMSYN_PWY","Pathway"
"GLYCOGENSYNTH_PWY","Pathway"
"HISTSYN_PWY","Pathway"
"NONMEVIPP_PWY","Pathway"
"PANTO_PWY","Pathway"
"PANTOSYN_PWY","Pathway"
"PEPTIDOGLYCANSYN_PWY","Pathway"
"PWY_3841","Pathway"
"PWY_5097","Pathway"
"PWY_5686","Pathway"
"PWY_6151","Pathway"
"PWY_6163","Pathway"
"PWY_6385","Pathway"
"PWY_6386","Pathway"
"PWY_6387","Pathway"
"PWY_6700","Pathway"
"PWY_7238","Pathway"
"PWY_7790","Pathway"
"PWY_7791","Pathway"
"PWY_7851","Pathway"
"THISYNARA_PWY","Pathway"
