from,to,,
gspJ,Blautia_faecis,,
gspJ,Blautia_faecis,,
ccmB,Blautia_faecis,,
ccmB,Blautia_faecis,,
fslD,Blautia_faecis,,
fslD,Blautia_faecis,,
acrB,Blautia_faecis,,
acrB,Blautia_faecis,,
KP1_RS17305,Blautia_faecis,,
KP1_RS17305,Blautia_faecis,,
mntB,Blautia_faecis,,
mntB,Blautia_faecis,,
flgG,Blautia_faecis,,
flgG,Blautia_faecis,,
gspJ,Blautia_obeum,,
gspJ,Blautia_obeum,,
fslD,Blautia_obeum,,
fslD,Blautia_obeum,,
flgG,Blautia_obeum,,
flgG,Blautia_obeum,,
gspJ,Catenibacterium_SGB4425,,
gspJ,Catenibacterium_SGB4425,,
fslD,Catenibacterium_SGB4425,,
fslD,Catenibacterium_SGB4425,,
FTT_RS04105,Catenibacterium_SGB4425,,
FTT_RS04105,Catenibacterium_SGB4425,,
msbA.3,Catenibacterium_SGB4425,,
msbA.3,Catenibacterium_SGB4425,,
ppkA.1,Catenibacterium_SGB4425,,
ppkA.1,Catenibacterium_SGB4425,,
relA.2,Catenibacterium_SGB4425,,
relA.2,Catenibacterium_SGB4425,,
ybtQ,Catenibacterium_SGB4425,,
ybtQ,Catenibacterium_SGB4425,,
clpC.2,Catenibacterium_SGB4425,,
clpC.2,Catenibacterium_SGB4425,,
flgG,Catenibacterium_SGB4425,,
flgG,Catenibacterium_SGB4425,,
lafT,Dorea_formicigenerans,,
lafT,Dorea_formicigenerans,,
gspJ,Dorea_formicigenerans,,
gspJ,Dorea_formicigenerans,,
fslD,Dorea_formicigenerans,,
fslD,Dorea_formicigenerans,,
FTT_RS04105,Dorea_formicigenerans,,
FTT_RS04105,Dorea_formicigenerans,,
msbA.3,Dorea_formicigenerans,,
msbA.3,Dorea_formicigenerans,,
ppkA.1,Dorea_formicigenerans,,
ppkA.1,Dorea_formicigenerans,,
KP1_RS17305,Dorea_formicigenerans,,
KP1_RS17305,Dorea_formicigenerans,,
mntB,Dorea_formicigenerans,,
mntB,Dorea_formicigenerans,,
ybtQ,Dorea_formicigenerans,,
ybtQ,Dorea_formicigenerans,,
clpC.2,Dorea_formicigenerans,,
clpC.2,Dorea_formicigenerans,,
flgG,Dorea_formicigenerans,,
flgG,Dorea_formicigenerans,,
gspJ,Erysipelatoclostridium_ramosum,,
gspJ,Erysipelatoclostridium_ramosum,,
fslD,Erysipelatoclostridium_ramosum,,
fslD,Erysipelatoclostridium_ramosum,,
KP1_RS17305,Erysipelatoclostridium_ramosum,,
KP1_RS17305,Erysipelatoclostridium_ramosum,,
flgG,Erysipelatoclostridium_ramosum,,
flgG,Erysipelatoclostridium_ramosum,,
gspJ,Fusicatenibacter_saccharivorans,,
gspJ,Fusicatenibacter_saccharivorans,,
fslD,Fusicatenibacter_saccharivorans,,
fslD,Fusicatenibacter_saccharivorans,,
mntB,Fusicatenibacter_saccharivorans,,
mntB,Fusicatenibacter_saccharivorans,,
flgG,Fusicatenibacter_saccharivorans,,
flgG,Fusicatenibacter_saccharivorans,,
lafT,Fusobacterium_nucleatum,,
lafT,Fusobacterium_nucleatum,,
gspJ,Fusobacterium_nucleatum,,
gspJ,Fusobacterium_nucleatum,,
fslD,Fusobacterium_nucleatum,,
fslD,Fusobacterium_nucleatum,,
adsA.2,Fusobacterium_nucleatum,,
adsA.2,Fusobacterium_nucleatum,,
KP1_RS17305,Fusobacterium_nucleatum,,
KP1_RS17305,Fusobacterium_nucleatum,,
flgG,Fusobacterium_nucleatum,,
flgG,Fusobacterium_nucleatum,,
clbB,GGB3277_SGB4327,,
clbB,GGB3277_SGB4327,,
phoR.1,GGB3277_SGB4327,,
phoR.1,GGB3277_SGB4327,,
pdxJ,GGB3277_SGB4327,,
pdxJ,GGB3277_SGB4327,,
pchH,GGB3277_SGB4327,,
pchH,GGB3277_SGB4327,,
gspJ,Lachnospiraceae_bacterium_NSJ_29,,
gspJ,Lachnospiraceae_bacterium_NSJ_29,,
fslD,Lachnospiraceae_bacterium_NSJ_29,,
fslD,Lachnospiraceae_bacterium_NSJ_29,,
acrB,Lachnospiraceae_bacterium_NSJ_29,,
acrB,Lachnospiraceae_bacterium_NSJ_29,,
KP1_RS17305,Lachnospiraceae_bacterium_NSJ_29,,
KP1_RS17305,Lachnospiraceae_bacterium_NSJ_29,,
mntB,Lachnospiraceae_bacterium_NSJ_29,,
mntB,Lachnospiraceae_bacterium_NSJ_29,,
flgG,Lachnospiraceae_bacterium_NSJ_29,,
flgG,Lachnospiraceae_bacterium_NSJ_29,,
gspJ,Limosilactobacillus_fermentum,,
gspJ,Limosilactobacillus_fermentum,,
fslD,Limosilactobacillus_fermentum,,
fslD,Limosilactobacillus_fermentum,,
KP1_RS17305,Limosilactobacillus_fermentum,,
KP1_RS17305,Limosilactobacillus_fermentum,,
flgG,Limosilactobacillus_fermentum,,
flgG,Limosilactobacillus_fermentum,,
gspJ,Ruthenibacterium_lactatiformans,,
gspJ,Ruthenibacterium_lactatiformans,,
fslD,Ruthenibacterium_lactatiformans,,
fslD,Ruthenibacterium_lactatiformans,,
acrB,Ruthenibacterium_lactatiformans,,
acrB,Ruthenibacterium_lactatiformans,,
KP1_RS17305,Ruthenibacterium_lactatiformans,,
KP1_RS17305,Ruthenibacterium_lactatiformans,,
flgG,Ruthenibacterium_lactatiformans,,
flgG,Ruthenibacterium_lactatiformans,,
clbB,ASPASN_PWY,,
clbB,ASPASN_PWY,,
lafT,ASPASN_PWY,,
lafT,ASPASN_PWY,,
gspJ,ASPASN_PWY,,
gspJ,ASPASN_PWY,,
phoR.1,ASPASN_PWY,,
phoR.1,ASPASN_PWY,,
ccmB,ASPASN_PWY,,
ccmB,ASPASN_PWY,,
fslD,ASPASN_PWY,,
fslD,ASPASN_PWY,,
FTT_RS04105,ASPASN_PWY,,
FTT_RS04105,ASPASN_PWY,,
msbA.3,ASPASN_PWY,,
msbA.3,ASPASN_PWY,,
adsA.2,ASPASN_PWY,,
adsA.2,ASPASN_PWY,,
KP1_RS17305,ASPASN_PWY,,
KP1_RS17305,ASPASN_PWY,,
bauE,ASPASN_PWY,,
bauE,ASPASN_PWY,,
mntB,ASPASN_PWY,,
mntB,ASPASN_PWY,,
gspF,ASPASN_PWY,,
gspF,ASPASN_PWY,,
pdxJ,ASPASN_PWY,,
pdxJ,ASPASN_PWY,,
flgG,ASPASN_PWY,,
flgG,ASPASN_PWY,,
focC,ASPASN_PWY,,
focC,ASPASN_PWY,,
Blautia_faecis,ASPASN_PWY,,
Blautia_faecis,ASPASN_PWY,,
Blautia_obeum,ASPASN_PWY,,
Blautia_obeum,ASPASN_PWY,,
Catenibacterium_SGB4425,ASPASN_PWY,,
Catenibacterium_SGB4425,ASPASN_PWY,,
Dorea_formicigenerans,ASPASN_PWY,,
Dorea_formicigenerans,ASPASN_PWY,,
Erysipelatoclostridium_ramosum,ASPASN_PWY,,
Erysipelatoclostridium_ramosum,ASPASN_PWY,,
Faecalibacillus_intestinalis,ASPASN_PWY,,
Faecalibacillus_intestinalis,ASPASN_PWY,,
Fusobacterium_nucleatum,ASPASN_PWY,,
Fusobacterium_nucleatum,ASPASN_PWY,,
Lachnospiraceae_bacterium_NSJ_29,ASPASN_PWY,,
Lachnospiraceae_bacterium_NSJ_29,ASPASN_PWY,,
Limosilactobacillus_fermentum,ASPASN_PWY,,
Limosilactobacillus_fermentum,ASPASN_PWY,,
Ruthenibacterium_lactatiformans,ASPASN_PWY,,
Ruthenibacterium_lactatiformans,ASPASN_PWY,,
lafT,P461_PWY,,
lafT,P461_PWY,,
gspJ,P461_PWY,,
gspJ,P461_PWY,,
phoR.1,P461_PWY,,
phoR.1,P461_PWY,,
fslD,P461_PWY,,
fslD,P461_PWY,,
adsA.2,P461_PWY,,
adsA.2,P461_PWY,,
KP1_RS17305,P461_PWY,,
KP1_RS17305,P461_PWY,,
mntB,P461_PWY,,
mntB,P461_PWY,,
flgG,P461_PWY,,
flgG,P461_PWY,,
Blautia_faecis,P461_PWY,,
Blautia_faecis,P461_PWY,,
Dorea_formicigenerans,P461_PWY,,
Dorea_formicigenerans,P461_PWY,,
Erysipelatoclostridium_ramosum,P461_PWY,,
Erysipelatoclostridium_ramosum,P461_PWY,,
Faecalibacillus_intestinalis,P461_PWY,,
Faecalibacillus_intestinalis,P461_PWY,,
Fusobacterium_nucleatum,P461_PWY,,
Fusobacterium_nucleatum,P461_PWY,,
Lachnospiraceae_bacterium_NSJ_29,P461_PWY,,
Lachnospiraceae_bacterium_NSJ_29,P461_PWY,,
Limosilactobacillus_fermentum,P461_PWY,,
Limosilactobacillus_fermentum,P461_PWY,,
Ruthenibacterium_lactatiformans,P461_PWY,,
Ruthenibacterium_lactatiformans,P461_PWY,,
gspJ,PENTOSE_P_PWY,,
gspJ,PENTOSE_P_PWY,,
fslD,PENTOSE_P_PWY,,
fslD,PENTOSE_P_PWY,,
adsA.2,PENTOSE_P_PWY,,
adsA.2,PENTOSE_P_PWY,,
KP1_RS17305,PENTOSE_P_PWY,,
KP1_RS17305,PENTOSE_P_PWY,,
bauE,PENTOSE_P_PWY,,
bauE,PENTOSE_P_PWY,,
mntB,PENTOSE_P_PWY,,
mntB,PENTOSE_P_PWY,,
flgG,PENTOSE_P_PWY,,
flgG,PENTOSE_P_PWY,,
focC,PENTOSE_P_PWY,,
focC,PENTOSE_P_PWY,,
Blautia_obeum,PENTOSE_P_PWY,,
Blautia_obeum,PENTOSE_P_PWY,,
Dorea_formicigenerans,PENTOSE_P_PWY,,
Dorea_formicigenerans,PENTOSE_P_PWY,,
Erysipelatoclostridium_ramosum,PENTOSE_P_PWY,,
Erysipelatoclostridium_ramosum,PENTOSE_P_PWY,,
Fusicatenibacter_saccharivorans,PENTOSE_P_PWY,,
Fusicatenibacter_saccharivorans,PENTOSE_P_PWY,,
Fusobacterium_nucleatum,PENTOSE_P_PWY,,
Fusobacterium_nucleatum,PENTOSE_P_PWY,,
Limosilactobacillus_fermentum,PENTOSE_P_PWY,,
Limosilactobacillus_fermentum,PENTOSE_P_PWY,,
gspJ,PWY_5989,,
gspJ,PWY_5989,,
fslD,PWY_5989,,
fslD,PWY_5989,,
adsA.2,PWY_5989,,
adsA.2,PWY_5989,,
KP1_RS17305,PWY_5989,,
KP1_RS17305,PWY_5989,,
flgG,PWY_5989,,
flgG,PWY_5989,,
Blautia_obeum,PWY_5989,,
Blautia_obeum,PWY_5989,,
Dorea_formicigenerans,PWY_5989,,
Dorea_formicigenerans,PWY_5989,,
Erysipelatoclostridium_ramosum,PWY_5989,,
Erysipelatoclostridium_ramosum,PWY_5989,,
Fusicatenibacter_saccharivorans,PWY_5989,,
Fusicatenibacter_saccharivorans,PWY_5989,,
Fusobacterium_nucleatum,PWY_5989,,
Fusobacterium_nucleatum,PWY_5989,,
Limosilactobacillus_fermentum,PWY_5989,,
Limosilactobacillus_fermentum,PWY_5989,,
gspJ,PWY_6282,,
gspJ,PWY_6282,,
fslD,PWY_6282,,
fslD,PWY_6282,,
adsA.2,PWY_6282,,
adsA.2,PWY_6282,,
flgG,PWY_6282,,
flgG,PWY_6282,,
Blautia_obeum,PWY_6282,,
Blautia_obeum,PWY_6282,,
Fusobacterium_nucleatum,PWY_6282,,
Fusobacterium_nucleatum,PWY_6282,,
gspJ,PWY_7663,,
gspJ,PWY_7663,,
fslD,PWY_7663,,
fslD,PWY_7663,,
adsA.2,PWY_7663,,
adsA.2,PWY_7663,,
flgG,PWY_7663,,
flgG,PWY_7663,,
Dorea_formicigenerans,PWY_7663,,
Dorea_formicigenerans,PWY_7663,,
Fusobacterium_nucleatum,PWY_7663,,
Fusobacterium_nucleatum,PWY_7663,,
lafT,PWY0_1297,,
lafT,PWY0_1297,,
gspJ,PWY0_1297,,
gspJ,PWY0_1297,,
fslD,PWY0_1297,,
fslD,PWY0_1297,,
FTT_RS04105,PWY0_1297,,
FTT_RS04105,PWY0_1297,,
msbA.3,PWY0_1297,,
msbA.3,PWY0_1297,,
KP1_RS17305,PWY0_1297,,
KP1_RS17305,PWY0_1297,,
flgG,PWY0_1297,,
flgG,PWY0_1297,,
Blautia_faecis,PWY0_1297,,
Blautia_faecis,PWY0_1297,,
Blautia_obeum,PWY0_1297,,
Blautia_obeum,PWY0_1297,,
Dorea_formicigenerans,PWY0_1297,,
Dorea_formicigenerans,PWY0_1297,,
Faecalibacillus_intestinalis,PWY0_1297,,
Faecalibacillus_intestinalis,PWY0_1297,,
Fusobacterium_nucleatum,PWY0_1297,,
Fusobacterium_nucleatum,PWY0_1297,,
Lachnospiraceae_bacterium,PWY0_1297,,
Lachnospiraceae_bacterium,PWY0_1297,,
Lachnospiraceae_bacterium_NSJ_29,PWY0_1297,,
Lachnospiraceae_bacterium_NSJ_29,PWY0_1297,,
lafT,PWY0_1298,,
lafT,PWY0_1298,,
gspJ,PWY0_1298,,
gspJ,PWY0_1298,,
fslD,PWY0_1298,,
fslD,PWY0_1298,,
adsA.2,PWY0_1298,,
adsA.2,PWY0_1298,,
flgG,PWY0_1298,,
flgG,PWY0_1298,,
Fusobacterium_nucleatum,PWY0_1298,,
Fusobacterium_nucleatum,PWY0_1298,,
lafT,PWY0_1477,,
lafT,PWY0_1477,,
adsA.2,PWY0_1477,,
adsA.2,PWY0_1477,,
Fusobacterium_nucleatum,PWY0_1477,,
Fusobacterium_nucleatum,PWY0_1477,,
lafT,PWY4FS_7,,
lafT,PWY4FS_7,,
gspJ,PWY4FS_7,,
gspJ,PWY4FS_7,,
fslD,PWY4FS_7,,
fslD,PWY4FS_7,,
adsA.2,PWY4FS_7,,
adsA.2,PWY4FS_7,,
KP1_RS17305,PWY4FS_7,,
KP1_RS17305,PWY4FS_7,,
mntB,PWY4FS_7,,
mntB,PWY4FS_7,,
flgG,PWY4FS_7,,
flgG,PWY4FS_7,,
Blautia_faecis,PWY4FS_7,,
Blautia_faecis,PWY4FS_7,,
Dorea_formicigenerans,PWY4FS_7,,
Dorea_formicigenerans,PWY4FS_7,,
Fusicatenibacter_saccharivorans,PWY4FS_7,,
Fusicatenibacter_saccharivorans,PWY4FS_7,,
Fusobacterium_nucleatum,PWY4FS_7,,
Fusobacterium_nucleatum,PWY4FS_7,,
Lachnospiraceae_bacterium_NSJ_29,PWY4FS_7,,
Lachnospiraceae_bacterium_NSJ_29,PWY4FS_7,,
lafT,PWY4FS_8,,
lafT,PWY4FS_8,,
gspJ,PWY4FS_8,,
gspJ,PWY4FS_8,,
fslD,PWY4FS_8,,
fslD,PWY4FS_8,,
adsA.2,PWY4FS_8,,
adsA.2,PWY4FS_8,,
KP1_RS17305,PWY4FS_8,,
KP1_RS17305,PWY4FS_8,,
mntB,PWY4FS_8,,
mntB,PWY4FS_8,,
flgG,PWY4FS_8,,
flgG,PWY4FS_8,,
Blautia_faecis,PWY4FS_8,,
Blautia_faecis,PWY4FS_8,,
Dorea_formicigenerans,PWY4FS_8,,
Dorea_formicigenerans,PWY4FS_8,,
Fusicatenibacter_saccharivorans,PWY4FS_8,,
Fusicatenibacter_saccharivorans,PWY4FS_8,,
Fusobacterium_nucleatum,PWY4FS_8,,
Fusobacterium_nucleatum,PWY4FS_8,,
Lachnospiraceae_bacterium_NSJ_29,PWY4FS_8,,
Lachnospiraceae_bacterium_NSJ_29,PWY4FS_8,,
clbB,PWY66_409,,
clbB,PWY66_409,,
lafT,PWY66_409,,
lafT,PWY66_409,,
gspJ,PWY66_409,,
gspJ,PWY66_409,,
phoR.1,PWY66_409,,
phoR.1,PWY66_409,,
ccmB,PWY66_409,,
ccmB,PWY66_409,,
fslD,PWY66_409,,
fslD,PWY66_409,,
FTT_RS04105,PWY66_409,,
FTT_RS04105,PWY66_409,,
msbA.3,PWY66_409,,
msbA.3,PWY66_409,,
KP1_RS17305,PWY66_409,,
KP1_RS17305,PWY66_409,,
mntB,PWY66_409,,
mntB,PWY66_409,,
gspF,PWY66_409,,
gspF,PWY66_409,,
pdxJ,PWY66_409,,
pdxJ,PWY66_409,,
flgG,PWY66_409,,
flgG,PWY66_409,,
focC,PWY66_409,,
focC,PWY66_409,,
Blautia_faecis,PWY66_409,,
Blautia_faecis,PWY66_409,,
Blautia_obeum,PWY66_409,,
Blautia_obeum,PWY66_409,,
Catenibacterium_SGB4425,PWY66_409,,
Catenibacterium_SGB4425,PWY66_409,,
Dorea_formicigenerans,PWY66_409,,
Dorea_formicigenerans,PWY66_409,,
Erysipelatoclostridium_ramosum,PWY66_409,,
Erysipelatoclostridium_ramosum,PWY66_409,,
Faecalibacillus_intestinalis,PWY66_409,,
Faecalibacillus_intestinalis,PWY66_409,,
Fusobacterium_nucleatum,PWY66_409,,
Fusobacterium_nucleatum,PWY66_409,,
Lachnospiraceae_bacterium,PWY66_409,,
Lachnospiraceae_bacterium,PWY66_409,,
Lachnospiraceae_bacterium_NSJ_29,PWY66_409,,
Lachnospiraceae_bacterium_NSJ_29,PWY66_409,,
Limosilactobacillus_fermentum,PWY66_409,,
Limosilactobacillus_fermentum,PWY66_409,,
Ruthenibacterium_lactatiformans,PWY66_409,,
Ruthenibacterium_lactatiformans,PWY66_409,,
clbB,ANAGLYCOLYSIS_PWY,,
clbB,ANAGLYCOLYSIS_PWY,,
lafT,ANAGLYCOLYSIS_PWY,,
lafT,ANAGLYCOLYSIS_PWY,,
gspJ,ANAGLYCOLYSIS_PWY,,
gspJ,ANAGLYCOLYSIS_PWY,,
phoR.1,ANAGLYCOLYSIS_PWY,,
phoR.1,ANAGLYCOLYSIS_PWY,,
ccmB,ANAGLYCOLYSIS_PWY,,
ccmB,ANAGLYCOLYSIS_PWY,,
fslD,ANAGLYCOLYSIS_PWY,,
fslD,ANAGLYCOLYSIS_PWY,,
FTT_RS04105,ANAGLYCOLYSIS_PWY,,
FTT_RS04105,ANAGLYCOLYSIS_PWY,,
msbA.3,ANAGLYCOLYSIS_PWY,,
msbA.3,ANAGLYCOLYSIS_PWY,,
ppkA.1,ANAGLYCOLYSIS_PWY,,
ppkA.1,ANAGLYCOLYSIS_PWY,,
KP1_RS17305,ANAGLYCOLYSIS_PWY,,
KP1_RS17305,ANAGLYCOLYSIS_PWY,,
relA.2,ANAGLYCOLYSIS_PWY,,
relA.2,ANAGLYCOLYSIS_PWY,,
bauE,ANAGLYCOLYSIS_PWY,,
bauE,ANAGLYCOLYSIS_PWY,,
mntB,ANAGLYCOLYSIS_PWY,,
mntB,ANAGLYCOLYSIS_PWY,,
gspF,ANAGLYCOLYSIS_PWY,,
gspF,ANAGLYCOLYSIS_PWY,,
pdxJ,ANAGLYCOLYSIS_PWY,,
pdxJ,ANAGLYCOLYSIS_PWY,,
ybtQ,ANAGLYCOLYSIS_PWY,,
ybtQ,ANAGLYCOLYSIS_PWY,,
clpC.2,ANAGLYCOLYSIS_PWY,,
clpC.2,ANAGLYCOLYSIS_PWY,,
flgG,ANAGLYCOLYSIS_PWY,,
flgG,ANAGLYCOLYSIS_PWY,,
focC,ANAGLYCOLYSIS_PWY,,
focC,ANAGLYCOLYSIS_PWY,,
pchH,ANAGLYCOLYSIS_PWY,,
pchH,ANAGLYCOLYSIS_PWY,,
Blautia_faecis,ANAGLYCOLYSIS_PWY,,
Blautia_faecis,ANAGLYCOLYSIS_PWY,,
Catenibacterium_SGB4425,ANAGLYCOLYSIS_PWY,,
Catenibacterium_SGB4425,ANAGLYCOLYSIS_PWY,,
Dorea_formicigenerans,ANAGLYCOLYSIS_PWY,,
Dorea_formicigenerans,ANAGLYCOLYSIS_PWY,,
Erysipelatoclostridium_ramosum,ANAGLYCOLYSIS_PWY,,
Erysipelatoclostridium_ramosum,ANAGLYCOLYSIS_PWY,,
Fusicatenibacter_saccharivorans,ANAGLYCOLYSIS_PWY,,
Fusicatenibacter_saccharivorans,ANAGLYCOLYSIS_PWY,,
Fusobacterium_nucleatum,ANAGLYCOLYSIS_PWY,,
Fusobacterium_nucleatum,ANAGLYCOLYSIS_PWY,,
Lachnospiraceae_bacterium_NSJ_29,ANAGLYCOLYSIS_PWY,,
Lachnospiraceae_bacterium_NSJ_29,ANAGLYCOLYSIS_PWY,,
Limosilactobacillus_fermentum,ANAGLYCOLYSIS_PWY,,
Limosilactobacillus_fermentum,ANAGLYCOLYSIS_PWY,,
Ruthenibacterium_lactatiformans,ANAGLYCOLYSIS_PWY,,
Ruthenibacterium_lactatiformans,ANAGLYCOLYSIS_PWY,,
clbB,ARGSYNBSUB_PWY,,
clbB,ARGSYNBSUB_PWY,,
lafT,ARGSYNBSUB_PWY,,
lafT,ARGSYNBSUB_PWY,,
gspJ,ARGSYNBSUB_PWY,,
gspJ,ARGSYNBSUB_PWY,,
ccmB,ARGSYNBSUB_PWY,,
ccmB,ARGSYNBSUB_PWY,,
fslD,ARGSYNBSUB_PWY,,
fslD,ARGSYNBSUB_PWY,,
FTT_RS04105,ARGSYNBSUB_PWY,,
FTT_RS04105,ARGSYNBSUB_PWY,,
msbA.3,ARGSYNBSUB_PWY,,
msbA.3,ARGSYNBSUB_PWY,,
KP1_RS17305,ARGSYNBSUB_PWY,,
KP1_RS17305,ARGSYNBSUB_PWY,,
bauE,ARGSYNBSUB_PWY,,
bauE,ARGSYNBSUB_PWY,,
mntB,ARGSYNBSUB_PWY,,
mntB,ARGSYNBSUB_PWY,,
gspF,ARGSYNBSUB_PWY,,
gspF,ARGSYNBSUB_PWY,,
pdxJ,ARGSYNBSUB_PWY,,
pdxJ,ARGSYNBSUB_PWY,,
flgG,ARGSYNBSUB_PWY,,
flgG,ARGSYNBSUB_PWY,,
focC,ARGSYNBSUB_PWY,,
focC,ARGSYNBSUB_PWY,,
pchH,ARGSYNBSUB_PWY,,
pchH,ARGSYNBSUB_PWY,,
Blautia_faecis,ARGSYNBSUB_PWY,,
Blautia_faecis,ARGSYNBSUB_PWY,,
Catenibacterium_SGB4425,ARGSYNBSUB_PWY,,
Catenibacterium_SGB4425,ARGSYNBSUB_PWY,,
Dorea_formicigenerans,ARGSYNBSUB_PWY,,
Dorea_formicigenerans,ARGSYNBSUB_PWY,,
Erysipelatoclostridium_ramosum,ARGSYNBSUB_PWY,,
Erysipelatoclostridium_ramosum,ARGSYNBSUB_PWY,,
Fusicatenibacter_saccharivorans,ARGSYNBSUB_PWY,,
Fusicatenibacter_saccharivorans,ARGSYNBSUB_PWY,,
Fusobacterium_nucleatum,ARGSYNBSUB_PWY,,
Fusobacterium_nucleatum,ARGSYNBSUB_PWY,,
Lachnospiraceae_bacterium_NSJ_29,ARGSYNBSUB_PWY,,
Lachnospiraceae_bacterium_NSJ_29,ARGSYNBSUB_PWY,,
Limosilactobacillus_fermentum,ARGSYNBSUB_PWY,,
Limosilactobacillus_fermentum,ARGSYNBSUB_PWY,,
Ruthenibacterium_lactatiformans,ARGSYNBSUB_PWY,,
Ruthenibacterium_lactatiformans,ARGSYNBSUB_PWY,,
clbB,ARO_PWY,,
clbB,ARO_PWY,,
lafT,ARO_PWY,,
lafT,ARO_PWY,,
gspJ,ARO_PWY,,
gspJ,ARO_PWY,,
phoR.1,ARO_PWY,,
phoR.1,ARO_PWY,,
ccmB,ARO_PWY,,
ccmB,ARO_PWY,,
fslD,ARO_PWY,,
fslD,ARO_PWY,,
FTT_RS04105,ARO_PWY,,
FTT_RS04105,ARO_PWY,,
msbA.3,ARO_PWY,,
msbA.3,ARO_PWY,,
ppkA.1,ARO_PWY,,
ppkA.1,ARO_PWY,,
KP1_RS17305,ARO_PWY,,
KP1_RS17305,ARO_PWY,,
relA.2,ARO_PWY,,
relA.2,ARO_PWY,,
bauE,ARO_PWY,,
bauE,ARO_PWY,,
mntB,ARO_PWY,,
mntB,ARO_PWY,,
gspF,ARO_PWY,,
gspF,ARO_PWY,,
pdxJ,ARO_PWY,,
pdxJ,ARO_PWY,,
ybtQ,ARO_PWY,,
ybtQ,ARO_PWY,,
clpC.2,ARO_PWY,,
clpC.2,ARO_PWY,,
flgG,ARO_PWY,,
flgG,ARO_PWY,,
focC,ARO_PWY,,
focC,ARO_PWY,,
pchH,ARO_PWY,,
pchH,ARO_PWY,,
Blautia_faecis,ARO_PWY,,
Blautia_faecis,ARO_PWY,,
Catenibacterium_SGB4425,ARO_PWY,,
Catenibacterium_SGB4425,ARO_PWY,,
Dorea_formicigenerans,ARO_PWY,,
Dorea_formicigenerans,ARO_PWY,,
Erysipelatoclostridium_ramosum,ARO_PWY,,
Erysipelatoclostridium_ramosum,ARO_PWY,,
Fusicatenibacter_saccharivorans,ARO_PWY,,
Fusicatenibacter_saccharivorans,ARO_PWY,,
Fusobacterium_nucleatum,ARO_PWY,,
Fusobacterium_nucleatum,ARO_PWY,,
Lachnospiraceae_bacterium_NSJ_29,ARO_PWY,,
Lachnospiraceae_bacterium_NSJ_29,ARO_PWY,,
Limosilactobacillus_fermentum,ARO_PWY,,
Limosilactobacillus_fermentum,ARO_PWY,,
clbB,COA_PWY,,
clbB,COA_PWY,,
lafT,COA_PWY,,
lafT,COA_PWY,,
gspJ,COA_PWY,,
gspJ,COA_PWY,,
phoR.1,COA_PWY,,
phoR.1,COA_PWY,,
ccmB,COA_PWY,,
ccmB,COA_PWY,,
fslD,COA_PWY,,
fslD,COA_PWY,,
FTT_RS04105,COA_PWY,,
FTT_RS04105,COA_PWY,,
msbA.3,COA_PWY,,
msbA.3,COA_PWY,,
KP1_RS17305,COA_PWY,,
KP1_RS17305,COA_PWY,,
bauE,COA_PWY,,
bauE,COA_PWY,,
mntB,COA_PWY,,
mntB,COA_PWY,,
gspF,COA_PWY,,
gspF,COA_PWY,,
pdxJ,COA_PWY,,
pdxJ,COA_PWY,,
clpC.2,COA_PWY,,
clpC.2,COA_PWY,,
flgG,COA_PWY,,
flgG,COA_PWY,,
focC,COA_PWY,,
focC,COA_PWY,,
pchH,COA_PWY,,
pchH,COA_PWY,,
Blautia_faecis,COA_PWY,,
Blautia_faecis,COA_PWY,,
Catenibacterium_SGB4425,COA_PWY,,
Catenibacterium_SGB4425,COA_PWY,,
Dorea_formicigenerans,COA_PWY,,
Dorea_formicigenerans,COA_PWY,,
Erysipelatoclostridium_ramosum,COA_PWY,,
Erysipelatoclostridium_ramosum,COA_PWY,,
Fusicatenibacter_saccharivorans,COA_PWY,,
Fusicatenibacter_saccharivorans,COA_PWY,,
Fusobacterium_nucleatum,COA_PWY,,
Fusobacterium_nucleatum,COA_PWY,,
Lachnospiraceae_bacterium_NSJ_29,COA_PWY,,
Lachnospiraceae_bacterium_NSJ_29,COA_PWY,,
Limosilactobacillus_fermentum,COA_PWY,,
Limosilactobacillus_fermentum,COA_PWY,,
Ruthenibacterium_lactatiformans,COA_PWY,,
Ruthenibacterium_lactatiformans,COA_PWY,,
clbB,COA_PWY_1,,
clbB,COA_PWY_1,,
lafT,COA_PWY_1,,
lafT,COA_PWY_1,,
gspJ,COA_PWY_1,,
gspJ,COA_PWY_1,,
phoR.1,COA_PWY_1,,
phoR.1,COA_PWY_1,,
ccmB,COA_PWY_1,,
ccmB,COA_PWY_1,,
fslD,COA_PWY_1,,
fslD,COA_PWY_1,,
FTT_RS04105,COA_PWY_1,,
FTT_RS04105,COA_PWY_1,,
msbA.3,COA_PWY_1,,
msbA.3,COA_PWY_1,,
KP1_RS17305,COA_PWY_1,,
KP1_RS17305,COA_PWY_1,,
relA.2,COA_PWY_1,,
relA.2,COA_PWY_1,,
bauE,COA_PWY_1,,
bauE,COA_PWY_1,,
mntB,COA_PWY_1,,
mntB,COA_PWY_1,,
gspF,COA_PWY_1,,
gspF,COA_PWY_1,,
pdxJ,COA_PWY_1,,
pdxJ,COA_PWY_1,,
ybtQ,COA_PWY_1,,
ybtQ,COA_PWY_1,,
clpC.2,COA_PWY_1,,
clpC.2,COA_PWY_1,,
flgG,COA_PWY_1,,
flgG,COA_PWY_1,,
focC,COA_PWY_1,,
focC,COA_PWY_1,,
pchH,COA_PWY_1,,
pchH,COA_PWY_1,,
Blautia_faecis,COA_PWY_1,,
Blautia_faecis,COA_PWY_1,,
Catenibacterium_SGB4425,COA_PWY_1,,
Catenibacterium_SGB4425,COA_PWY_1,,
Dorea_formicigenerans,COA_PWY_1,,
Dorea_formicigenerans,COA_PWY_1,,
Erysipelatoclostridium_ramosum,COA_PWY_1,,
Erysipelatoclostridium_ramosum,COA_PWY_1,,
Fusicatenibacter_saccharivorans,COA_PWY_1,,
Fusicatenibacter_saccharivorans,COA_PWY_1,,
Fusobacterium_nucleatum,COA_PWY_1,,
Fusobacterium_nucleatum,COA_PWY_1,,
Lachnospiraceae_bacterium_NSJ_29,COA_PWY_1,,
Lachnospiraceae_bacterium_NSJ_29,COA_PWY_1,,
Limosilactobacillus_fermentum,COA_PWY_1,,
Limosilactobacillus_fermentum,COA_PWY_1,,
Ruthenibacterium_lactatiformans,COA_PWY_1,,
Ruthenibacterium_lactatiformans,COA_PWY_1,,
clbB,COMPLETE_ARO_PWY,,
clbB,COMPLETE_ARO_PWY,,
lafT,COMPLETE_ARO_PWY,,
lafT,COMPLETE_ARO_PWY,,
gspJ,COMPLETE_ARO_PWY,,
gspJ,COMPLETE_ARO_PWY,,
phoR.1,COMPLETE_ARO_PWY,,
phoR.1,COMPLETE_ARO_PWY,,
ccmB,COMPLETE_ARO_PWY,,
ccmB,COMPLETE_ARO_PWY,,
fslD,COMPLETE_ARO_PWY,,
fslD,COMPLETE_ARO_PWY,,
FTT_RS04105,COMPLETE_ARO_PWY,,
FTT_RS04105,COMPLETE_ARO_PWY,,
msbA.3,COMPLETE_ARO_PWY,,
msbA.3,COMPLETE_ARO_PWY,,
ppkA.1,COMPLETE_ARO_PWY,,
ppkA.1,COMPLETE_ARO_PWY,,
KP1_RS17305,COMPLETE_ARO_PWY,,
KP1_RS17305,COMPLETE_ARO_PWY,,
relA.2,COMPLETE_ARO_PWY,,
relA.2,COMPLETE_ARO_PWY,,
bauE,COMPLETE_ARO_PWY,,
bauE,COMPLETE_ARO_PWY,,
mntB,COMPLETE_ARO_PWY,,
mntB,COMPLETE_ARO_PWY,,
gspF,COMPLETE_ARO_PWY,,
gspF,COMPLETE_ARO_PWY,,
pdxJ,COMPLETE_ARO_PWY,,
pdxJ,COMPLETE_ARO_PWY,,
ybtQ,COMPLETE_ARO_PWY,,
ybtQ,COMPLETE_ARO_PWY,,
clpC.2,COMPLETE_ARO_PWY,,
clpC.2,COMPLETE_ARO_PWY,,
flgG,COMPLETE_ARO_PWY,,
flgG,COMPLETE_ARO_PWY,,
focC,COMPLETE_ARO_PWY,,
focC,COMPLETE_ARO_PWY,,
pchH,COMPLETE_ARO_PWY,,
pchH,COMPLETE_ARO_PWY,,
Blautia_faecis,COMPLETE_ARO_PWY,,
Blautia_faecis,COMPLETE_ARO_PWY,,
Catenibacterium_SGB4425,COMPLETE_ARO_PWY,,
Catenibacterium_SGB4425,COMPLETE_ARO_PWY,,
Dorea_formicigenerans,COMPLETE_ARO_PWY,,
Dorea_formicigenerans,COMPLETE_ARO_PWY,,
Erysipelatoclostridium_ramosum,COMPLETE_ARO_PWY,,
Erysipelatoclostridium_ramosum,COMPLETE_ARO_PWY,,
Fusicatenibacter_saccharivorans,COMPLETE_ARO_PWY,,
Fusicatenibacter_saccharivorans,COMPLETE_ARO_PWY,,
Fusobacterium_nucleatum,COMPLETE_ARO_PWY,,
Fusobacterium_nucleatum,COMPLETE_ARO_PWY,,
Lachnospiraceae_bacterium_NSJ_29,COMPLETE_ARO_PWY,,
Lachnospiraceae_bacterium_NSJ_29,COMPLETE_ARO_PWY,,
Limosilactobacillus_fermentum,COMPLETE_ARO_PWY,,
Limosilactobacillus_fermentum,COMPLETE_ARO_PWY,,
clbB,DTDPRHAMSYN_PWY,,
clbB,DTDPRHAMSYN_PWY,,
lafT,DTDPRHAMSYN_PWY,,
lafT,DTDPRHAMSYN_PWY,,
gspJ,DTDPRHAMSYN_PWY,,
gspJ,DTDPRHAMSYN_PWY,,
phoR.1,DTDPRHAMSYN_PWY,,
phoR.1,DTDPRHAMSYN_PWY,,
ccmB,DTDPRHAMSYN_PWY,,
ccmB,DTDPRHAMSYN_PWY,,
fslD,DTDPRHAMSYN_PWY,,
fslD,DTDPRHAMSYN_PWY,,
FTT_RS04105,DTDPRHAMSYN_PWY,,
FTT_RS04105,DTDPRHAMSYN_PWY,,
msbA.3,DTDPRHAMSYN_PWY,,
msbA.3,DTDPRHAMSYN_PWY,,
KP1_RS17305,DTDPRHAMSYN_PWY,,
KP1_RS17305,DTDPRHAMSYN_PWY,,
bauE,DTDPRHAMSYN_PWY,,
bauE,DTDPRHAMSYN_PWY,,
mntB,DTDPRHAMSYN_PWY,,
mntB,DTDPRHAMSYN_PWY,,
gspF,DTDPRHAMSYN_PWY,,
gspF,DTDPRHAMSYN_PWY,,
pdxJ,DTDPRHAMSYN_PWY,,
pdxJ,DTDPRHAMSYN_PWY,,
clpC.2,DTDPRHAMSYN_PWY,,
clpC.2,DTDPRHAMSYN_PWY,,
flgG,DTDPRHAMSYN_PWY,,
flgG,DTDPRHAMSYN_PWY,,
focC,DTDPRHAMSYN_PWY,,
focC,DTDPRHAMSYN_PWY,,
pchH,DTDPRHAMSYN_PWY,,
pchH,DTDPRHAMSYN_PWY,,
Blautia_faecis,DTDPRHAMSYN_PWY,,
Blautia_faecis,DTDPRHAMSYN_PWY,,
Catenibacterium_SGB4425,DTDPRHAMSYN_PWY,,
Catenibacterium_SGB4425,DTDPRHAMSYN_PWY,,
Dorea_formicigenerans,DTDPRHAMSYN_PWY,,
Dorea_formicigenerans,DTDPRHAMSYN_PWY,,
Erysipelatoclostridium_ramosum,DTDPRHAMSYN_PWY,,
Erysipelatoclostridium_ramosum,DTDPRHAMSYN_PWY,,
Fusicatenibacter_saccharivorans,DTDPRHAMSYN_PWY,,
Fusicatenibacter_saccharivorans,DTDPRHAMSYN_PWY,,
Fusobacterium_nucleatum,DTDPRHAMSYN_PWY,,
Fusobacterium_nucleatum,DTDPRHAMSYN_PWY,,
Lachnospiraceae_bacterium_NSJ_29,DTDPRHAMSYN_PWY,,
Lachnospiraceae_bacterium_NSJ_29,DTDPRHAMSYN_PWY,,
Limosilactobacillus_fermentum,DTDPRHAMSYN_PWY,,
Limosilactobacillus_fermentum,DTDPRHAMSYN_PWY,,
Ruthenibacterium_lactatiformans,DTDPRHAMSYN_PWY,,
Ruthenibacterium_lactatiformans,DTDPRHAMSYN_PWY,,
clbB,GLYCOGENSYNTH_PWY,,
clbB,GLYCOGENSYNTH_PWY,,
lafT,GLYCOGENSYNTH_PWY,,
lafT,GLYCOGENSYNTH_PWY,,
gspJ,GLYCOGENSYNTH_PWY,,
gspJ,GLYCOGENSYNTH_PWY,,
phoR.1,GLYCOGENSYNTH_PWY,,
phoR.1,GLYCOGENSYNTH_PWY,,
ccmB,GLYCOGENSYNTH_PWY,,
ccmB,GLYCOGENSYNTH_PWY,,
fslD,GLYCOGENSYNTH_PWY,,
fslD,GLYCOGENSYNTH_PWY,,
FTT_RS04105,GLYCOGENSYNTH_PWY,,
FTT_RS04105,GLYCOGENSYNTH_PWY,,
msbA.3,GLYCOGENSYNTH_PWY,,
msbA.3,GLYCOGENSYNTH_PWY,,
KP1_RS17305,GLYCOGENSYNTH_PWY,,
KP1_RS17305,GLYCOGENSYNTH_PWY,,
bauE,GLYCOGENSYNTH_PWY,,
bauE,GLYCOGENSYNTH_PWY,,
mntB,GLYCOGENSYNTH_PWY,,
mntB,GLYCOGENSYNTH_PWY,,
gspF,GLYCOGENSYNTH_PWY,,
gspF,GLYCOGENSYNTH_PWY,,
pdxJ,GLYCOGENSYNTH_PWY,,
pdxJ,GLYCOGENSYNTH_PWY,,
ybtQ,GLYCOGENSYNTH_PWY,,
ybtQ,GLYCOGENSYNTH_PWY,,
clpC.2,GLYCOGENSYNTH_PWY,,
clpC.2,GLYCOGENSYNTH_PWY,,
flgG,GLYCOGENSYNTH_PWY,,
flgG,GLYCOGENSYNTH_PWY,,
focC,GLYCOGENSYNTH_PWY,,
focC,GLYCOGENSYNTH_PWY,,
pchH,GLYCOGENSYNTH_PWY,,
pchH,GLYCOGENSYNTH_PWY,,
Blautia_faecis,GLYCOGENSYNTH_PWY,,
Blautia_faecis,GLYCOGENSYNTH_PWY,,
Catenibacterium_SGB4425,GLYCOGENSYNTH_PWY,,
Catenibacterium_SGB4425,GLYCOGENSYNTH_PWY,,
Dorea_formicigenerans,GLYCOGENSYNTH_PWY,,
Dorea_formicigenerans,GLYCOGENSYNTH_PWY,,
Erysipelatoclostridium_ramosum,GLYCOGENSYNTH_PWY,,
Erysipelatoclostridium_ramosum,GLYCOGENSYNTH_PWY,,
Fusicatenibacter_saccharivorans,GLYCOGENSYNTH_PWY,,
Fusicatenibacter_saccharivorans,GLYCOGENSYNTH_PWY,,
Fusobacterium_nucleatum,GLYCOGENSYNTH_PWY,,
Fusobacterium_nucleatum,GLYCOGENSYNTH_PWY,,
Lachnospiraceae_bacterium_NSJ_29,GLYCOGENSYNTH_PWY,,
Lachnospiraceae_bacterium_NSJ_29,GLYCOGENSYNTH_PWY,,
Limosilactobacillus_fermentum,GLYCOGENSYNTH_PWY,,
Limosilactobacillus_fermentum,GLYCOGENSYNTH_PWY,,
Ruthenibacterium_lactatiformans,GLYCOGENSYNTH_PWY,,
Ruthenibacterium_lactatiformans,GLYCOGENSYNTH_PWY,,
lafT,HISTSYN_PWY,,
lafT,HISTSYN_PWY,,
gspJ,HISTSYN_PWY,,
gspJ,HISTSYN_PWY,,
ccmB,HISTSYN_PWY,,
ccmB,HISTSYN_PWY,,
fslD,HISTSYN_PWY,,
fslD,HISTSYN_PWY,,
FTT_RS04105,HISTSYN_PWY,,
FTT_RS04105,HISTSYN_PWY,,
msbA.3,HISTSYN_PWY,,
msbA.3,HISTSYN_PWY,,
KP1_RS17305,HISTSYN_PWY,,
KP1_RS17305,HISTSYN_PWY,,
bauE,HISTSYN_PWY,,
bauE,HISTSYN_PWY,,
mntB,HISTSYN_PWY,,
mntB,HISTSYN_PWY,,
gspF,HISTSYN_PWY,,
gspF,HISTSYN_PWY,,
pdxJ,HISTSYN_PWY,,
pdxJ,HISTSYN_PWY,,
clpC.2,HISTSYN_PWY,,
clpC.2,HISTSYN_PWY,,
flgG,HISTSYN_PWY,,
flgG,HISTSYN_PWY,,
focC,HISTSYN_PWY,,
focC,HISTSYN_PWY,,
pchH,HISTSYN_PWY,,
pchH,HISTSYN_PWY,,
Blautia_faecis,HISTSYN_PWY,,
Blautia_faecis,HISTSYN_PWY,,
Catenibacterium_SGB4425,HISTSYN_PWY,,
Catenibacterium_SGB4425,HISTSYN_PWY,,
Dorea_formicigenerans,HISTSYN_PWY,,
Dorea_formicigenerans,HISTSYN_PWY,,
Erysipelatoclostridium_ramosum,HISTSYN_PWY,,
Erysipelatoclostridium_ramosum,HISTSYN_PWY,,
Fusicatenibacter_saccharivorans,HISTSYN_PWY,,
Fusicatenibacter_saccharivorans,HISTSYN_PWY,,
Fusobacterium_nucleatum,HISTSYN_PWY,,
Fusobacterium_nucleatum,HISTSYN_PWY,,
Lachnospiraceae_bacterium_NSJ_29,HISTSYN_PWY,,
Lachnospiraceae_bacterium_NSJ_29,HISTSYN_PWY,,
Limosilactobacillus_fermentum,HISTSYN_PWY,,
Limosilactobacillus_fermentum,HISTSYN_PWY,,
clbB,NONMEVIPP_PWY,,
clbB,NONMEVIPP_PWY,,
lafT,NONMEVIPP_PWY,,
lafT,NONMEVIPP_PWY,,
gspJ,NONMEVIPP_PWY,,
gspJ,NONMEVIPP_PWY,,
ccmB,NONMEVIPP_PWY,,
ccmB,NONMEVIPP_PWY,,
fslD,NONMEVIPP_PWY,,
fslD,NONMEVIPP_PWY,,
FTT_RS04105,NONMEVIPP_PWY,,
FTT_RS04105,NONMEVIPP_PWY,,
msbA.3,NONMEVIPP_PWY,,
msbA.3,NONMEVIPP_PWY,,
KP1_RS17305,NONMEVIPP_PWY,,
KP1_RS17305,NONMEVIPP_PWY,,
relA.2,NONMEVIPP_PWY,,
relA.2,NONMEVIPP_PWY,,
bauE,NONMEVIPP_PWY,,
bauE,NONMEVIPP_PWY,,
mntB,NONMEVIPP_PWY,,
mntB,NONMEVIPP_PWY,,
gspF,NONMEVIPP_PWY,,
gspF,NONMEVIPP_PWY,,
pdxJ,NONMEVIPP_PWY,,
pdxJ,NONMEVIPP_PWY,,
ybtQ,NONMEVIPP_PWY,,
ybtQ,NONMEVIPP_PWY,,
clpC.2,NONMEVIPP_PWY,,
clpC.2,NONMEVIPP_PWY,,
flgG,NONMEVIPP_PWY,,
flgG,NONMEVIPP_PWY,,
focC,NONMEVIPP_PWY,,
focC,NONMEVIPP_PWY,,
pchH,NONMEVIPP_PWY,,
pchH,NONMEVIPP_PWY,,
Blautia_faecis,NONMEVIPP_PWY,,
Blautia_faecis,NONMEVIPP_PWY,,
Catenibacterium_SGB4425,NONMEVIPP_PWY,,
Catenibacterium_SGB4425,NONMEVIPP_PWY,,
Dorea_formicigenerans,NONMEVIPP_PWY,,
Dorea_formicigenerans,NONMEVIPP_PWY,,
Erysipelatoclostridium_ramosum,NONMEVIPP_PWY,,
Erysipelatoclostridium_ramosum,NONMEVIPP_PWY,,
Fusicatenibacter_saccharivorans,NONMEVIPP_PWY,,
Fusicatenibacter_saccharivorans,NONMEVIPP_PWY,,
Fusobacterium_nucleatum,NONMEVIPP_PWY,,
Fusobacterium_nucleatum,NONMEVIPP_PWY,,
Lachnospiraceae_bacterium_NSJ_29,NONMEVIPP_PWY,,
Lachnospiraceae_bacterium_NSJ_29,NONMEVIPP_PWY,,
Limosilactobacillus_fermentum,NONMEVIPP_PWY,,
Limosilactobacillus_fermentum,NONMEVIPP_PWY,,
Ruthenibacterium_lactatiformans,NONMEVIPP_PWY,,
Ruthenibacterium_lactatiformans,NONMEVIPP_PWY,,
clbB,PANTO_PWY,,
clbB,PANTO_PWY,,
lafT,PANTO_PWY,,
lafT,PANTO_PWY,,
gspJ,PANTO_PWY,,
gspJ,PANTO_PWY,,
ccmB,PANTO_PWY,,
ccmB,PANTO_PWY,,
fslD,PANTO_PWY,,
fslD,PANTO_PWY,,
FTT_RS04105,PANTO_PWY,,
FTT_RS04105,PANTO_PWY,,
msbA.3,PANTO_PWY,,
msbA.3,PANTO_PWY,,
ppkA.1,PANTO_PWY,,
ppkA.1,PANTO_PWY,,
KP1_RS17305,PANTO_PWY,,
KP1_RS17305,PANTO_PWY,,
relA.2,PANTO_PWY,,
relA.2,PANTO_PWY,,
bauE,PANTO_PWY,,
bauE,PANTO_PWY,,
mntB,PANTO_PWY,,
mntB,PANTO_PWY,,
gspF,PANTO_PWY,,
gspF,PANTO_PWY,,
pdxJ,PANTO_PWY,,
pdxJ,PANTO_PWY,,
ybtQ,PANTO_PWY,,
ybtQ,PANTO_PWY,,
clpC.2,PANTO_PWY,,
clpC.2,PANTO_PWY,,
flgG,PANTO_PWY,,
flgG,PANTO_PWY,,
focC,PANTO_PWY,,
focC,PANTO_PWY,,
Blautia_faecis,PANTO_PWY,,
Blautia_faecis,PANTO_PWY,,
Catenibacterium_SGB4425,PANTO_PWY,,
Catenibacterium_SGB4425,PANTO_PWY,,
Dorea_formicigenerans,PANTO_PWY,,
Dorea_formicigenerans,PANTO_PWY,,
Dorea_longicatena,PANTO_PWY,,
Dorea_longicatena,PANTO_PWY,,
Erysipelatoclostridium_ramosum,PANTO_PWY,,
Erysipelatoclostridium_ramosum,PANTO_PWY,,
Fusicatenibacter_saccharivorans,PANTO_PWY,,
Fusicatenibacter_saccharivorans,PANTO_PWY,,
Fusobacterium_nucleatum,PANTO_PWY,,
Fusobacterium_nucleatum,PANTO_PWY,,
Lachnospiraceae_bacterium_NSJ_29,PANTO_PWY,,
Lachnospiraceae_bacterium_NSJ_29,PANTO_PWY,,
Limosilactobacillus_fermentum,PANTO_PWY,,
Limosilactobacillus_fermentum,PANTO_PWY,,
Ruthenibacterium_lactatiformans,PANTO_PWY,,
Ruthenibacterium_lactatiformans,PANTO_PWY,,
clbB,PANTOSYN_PWY,,
clbB,PANTOSYN_PWY,,
lafT,PANTOSYN_PWY,,
lafT,PANTOSYN_PWY,,
gspJ,PANTOSYN_PWY,,
gspJ,PANTOSYN_PWY,,
ccmB,PANTOSYN_PWY,,
ccmB,PANTOSYN_PWY,,
fslD,PANTOSYN_PWY,,
fslD,PANTOSYN_PWY,,
FTT_RS04105,PANTOSYN_PWY,,
FTT_RS04105,PANTOSYN_PWY,,
msbA.3,PANTOSYN_PWY,,
msbA.3,PANTOSYN_PWY,,
ppkA.1,PANTOSYN_PWY,,
ppkA.1,PANTOSYN_PWY,,
KP1_RS17305,PANTOSYN_PWY,,
KP1_RS17305,PANTOSYN_PWY,,
relA.2,PANTOSYN_PWY,,
relA.2,PANTOSYN_PWY,,
bauE,PANTOSYN_PWY,,
bauE,PANTOSYN_PWY,,
mntB,PANTOSYN_PWY,,
mntB,PANTOSYN_PWY,,
gspF,PANTOSYN_PWY,,
gspF,PANTOSYN_PWY,,
pdxJ,PANTOSYN_PWY,,
pdxJ,PANTOSYN_PWY,,
ybtQ,PANTOSYN_PWY,,
ybtQ,PANTOSYN_PWY,,
clpC.2,PANTOSYN_PWY,,
clpC.2,PANTOSYN_PWY,,
flgG,PANTOSYN_PWY,,
flgG,PANTOSYN_PWY,,
focC,PANTOSYN_PWY,,
focC,PANTOSYN_PWY,,
pchH,PANTOSYN_PWY,,
pchH,PANTOSYN_PWY,,
Blautia_faecis,PANTOSYN_PWY,,
Blautia_faecis,PANTOSYN_PWY,,
Catenibacterium_SGB4425,PANTOSYN_PWY,,
Catenibacterium_SGB4425,PANTOSYN_PWY,,
Dorea_formicigenerans,PANTOSYN_PWY,,
Dorea_formicigenerans,PANTOSYN_PWY,,
Dorea_longicatena,PANTOSYN_PWY,,
Dorea_longicatena,PANTOSYN_PWY,,
Erysipelatoclostridium_ramosum,PANTOSYN_PWY,,
Erysipelatoclostridium_ramosum,PANTOSYN_PWY,,
Fusicatenibacter_saccharivorans,PANTOSYN_PWY,,
Fusicatenibacter_saccharivorans,PANTOSYN_PWY,,
Fusobacterium_nucleatum,PANTOSYN_PWY,,
Fusobacterium_nucleatum,PANTOSYN_PWY,,
Lachnospiraceae_bacterium_NSJ_29,PANTOSYN_PWY,,
Lachnospiraceae_bacterium_NSJ_29,PANTOSYN_PWY,,
Limosilactobacillus_fermentum,PANTOSYN_PWY,,
Limosilactobacillus_fermentum,PANTOSYN_PWY,,
Ruthenibacterium_lactatiformans,PANTOSYN_PWY,,
Ruthenibacterium_lactatiformans,PANTOSYN_PWY,,
clbB,PEPTIDOGLYCANSYN_PWY,,
clbB,PEPTIDOGLYCANSYN_PWY,,
lafT,PEPTIDOGLYCANSYN_PWY,,
lafT,PEPTIDOGLYCANSYN_PWY,,
gspJ,PEPTIDOGLYCANSYN_PWY,,
gspJ,PEPTIDOGLYCANSYN_PWY,,
phoR.1,PEPTIDOGLYCANSYN_PWY,,
phoR.1,PEPTIDOGLYCANSYN_PWY,,
ccmB,PEPTIDOGLYCANSYN_PWY,,
ccmB,PEPTIDOGLYCANSYN_PWY,,
fslD,PEPTIDOGLYCANSYN_PWY,,
fslD,PEPTIDOGLYCANSYN_PWY,,
FTT_RS04105,PEPTIDOGLYCANSYN_PWY,,
FTT_RS04105,PEPTIDOGLYCANSYN_PWY,,
msbA.3,PEPTIDOGLYCANSYN_PWY,,
msbA.3,PEPTIDOGLYCANSYN_PWY,,
KP1_RS17305,PEPTIDOGLYCANSYN_PWY,,
KP1_RS17305,PEPTIDOGLYCANSYN_PWY,,
relA.2,PEPTIDOGLYCANSYN_PWY,,
relA.2,PEPTIDOGLYCANSYN_PWY,,
bauE,PEPTIDOGLYCANSYN_PWY,,
bauE,PEPTIDOGLYCANSYN_PWY,,
mntB,PEPTIDOGLYCANSYN_PWY,,
mntB,PEPTIDOGLYCANSYN_PWY,,
gspF,PEPTIDOGLYCANSYN_PWY,,
gspF,PEPTIDOGLYCANSYN_PWY,,
pdxJ,PEPTIDOGLYCANSYN_PWY,,
pdxJ,PEPTIDOGLYCANSYN_PWY,,
ybtQ,PEPTIDOGLYCANSYN_PWY,,
ybtQ,PEPTIDOGLYCANSYN_PWY,,
clpC.2,PEPTIDOGLYCANSYN_PWY,,
clpC.2,PEPTIDOGLYCANSYN_PWY,,
flgG,PEPTIDOGLYCANSYN_PWY,,
flgG,PEPTIDOGLYCANSYN_PWY,,
focC,PEPTIDOGLYCANSYN_PWY,,
focC,PEPTIDOGLYCANSYN_PWY,,
pchH,PEPTIDOGLYCANSYN_PWY,,
pchH,PEPTIDOGLYCANSYN_PWY,,
Blautia_faecis,PEPTIDOGLYCANSYN_PWY,,
Blautia_faecis,PEPTIDOGLYCANSYN_PWY,,
Catenibacterium_SGB4425,PEPTIDOGLYCANSYN_PWY,,
Catenibacterium_SGB4425,PEPTIDOGLYCANSYN_PWY,,
Dorea_formicigenerans,PEPTIDOGLYCANSYN_PWY,,
Dorea_formicigenerans,PEPTIDOGLYCANSYN_PWY,,
Erysipelatoclostridium_ramosum,PEPTIDOGLYCANSYN_PWY,,
Erysipelatoclostridium_ramosum,PEPTIDOGLYCANSYN_PWY,,
Fusicatenibacter_saccharivorans,PEPTIDOGLYCANSYN_PWY,,
Fusicatenibacter_saccharivorans,PEPTIDOGLYCANSYN_PWY,,
Fusobacterium_nucleatum,PEPTIDOGLYCANSYN_PWY,,
Fusobacterium_nucleatum,PEPTIDOGLYCANSYN_PWY,,
Lachnospiraceae_bacterium_NSJ_29,PEPTIDOGLYCANSYN_PWY,,
Lachnospiraceae_bacterium_NSJ_29,PEPTIDOGLYCANSYN_PWY,,
Limosilactobacillus_fermentum,PEPTIDOGLYCANSYN_PWY,,
Limosilactobacillus_fermentum,PEPTIDOGLYCANSYN_PWY,,
Ruthenibacterium_lactatiformans,PEPTIDOGLYCANSYN_PWY,,
Ruthenibacterium_lactatiformans,PEPTIDOGLYCANSYN_PWY,,
clbB,PWY_3841,,
clbB,PWY_3841,,
lafT,PWY_3841,,
lafT,PWY_3841,,
gspJ,PWY_3841,,
gspJ,PWY_3841,,
ccmB,PWY_3841,,
ccmB,PWY_3841,,
fslD,PWY_3841,,
fslD,PWY_3841,,
FTT_RS04105,PWY_3841,,
FTT_RS04105,PWY_3841,,
msbA.3,PWY_3841,,
msbA.3,PWY_3841,,
ppkA.1,PWY_3841,,
ppkA.1,PWY_3841,,
KP1_RS17305,PWY_3841,,
KP1_RS17305,PWY_3841,,
relA.2,PWY_3841,,
relA.2,PWY_3841,,
bauE,PWY_3841,,
bauE,PWY_3841,,
mntB,PWY_3841,,
mntB,PWY_3841,,
gspF,PWY_3841,,
gspF,PWY_3841,,
pdxJ,PWY_3841,,
pdxJ,PWY_3841,,
ybtQ,PWY_3841,,
ybtQ,PWY_3841,,
clpC.2,PWY_3841,,
clpC.2,PWY_3841,,
flgG,PWY_3841,,
flgG,PWY_3841,,
focC,PWY_3841,,
focC,PWY_3841,,
pchH,PWY_3841,,
pchH,PWY_3841,,
Blautia_faecis,PWY_3841,,
Blautia_faecis,PWY_3841,,
Catenibacterium_SGB4425,PWY_3841,,
Catenibacterium_SGB4425,PWY_3841,,
Dorea_formicigenerans,PWY_3841,,
Dorea_formicigenerans,PWY_3841,,
Erysipelatoclostridium_ramosum,PWY_3841,,
Erysipelatoclostridium_ramosum,PWY_3841,,
Fusicatenibacter_saccharivorans,PWY_3841,,
Fusicatenibacter_saccharivorans,PWY_3841,,
Fusobacterium_nucleatum,PWY_3841,,
Fusobacterium_nucleatum,PWY_3841,,
Lachnospiraceae_bacterium_NSJ_29,PWY_3841,,
Lachnospiraceae_bacterium_NSJ_29,PWY_3841,,
Limosilactobacillus_fermentum,PWY_3841,,
Limosilactobacillus_fermentum,PWY_3841,,
Ruthenibacterium_lactatiformans,PWY_3841,,
Ruthenibacterium_lactatiformans,PWY_3841,,
clbB,PWY_5097,,
clbB,PWY_5097,,
lafT,PWY_5097,,
lafT,PWY_5097,,
gspJ,PWY_5097,,
gspJ,PWY_5097,,
ccmB,PWY_5097,,
ccmB,PWY_5097,,
fslD,PWY_5097,,
fslD,PWY_5097,,
FTT_RS04105,PWY_5097,,
FTT_RS04105,PWY_5097,,
msbA.3,PWY_5097,,
msbA.3,PWY_5097,,
KP1_RS17305,PWY_5097,,
KP1_RS17305,PWY_5097,,
bauE,PWY_5097,,
bauE,PWY_5097,,
mntB,PWY_5097,,
mntB,PWY_5097,,
gspF,PWY_5097,,
gspF,PWY_5097,,
pdxJ,PWY_5097,,
pdxJ,PWY_5097,,
clpC.2,PWY_5097,,
clpC.2,PWY_5097,,
flgG,PWY_5097,,
flgG,PWY_5097,,
focC,PWY_5097,,
focC,PWY_5097,,
pchH,PWY_5097,,
pchH,PWY_5097,,
Blautia_faecis,PWY_5097,,
Blautia_faecis,PWY_5097,,
Catenibacterium_SGB4425,PWY_5097,,
Catenibacterium_SGB4425,PWY_5097,,
Dorea_formicigenerans,PWY_5097,,
Dorea_formicigenerans,PWY_5097,,
Erysipelatoclostridium_ramosum,PWY_5097,,
Erysipelatoclostridium_ramosum,PWY_5097,,
Fusicatenibacter_saccharivorans,PWY_5097,,
Fusicatenibacter_saccharivorans,PWY_5097,,
Fusobacterium_nucleatum,PWY_5097,,
Fusobacterium_nucleatum,PWY_5097,,
Lachnospiraceae_bacterium_NSJ_29,PWY_5097,,
Lachnospiraceae_bacterium_NSJ_29,PWY_5097,,
Limosilactobacillus_fermentum,PWY_5097,,
Limosilactobacillus_fermentum,PWY_5097,,
clbB,PWY_5686,,
clbB,PWY_5686,,
lafT,PWY_5686,,
lafT,PWY_5686,,
gspJ,PWY_5686,,
gspJ,PWY_5686,,
ccmB,PWY_5686,,
ccmB,PWY_5686,,
fslD,PWY_5686,,
fslD,PWY_5686,,
FTT_RS04105,PWY_5686,,
FTT_RS04105,PWY_5686,,
msbA.3,PWY_5686,,
msbA.3,PWY_5686,,
ppkA.1,PWY_5686,,
ppkA.1,PWY_5686,,
KP1_RS17305,PWY_5686,,
KP1_RS17305,PWY_5686,,
relA.2,PWY_5686,,
relA.2,PWY_5686,,
bauE,PWY_5686,,
bauE,PWY_5686,,
mntB,PWY_5686,,
mntB,PWY_5686,,
gspF,PWY_5686,,
gspF,PWY_5686,,
pdxJ,PWY_5686,,
pdxJ,PWY_5686,,
ybtQ,PWY_5686,,
ybtQ,PWY_5686,,
clpC.2,PWY_5686,,
clpC.2,PWY_5686,,
flgG,PWY_5686,,
flgG,PWY_5686,,
focC,PWY_5686,,
focC,PWY_5686,,
pchH,PWY_5686,,
pchH,PWY_5686,,
Blautia_faecis,PWY_5686,,
Blautia_faecis,PWY_5686,,
Catenibacterium_SGB4425,PWY_5686,,
Catenibacterium_SGB4425,PWY_5686,,
Dorea_formicigenerans,PWY_5686,,
Dorea_formicigenerans,PWY_5686,,
Erysipelatoclostridium_ramosum,PWY_5686,,
Erysipelatoclostridium_ramosum,PWY_5686,,
Fusicatenibacter_saccharivorans,PWY_5686,,
Fusicatenibacter_saccharivorans,PWY_5686,,
Fusobacterium_nucleatum,PWY_5686,,
Fusobacterium_nucleatum,PWY_5686,,
Lachnospiraceae_bacterium_NSJ_29,PWY_5686,,
Lachnospiraceae_bacterium_NSJ_29,PWY_5686,,
Limosilactobacillus_fermentum,PWY_5686,,
Limosilactobacillus_fermentum,PWY_5686,,
Ruthenibacterium_lactatiformans,PWY_5686,,
Ruthenibacterium_lactatiformans,PWY_5686,,
clbB,PWY_6151,,
clbB,PWY_6151,,
lafT,PWY_6151,,
lafT,PWY_6151,,
gspJ,PWY_6151,,
gspJ,PWY_6151,,
ccmB,PWY_6151,,
ccmB,PWY_6151,,
fslD,PWY_6151,,
fslD,PWY_6151,,
FTT_RS04105,PWY_6151,,
FTT_RS04105,PWY_6151,,
msbA.3,PWY_6151,,
msbA.3,PWY_6151,,
ppkA.1,PWY_6151,,
ppkA.1,PWY_6151,,
KP1_RS17305,PWY_6151,,
KP1_RS17305,PWY_6151,,
relA.2,PWY_6151,,
relA.2,PWY_6151,,
bauE,PWY_6151,,
bauE,PWY_6151,,
mntB,PWY_6151,,
mntB,PWY_6151,,
gspF,PWY_6151,,
gspF,PWY_6151,,
pdxJ,PWY_6151,,
pdxJ,PWY_6151,,
ybtQ,PWY_6151,,
ybtQ,PWY_6151,,
clpC.2,PWY_6151,,
clpC.2,PWY_6151,,
flgG,PWY_6151,,
flgG,PWY_6151,,
focC,PWY_6151,,
focC,PWY_6151,,
pchH,PWY_6151,,
pchH,PWY_6151,,
Blautia_faecis,PWY_6151,,
Blautia_faecis,PWY_6151,,
Blautia_obeum,PWY_6151,,
Blautia_obeum,PWY_6151,,
Catenibacterium_SGB4425,PWY_6151,,
Catenibacterium_SGB4425,PWY_6151,,
Dorea_formicigenerans,PWY_6151,,
Dorea_formicigenerans,PWY_6151,,
Erysipelatoclostridium_ramosum,PWY_6151,,
Erysipelatoclostridium_ramosum,PWY_6151,,
Fusicatenibacter_saccharivorans,PWY_6151,,
Fusicatenibacter_saccharivorans,PWY_6151,,
Fusobacterium_nucleatum,PWY_6151,,
Fusobacterium_nucleatum,PWY_6151,,
Lachnospiraceae_bacterium_NSJ_29,PWY_6151,,
Lachnospiraceae_bacterium_NSJ_29,PWY_6151,,
Limosilactobacillus_fermentum,PWY_6151,,
Limosilactobacillus_fermentum,PWY_6151,,
clbB,PWY_6163,,
clbB,PWY_6163,,
lafT,PWY_6163,,
lafT,PWY_6163,,
gspJ,PWY_6163,,
gspJ,PWY_6163,,
phoR.1,PWY_6163,,
phoR.1,PWY_6163,,
ccmB,PWY_6163,,
ccmB,PWY_6163,,
fslD,PWY_6163,,
fslD,PWY_6163,,
FTT_RS04105,PWY_6163,,
FTT_RS04105,PWY_6163,,
msbA.3,PWY_6163,,
msbA.3,PWY_6163,,
ppkA.1,PWY_6163,,
ppkA.1,PWY_6163,,
KP1_RS17305,PWY_6163,,
KP1_RS17305,PWY_6163,,
relA.2,PWY_6163,,
relA.2,PWY_6163,,
bauE,PWY_6163,,
bauE,PWY_6163,,
mntB,PWY_6163,,
mntB,PWY_6163,,
gspF,PWY_6163,,
gspF,PWY_6163,,
pdxJ,PWY_6163,,
pdxJ,PWY_6163,,
ybtQ,PWY_6163,,
ybtQ,PWY_6163,,
clpC.2,PWY_6163,,
clpC.2,PWY_6163,,
flgG,PWY_6163,,
flgG,PWY_6163,,
focC,PWY_6163,,
focC,PWY_6163,,
pchH,PWY_6163,,
pchH,PWY_6163,,
Blautia_faecis,PWY_6163,,
Blautia_faecis,PWY_6163,,
Catenibacterium_SGB4425,PWY_6163,,
Catenibacterium_SGB4425,PWY_6163,,
Dorea_formicigenerans,PWY_6163,,
Dorea_formicigenerans,PWY_6163,,
Erysipelatoclostridium_ramosum,PWY_6163,,
Erysipelatoclostridium_ramosum,PWY_6163,,
Fusicatenibacter_saccharivorans,PWY_6163,,
Fusicatenibacter_saccharivorans,PWY_6163,,
Fusobacterium_nucleatum,PWY_6163,,
Fusobacterium_nucleatum,PWY_6163,,
Lachnospiraceae_bacterium_NSJ_29,PWY_6163,,
Lachnospiraceae_bacterium_NSJ_29,PWY_6163,,
Limosilactobacillus_fermentum,PWY_6163,,
Limosilactobacillus_fermentum,PWY_6163,,
Ruthenibacterium_lactatiformans,PWY_6163,,
Ruthenibacterium_lactatiformans,PWY_6163,,
clbB,PWY_6385,,
clbB,PWY_6385,,
lafT,PWY_6385,,
lafT,PWY_6385,,
gspJ,PWY_6385,,
gspJ,PWY_6385,,
phoR.1,PWY_6385,,
phoR.1,PWY_6385,,
ccmB,PWY_6385,,
ccmB,PWY_6385,,
fslD,PWY_6385,,
fslD,PWY_6385,,
FTT_RS04105,PWY_6385,,
FTT_RS04105,PWY_6385,,
msbA.3,PWY_6385,,
msbA.3,PWY_6385,,
ppkA.1,PWY_6385,,
ppkA.1,PWY_6385,,
KP1_RS17305,PWY_6385,,
KP1_RS17305,PWY_6385,,
bauE,PWY_6385,,
bauE,PWY_6385,,
mntB,PWY_6385,,
mntB,PWY_6385,,
gspF,PWY_6385,,
gspF,PWY_6385,,
pdxJ,PWY_6385,,
pdxJ,PWY_6385,,
ybtQ,PWY_6385,,
ybtQ,PWY_6385,,
clpC.2,PWY_6385,,
clpC.2,PWY_6385,,
flgG,PWY_6385,,
flgG,PWY_6385,,
focC,PWY_6385,,
focC,PWY_6385,,
pchH,PWY_6385,,
pchH,PWY_6385,,
Blautia_faecis,PWY_6385,,
Blautia_faecis,PWY_6385,,
Blautia_obeum,PWY_6385,,
Blautia_obeum,PWY_6385,,
Catenibacterium_SGB4425,PWY_6385,,
Catenibacterium_SGB4425,PWY_6385,,
Dorea_formicigenerans,PWY_6385,,
Dorea_formicigenerans,PWY_6385,,
Erysipelatoclostridium_ramosum,PWY_6385,,
Erysipelatoclostridium_ramosum,PWY_6385,,
Fusicatenibacter_saccharivorans,PWY_6385,,
Fusicatenibacter_saccharivorans,PWY_6385,,
Fusobacterium_nucleatum,PWY_6385,,
Fusobacterium_nucleatum,PWY_6385,,
Lachnospiraceae_bacterium_NSJ_29,PWY_6385,,
Lachnospiraceae_bacterium_NSJ_29,PWY_6385,,
Limosilactobacillus_fermentum,PWY_6385,,
Limosilactobacillus_fermentum,PWY_6385,,
clbB,PWY_6386,,
clbB,PWY_6386,,
lafT,PWY_6386,,
lafT,PWY_6386,,
gspJ,PWY_6386,,
gspJ,PWY_6386,,
ccmB,PWY_6386,,
ccmB,PWY_6386,,
fslD,PWY_6386,,
fslD,PWY_6386,,
FTT_RS04105,PWY_6386,,
FTT_RS04105,PWY_6386,,
msbA.3,PWY_6386,,
msbA.3,PWY_6386,,
KP1_RS17305,PWY_6386,,
KP1_RS17305,PWY_6386,,
relA.2,PWY_6386,,
relA.2,PWY_6386,,
bauE,PWY_6386,,
bauE,PWY_6386,,
mntB,PWY_6386,,
mntB,PWY_6386,,
gspF,PWY_6386,,
gspF,PWY_6386,,
pdxJ,PWY_6386,,
pdxJ,PWY_6386,,
ybtQ,PWY_6386,,
ybtQ,PWY_6386,,
clpC.2,PWY_6386,,
clpC.2,PWY_6386,,
flgG,PWY_6386,,
flgG,PWY_6386,,
focC,PWY_6386,,
focC,PWY_6386,,
pchH,PWY_6386,,
pchH,PWY_6386,,
Blautia_faecis,PWY_6386,,
Blautia_faecis,PWY_6386,,
Catenibacterium_SGB4425,PWY_6386,,
Catenibacterium_SGB4425,PWY_6386,,
Dorea_formicigenerans,PWY_6386,,
Dorea_formicigenerans,PWY_6386,,
Erysipelatoclostridium_ramosum,PWY_6386,,
Erysipelatoclostridium_ramosum,PWY_6386,,
Fusicatenibacter_saccharivorans,PWY_6386,,
Fusicatenibacter_saccharivorans,PWY_6386,,
Fusobacterium_nucleatum,PWY_6386,,
Fusobacterium_nucleatum,PWY_6386,,
Lachnospiraceae_bacterium_NSJ_29,PWY_6386,,
Lachnospiraceae_bacterium_NSJ_29,PWY_6386,,
Limosilactobacillus_fermentum,PWY_6386,,
Limosilactobacillus_fermentum,PWY_6386,,
Ruthenibacterium_lactatiformans,PWY_6386,,
Ruthenibacterium_lactatiformans,PWY_6386,,
clbB,PWY_6387,,
clbB,PWY_6387,,
lafT,PWY_6387,,
lafT,PWY_6387,,
gspJ,PWY_6387,,
gspJ,PWY_6387,,
ccmB,PWY_6387,,
ccmB,PWY_6387,,
fslD,PWY_6387,,
fslD,PWY_6387,,
FTT_RS04105,PWY_6387,,
FTT_RS04105,PWY_6387,,
msbA.3,PWY_6387,,
msbA.3,PWY_6387,,
KP1_RS17305,PWY_6387,,
KP1_RS17305,PWY_6387,,
relA.2,PWY_6387,,
relA.2,PWY_6387,,
bauE,PWY_6387,,
bauE,PWY_6387,,
mntB,PWY_6387,,
mntB,PWY_6387,,
gspF,PWY_6387,,
gspF,PWY_6387,,
pdxJ,PWY_6387,,
pdxJ,PWY_6387,,
ybtQ,PWY_6387,,
ybtQ,PWY_6387,,
clpC.2,PWY_6387,,
clpC.2,PWY_6387,,
flgG,PWY_6387,,
flgG,PWY_6387,,
focC,PWY_6387,,
focC,PWY_6387,,
pchH,PWY_6387,,
pchH,PWY_6387,,
Blautia_faecis,PWY_6387,,
Blautia_faecis,PWY_6387,,
Catenibacterium_SGB4425,PWY_6387,,
Catenibacterium_SGB4425,PWY_6387,,
Dorea_formicigenerans,PWY_6387,,
Dorea_formicigenerans,PWY_6387,,
Erysipelatoclostridium_ramosum,PWY_6387,,
Erysipelatoclostridium_ramosum,PWY_6387,,
Fusicatenibacter_saccharivorans,PWY_6387,,
Fusicatenibacter_saccharivorans,PWY_6387,,
Fusobacterium_nucleatum,PWY_6387,,
Fusobacterium_nucleatum,PWY_6387,,
Lachnospiraceae_bacterium_NSJ_29,PWY_6387,,
Lachnospiraceae_bacterium_NSJ_29,PWY_6387,,
Limosilactobacillus_fermentum,PWY_6387,,
Limosilactobacillus_fermentum,PWY_6387,,
gspJ,PWY_6470,,
gspJ,PWY_6470,,
ccmB,PWY_6470,,
ccmB,PWY_6470,,
fslD,PWY_6470,,
fslD,PWY_6470,,
FTT_RS04105,PWY_6470,,
FTT_RS04105,PWY_6470,,
msbA.3,PWY_6470,,
msbA.3,PWY_6470,,
ppkA.1,PWY_6470,,
ppkA.1,PWY_6470,,
KP1_RS17305,PWY_6470,,
KP1_RS17305,PWY_6470,,
relA.2,PWY_6470,,
relA.2,PWY_6470,,
mntB,PWY_6470,,
mntB,PWY_6470,,
ybtQ,PWY_6470,,
ybtQ,PWY_6470,,
clpC.2,PWY_6470,,
clpC.2,PWY_6470,,
flgG,PWY_6470,,
flgG,PWY_6470,,
Blautia_faecis,PWY_6470,,
Blautia_faecis,PWY_6470,,
Blautia_obeum,PWY_6470,,
Blautia_obeum,PWY_6470,,
Catenibacterium_SGB4425,PWY_6470,,
Catenibacterium_SGB4425,PWY_6470,,
Dorea_formicigenerans,PWY_6470,,
Dorea_formicigenerans,PWY_6470,,
Dorea_longicatena,PWY_6470,,
Dorea_longicatena,PWY_6470,,
Erysipelatoclostridium_ramosum,PWY_6470,,
Erysipelatoclostridium_ramosum,PWY_6470,,
Fusicatenibacter_saccharivorans,PWY_6470,,
Fusicatenibacter_saccharivorans,PWY_6470,,
Fusobacterium_nucleatum,PWY_6470,,
Fusobacterium_nucleatum,PWY_6470,,
Lachnospiraceae_bacterium,PWY_6470,,
Lachnospiraceae_bacterium,PWY_6470,,
Lachnospiraceae_bacterium_NSJ_29,PWY_6470,,
Lachnospiraceae_bacterium_NSJ_29,PWY_6470,,
Limosilactobacillus_fermentum,PWY_6470,,
Limosilactobacillus_fermentum,PWY_6470,,
clbB,PWY_6700,,
clbB,PWY_6700,,
lafT,PWY_6700,,
lafT,PWY_6700,,
gspJ,PWY_6700,,
gspJ,PWY_6700,,
ccmB,PWY_6700,,
ccmB,PWY_6700,,
fslD,PWY_6700,,
fslD,PWY_6700,,
FTT_RS04105,PWY_6700,,
FTT_RS04105,PWY_6700,,
msbA.3,PWY_6700,,
msbA.3,PWY_6700,,
ppkA.1,PWY_6700,,
ppkA.1,PWY_6700,,
KP1_RS17305,PWY_6700,,
KP1_RS17305,PWY_6700,,
relA.2,PWY_6700,,
relA.2,PWY_6700,,
bauE,PWY_6700,,
bauE,PWY_6700,,
mntB,PWY_6700,,
mntB,PWY_6700,,
gspF,PWY_6700,,
gspF,PWY_6700,,
pdxJ,PWY_6700,,
pdxJ,PWY_6700,,
ybtQ,PWY_6700,,
ybtQ,PWY_6700,,
clpC.2,PWY_6700,,
clpC.2,PWY_6700,,
flgG,PWY_6700,,
flgG,PWY_6700,,
focC,PWY_6700,,
focC,PWY_6700,,
pchH,PWY_6700,,
pchH,PWY_6700,,
Blautia_faecis,PWY_6700,,
Blautia_faecis,PWY_6700,,
Catenibacterium_SGB4425,PWY_6700,,
Catenibacterium_SGB4425,PWY_6700,,
Dorea_formicigenerans,PWY_6700,,
Dorea_formicigenerans,PWY_6700,,
Erysipelatoclostridium_ramosum,PWY_6700,,
Erysipelatoclostridium_ramosum,PWY_6700,,
Fusicatenibacter_saccharivorans,PWY_6700,,
Fusicatenibacter_saccharivorans,PWY_6700,,
Fusobacterium_nucleatum,PWY_6700,,
Fusobacterium_nucleatum,PWY_6700,,
Lachnospiraceae_bacterium_NSJ_29,PWY_6700,,
Lachnospiraceae_bacterium_NSJ_29,PWY_6700,,
Limosilactobacillus_fermentum,PWY_6700,,
Limosilactobacillus_fermentum,PWY_6700,,
Ruthenibacterium_lactatiformans,PWY_6700,,
Ruthenibacterium_lactatiformans,PWY_6700,,
clbB,PWY_7238,,
clbB,PWY_7238,,
lafT,PWY_7238,,
lafT,PWY_7238,,
gspJ,PWY_7238,,
gspJ,PWY_7238,,
phoR.1,PWY_7238,,
phoR.1,PWY_7238,,
ccmB,PWY_7238,,
ccmB,PWY_7238,,
fslD,PWY_7238,,
fslD,PWY_7238,,
FTT_RS04105,PWY_7238,,
FTT_RS04105,PWY_7238,,
msbA.3,PWY_7238,,
msbA.3,PWY_7238,,
ppkA.1,PWY_7238,,
ppkA.1,PWY_7238,,
KP1_RS17305,PWY_7238,,
KP1_RS17305,PWY_7238,,
relA.2,PWY_7238,,
relA.2,PWY_7238,,
bauE,PWY_7238,,
bauE,PWY_7238,,
mntB,PWY_7238,,
mntB,PWY_7238,,
gspF,PWY_7238,,
gspF,PWY_7238,,
pdxJ,PWY_7238,,
pdxJ,PWY_7238,,
ybtQ,PWY_7238,,
ybtQ,PWY_7238,,
clpC.2,PWY_7238,,
clpC.2,PWY_7238,,
flgG,PWY_7238,,
flgG,PWY_7238,,
focC,PWY_7238,,
focC,PWY_7238,,
pchH,PWY_7238,,
pchH,PWY_7238,,
Blautia_faecis,PWY_7238,,
Blautia_faecis,PWY_7238,,
Blautia_obeum,PWY_7238,,
Blautia_obeum,PWY_7238,,
Catenibacterium_SGB4425,PWY_7238,,
Catenibacterium_SGB4425,PWY_7238,,
Dorea_formicigenerans,PWY_7238,,
Dorea_formicigenerans,PWY_7238,,
Erysipelatoclostridium_ramosum,PWY_7238,,
Erysipelatoclostridium_ramosum,PWY_7238,,
Fusicatenibacter_saccharivorans,PWY_7238,,
Fusicatenibacter_saccharivorans,PWY_7238,,
Fusobacterium_nucleatum,PWY_7238,,
Fusobacterium_nucleatum,PWY_7238,,
Lachnospiraceae_bacterium_NSJ_29,PWY_7238,,
Lachnospiraceae_bacterium_NSJ_29,PWY_7238,,
Limosilactobacillus_fermentum,PWY_7238,,
Limosilactobacillus_fermentum,PWY_7238,,
clbB,PWY_7790,,
clbB,PWY_7790,,
lafT,PWY_7790,,
lafT,PWY_7790,,
gspJ,PWY_7790,,
gspJ,PWY_7790,,
ccmB,PWY_7790,,
ccmB,PWY_7790,,
fslD,PWY_7790,,
fslD,PWY_7790,,
FTT_RS04105,PWY_7790,,
FTT_RS04105,PWY_7790,,
msbA.3,PWY_7790,,
msbA.3,PWY_7790,,
ppkA.1,PWY_7790,,
ppkA.1,PWY_7790,,
KP1_RS17305,PWY_7790,,
KP1_RS17305,PWY_7790,,
relA.2,PWY_7790,,
relA.2,PWY_7790,,
bauE,PWY_7790,,
bauE,PWY_7790,,
mntB,PWY_7790,,
mntB,PWY_7790,,
gspF,PWY_7790,,
gspF,PWY_7790,,
pdxJ,PWY_7790,,
pdxJ,PWY_7790,,
ybtQ,PWY_7790,,
ybtQ,PWY_7790,,
clpC.2,PWY_7790,,
clpC.2,PWY_7790,,
flgG,PWY_7790,,
flgG,PWY_7790,,
focC,PWY_7790,,
focC,PWY_7790,,
pchH,PWY_7790,,
pchH,PWY_7790,,
Blautia_faecis,PWY_7790,,
Blautia_faecis,PWY_7790,,
Catenibacterium_SGB4425,PWY_7790,,
Catenibacterium_SGB4425,PWY_7790,,
Dorea_formicigenerans,PWY_7790,,
Dorea_formicigenerans,PWY_7790,,
Erysipelatoclostridium_ramosum,PWY_7790,,
Erysipelatoclostridium_ramosum,PWY_7790,,
Fusicatenibacter_saccharivorans,PWY_7790,,
Fusicatenibacter_saccharivorans,PWY_7790,,
Fusobacterium_nucleatum,PWY_7790,,
Fusobacterium_nucleatum,PWY_7790,,
Lachnospiraceae_bacterium_NSJ_29,PWY_7790,,
Lachnospiraceae_bacterium_NSJ_29,PWY_7790,,
Limosilactobacillus_fermentum,PWY_7790,,
Limosilactobacillus_fermentum,PWY_7790,,
Ruthenibacterium_lactatiformans,PWY_7790,,
Ruthenibacterium_lactatiformans,PWY_7790,,
clbB,PWY_7791,,
clbB,PWY_7791,,
lafT,PWY_7791,,
lafT,PWY_7791,,
gspJ,PWY_7791,,
gspJ,PWY_7791,,
ccmB,PWY_7791,,
ccmB,PWY_7791,,
fslD,PWY_7791,,
fslD,PWY_7791,,
FTT_RS04105,PWY_7791,,
FTT_RS04105,PWY_7791,,
msbA.3,PWY_7791,,
msbA.3,PWY_7791,,
ppkA.1,PWY_7791,,
ppkA.1,PWY_7791,,
KP1_RS17305,PWY_7791,,
KP1_RS17305,PWY_7791,,
relA.2,PWY_7791,,
relA.2,PWY_7791,,
bauE,PWY_7791,,
bauE,PWY_7791,,
mntB,PWY_7791,,
mntB,PWY_7791,,
gspF,PWY_7791,,
gspF,PWY_7791,,
pdxJ,PWY_7791,,
pdxJ,PWY_7791,,
ybtQ,PWY_7791,,
ybtQ,PWY_7791,,
clpC.2,PWY_7791,,
clpC.2,PWY_7791,,
flgG,PWY_7791,,
flgG,PWY_7791,,
focC,PWY_7791,,
focC,PWY_7791,,
pchH,PWY_7791,,
pchH,PWY_7791,,
Blautia_faecis,PWY_7791,,
Blautia_faecis,PWY_7791,,
Catenibacterium_SGB4425,PWY_7791,,
Catenibacterium_SGB4425,PWY_7791,,
Dorea_formicigenerans,PWY_7791,,
Dorea_formicigenerans,PWY_7791,,
Erysipelatoclostridium_ramosum,PWY_7791,,
Erysipelatoclostridium_ramosum,PWY_7791,,
Fusicatenibacter_saccharivorans,PWY_7791,,
Fusicatenibacter_saccharivorans,PWY_7791,,
Fusobacterium_nucleatum,PWY_7791,,
Fusobacterium_nucleatum,PWY_7791,,
Lachnospiraceae_bacterium_NSJ_29,PWY_7791,,
Lachnospiraceae_bacterium_NSJ_29,PWY_7791,,
Limosilactobacillus_fermentum,PWY_7791,,
Limosilactobacillus_fermentum,PWY_7791,,
Ruthenibacterium_lactatiformans,PWY_7791,,
Ruthenibacterium_lactatiformans,PWY_7791,,
clbB,PWY_7851,,
clbB,PWY_7851,,
lafT,PWY_7851,,
lafT,PWY_7851,,
gspJ,PWY_7851,,
gspJ,PWY_7851,,
ccmB,PWY_7851,,
ccmB,PWY_7851,,
fslD,PWY_7851,,
fslD,PWY_7851,,
FTT_RS04105,PWY_7851,,
FTT_RS04105,PWY_7851,,
msbA.3,PWY_7851,,
msbA.3,PWY_7851,,
ppkA.1,PWY_7851,,
ppkA.1,PWY_7851,,
KP1_RS17305,PWY_7851,,
KP1_RS17305,PWY_7851,,
relA.2,PWY_7851,,
relA.2,PWY_7851,,
bauE,PWY_7851,,
bauE,PWY_7851,,
mntB,PWY_7851,,
mntB,PWY_7851,,
gspF,PWY_7851,,
gspF,PWY_7851,,
pdxJ,PWY_7851,,
pdxJ,PWY_7851,,
ybtQ,PWY_7851,,
ybtQ,PWY_7851,,
clpC.2,PWY_7851,,
clpC.2,PWY_7851,,
flgG,PWY_7851,,
flgG,PWY_7851,,
focC,PWY_7851,,
focC,PWY_7851,,
pchH,PWY_7851,,
pchH,PWY_7851,,
Blautia_faecis,PWY_7851,,
Blautia_faecis,PWY_7851,,
Catenibacterium_SGB4425,PWY_7851,,
Catenibacterium_SGB4425,PWY_7851,,
Dorea_formicigenerans,PWY_7851,,
Dorea_formicigenerans,PWY_7851,,
Erysipelatoclostridium_ramosum,PWY_7851,,
Erysipelatoclostridium_ramosum,PWY_7851,,
Fusicatenibacter_saccharivorans,PWY_7851,,
Fusicatenibacter_saccharivorans,PWY_7851,,
Fusobacterium_nucleatum,PWY_7851,,
Fusobacterium_nucleatum,PWY_7851,,
Lachnospiraceae_bacterium_NSJ_29,PWY_7851,,
Lachnospiraceae_bacterium_NSJ_29,PWY_7851,,
Limosilactobacillus_fermentum,PWY_7851,,
Limosilactobacillus_fermentum,PWY_7851,,
Ruthenibacterium_lactatiformans,PWY_7851,,
Ruthenibacterium_lactatiformans,PWY_7851,,
lafT,THISYNARA_PWY,,
lafT,THISYNARA_PWY,,
gspJ,THISYNARA_PWY,,
gspJ,THISYNARA_PWY,,
ccmB,THISYNARA_PWY,,
ccmB,THISYNARA_PWY,,
fslD,THISYNARA_PWY,,
fslD,THISYNARA_PWY,,
FTT_RS04105,THISYNARA_PWY,,
FTT_RS04105,THISYNARA_PWY,,
msbA.3,THISYNARA_PWY,,
msbA.3,THISYNARA_PWY,,
ppkA.1,THISYNARA_PWY,,
ppkA.1,THISYNARA_PWY,,
KP1_RS17305,THISYNARA_PWY,,
KP1_RS17305,THISYNARA_PWY,,
relA.2,THISYNARA_PWY,,
relA.2,THISYNARA_PWY,,
bauE,THISYNARA_PWY,,
bauE,THISYNARA_PWY,,
mntB,THISYNARA_PWY,,
mntB,THISYNARA_PWY,,
gspF,THISYNARA_PWY,,
gspF,THISYNARA_PWY,,
pdxJ,THISYNARA_PWY,,
pdxJ,THISYNARA_PWY,,
ybtQ,THISYNARA_PWY,,
ybtQ,THISYNARA_PWY,,
clpC.2,THISYNARA_PWY,,
clpC.2,THISYNARA_PWY,,
flgG,THISYNARA_PWY,,
flgG,THISYNARA_PWY,,
focC,THISYNARA_PWY,,
focC,THISYNARA_PWY,,
pchH,THISYNARA_PWY,,
pchH,THISYNARA_PWY,,
Blautia_faecis,THISYNARA_PWY,,
Blautia_faecis,THISYNARA_PWY,,
Catenibacterium_SGB4425,THISYNARA_PWY,,
Catenibacterium_SGB4425,THISYNARA_PWY,,
Dorea_formicigenerans,THISYNARA_PWY,,
Dorea_formicigenerans,THISYNARA_PWY,,
Erysipelatoclostridium_ramosum,THISYNARA_PWY,,
Erysipelatoclostridium_ramosum,THISYNARA_PWY,,
Fusicatenibacter_saccharivorans,THISYNARA_PWY,,
Fusicatenibacter_saccharivorans,THISYNARA_PWY,,
Fusobacterium_nucleatum,THISYNARA_PWY,,
Fusobacterium_nucleatum,THISYNARA_PWY,,
Lachnospiraceae_bacterium_NSJ_29,THISYNARA_PWY,,
Lachnospiraceae_bacterium_NSJ_29,THISYNARA_PWY,,
Limosilactobacillus_fermentum,THISYNARA_PWY,,
Limosilactobacillus_fermentum,THISYNARA_PWY,,
Ruthenibacterium_lactatiformans,THISYNARA_PWY,,
Ruthenibacterium_lactatiformans,THISYNARA_PWY,,