"id","type"
"lafT","Gene"
"gspJ","Gene"
"misL","Gene"
"letA","Gene"
"gndA","Gene"
"fimH","Gene"
"ACICU_RS00395","Gene"
"msbA.3","Gene"
"rpoS.1","Gene"
"KP1_RS17305","Gene"
"relA.2","Gene"
"wcbR","Gene"
"ybtQ","Gene"
"clpC.2","Gene"
"focC","Gene"
"Catenibacterium_SGB4425","Species"
"Enterococcus_faecium","Species"
"Fusobacterium_nucleatum","Species"
"Limosilactobacillus_fermentum","Species"
"ASPASN_PWY","Pathway"
"FASYN_ELONG_PWY","Pathway"
"GLYCOLYSIS_E_D","Pathway"
"HOMOSER_METSYN_PWY","Pathway"
"P161_PWY","Pathway"
"P461_PWY","Pathway"
"PENTOSE_P_PWY","Pathway"
"POLYISOPRENSYN_PWY","Pathway"
"PWY_5838","Pathway"
"PWY_5840","Pathway"
"PWY_5861","Pathway"
"PWY_5897","Pathway"
"PWY_5898","Pathway"
"PWY_5899","Pathway"
"PWY_5918","Pathway"
"PWY_5989","Pathway"
"PWY_6147","Pathway"
"PWY_6282","Pathway"
"PWY_6961","Pathway"
"PWY_7663","Pathway"
"PWY_7664","Pathway"
"PWY0_1297","Pathway"
"PWY0_1298","Pathway"
"PWY0_1477","Pathway"
"PWY0_301","Pathway"
"PWY0_862","Pathway"
"PWY4FS_7","Pathway"
"PWY4FS_8","Pathway"
"PWY66_409","Pathway"
"ANAGLYCOLYSIS_PWY","Pathway"
"ARGSYNBSUB_PWY","Pathway"
"ARO_PWY","Pathway"
"COA_PWY","Pathway"
"COA_PWY_1","Pathway"
"COMPLETE_ARO_PWY","Pathway"
"DTDPRHAMSYN_PWY","Pathway"
"GLYCOGENSYNTH_PWY","Pathway"
"HISTSYN_PWY","Pathway"
"NONMEVIPP_PWY","Pathway"
"PANTO_PWY","Pathway"
"PANTOSYN_PWY","Pathway"
"PEPTIDOGLYCANSYN_PWY","Pathway"
"PWY_3841","Pathway"
"PWY_5097","Pathway"
"PWY_5686","Pathway"
"PWY_6151","Pathway"
"PWY_6163","Pathway"
"PWY_6385","Pathway"
"PWY_6386","Pathway"
"PWY_6387","Pathway"
"PWY_6700","Pathway"
"PWY_7238","Pathway"
"PWY_7790","Pathway"
"PWY_7791","Pathway"
"PWY_7851","Pathway"
"THISYNARA_PWY","Pathway"
