from,to,,
eccA1.1,Agathobaculum_butyriciproducens,,
eccA1.1,Agathobaculum_butyriciproducens,,
msbA.2,Agathobaculum_butyriciproducens,,
msbA.2,Agathobaculum_butyriciproducens,,
phoR.2,Agathobaculum_butyriciproducens,,
phoR.2,Agathobaculum_butyriciproducens,,
recN,Agathobaculum_butyriciproducens,,
recN,Agathobaculum_butyriciproducens,,
cpsG,Agathobaculum_butyriciproducens,,
cpsG,Agathobaculum_butyriciproducens,,
msbA.4,Agathobaculum_butyriciproducens,,
msbA.4,Agathobaculum_butyriciproducens,,
msbA.6,Agathobaculum_butyriciproducens,,
msbA.6,Agathobaculum_butyriciproducens,,
fbpC,Agathobaculum_butyriciproducens,,
fbpC,Agathobaculum_butyriciproducens,,
pdxJ,Agathobaculum_butyriciproducens,,
pdxJ,Agathobaculum_butyriciproducens,,
eccA1.1,Blautia_faecis,,
eccA1.1,Blautia_faecis,,
recN,Blautia_faecis,,
recN,Blautia_faecis,,
msbA.4,Blautia_faecis,,
msbA.4,Blautia_faecis,,
KP1_RS17305,Blautia_faecis,,
KP1_RS17305,Blautia_faecis,,
msbA.6,Blautia_faecis,,
msbA.6,Blautia_faecis,,
fbpC,Blautia_faecis,,
fbpC,Blautia_faecis,,
eccA1.1,Faecalicatena_fissicatena,,
eccA1.1,Faecalicatena_fissicatena,,
msbA.2,Faecalicatena_fissicatena,,
msbA.2,Faecalicatena_fissicatena,,
phoR.2,Faecalicatena_fissicatena,,
phoR.2,Faecalicatena_fissicatena,,
pmrB.2,Faecalicatena_fissicatena,,
pmrB.2,Faecalicatena_fissicatena,,
hisH,Faecalicatena_fissicatena,,
hisH,Faecalicatena_fissicatena,,
recN,Faecalicatena_fissicatena,,
recN,Faecalicatena_fissicatena,,
LPG_RS03830,Faecalicatena_fissicatena,,
LPG_RS03830,Faecalicatena_fissicatena,,
cpsG,Faecalicatena_fissicatena,,
cpsG,Faecalicatena_fissicatena,,
msbA.4,Faecalicatena_fissicatena,,
msbA.4,Faecalicatena_fissicatena,,
KP1_RS17305,Faecalicatena_fissicatena,,
KP1_RS17305,Faecalicatena_fissicatena,,
msbA.5,Faecalicatena_fissicatena,,
msbA.5,Faecalicatena_fissicatena,,
msbA.6,Faecalicatena_fissicatena,,
msbA.6,Faecalicatena_fissicatena,,
fbpC,Faecalicatena_fissicatena,,
fbpC,Faecalicatena_fissicatena,,
pdxJ,Faecalicatena_fissicatena,,
pdxJ,Faecalicatena_fissicatena,,
eccA1.1,Fusobacterium_nucleatum,,
eccA1.1,Fusobacterium_nucleatum,,
msbA.2,Fusobacterium_nucleatum,,
msbA.2,Fusobacterium_nucleatum,,
phoR.2,Fusobacterium_nucleatum,,
phoR.2,Fusobacterium_nucleatum,,
recN,Fusobacterium_nucleatum,,
recN,Fusobacterium_nucleatum,,
cpsG,Fusobacterium_nucleatum,,
cpsG,Fusobacterium_nucleatum,,
msbA.4,Fusobacterium_nucleatum,,
msbA.4,Fusobacterium_nucleatum,,
KP1_RS17305,Fusobacterium_nucleatum,,
KP1_RS17305,Fusobacterium_nucleatum,,
msbA.5,Fusobacterium_nucleatum,,
msbA.5,Fusobacterium_nucleatum,,
msbA.6,Fusobacterium_nucleatum,,
msbA.6,Fusobacterium_nucleatum,,
fbpC,Fusobacterium_nucleatum,,
fbpC,Fusobacterium_nucleatum,,
pdxJ,Fusobacterium_nucleatum,,
pdxJ,Fusobacterium_nucleatum,,
KP1_RS17305,Limosilactobacillus_fermentum,,
KP1_RS17305,Limosilactobacillus_fermentum,,
eccA1.1,ASPASN_PWY,,
eccA1.1,ASPASN_PWY,,
msbA.2,ASPASN_PWY,,
msbA.2,ASPASN_PWY,,
phoR.2,ASPASN_PWY,,
phoR.2,ASPASN_PWY,,
recN,ASPASN_PWY,,
recN,ASPASN_PWY,,
cpsG,ASPASN_PWY,,
cpsG,ASPASN_PWY,,
msbA.4,ASPASN_PWY,,
msbA.4,ASPASN_PWY,,
KP1_RS17305,ASPASN_PWY,,
KP1_RS17305,ASPASN_PWY,,
msbA.5,ASPASN_PWY,,
msbA.5,ASPASN_PWY,,
msbA.6,ASPASN_PWY,,
msbA.6,ASPASN_PWY,,
fbpC,ASPASN_PWY,,
fbpC,ASPASN_PWY,,
pdxJ,ASPASN_PWY,,
pdxJ,ASPASN_PWY,,
Agathobaculum_butyriciproducens,ASPASN_PWY,,
Agathobaculum_butyriciproducens,ASPASN_PWY,,
Blautia_faecis,ASPASN_PWY,,
Blautia_faecis,ASPASN_PWY,,
Clostridium_sp_NSJ_42,ASPASN_PWY,,
Clostridium_sp_NSJ_42,ASPASN_PWY,,
Faecalicatena_fissicatena,ASPASN_PWY,,
Faecalicatena_fissicatena,ASPASN_PWY,,
Fusobacterium_nucleatum,ASPASN_PWY,,
Fusobacterium_nucleatum,ASPASN_PWY,,
Lachnospiraceae_bacterium_NSJ_46,ASPASN_PWY,,
Lachnospiraceae_bacterium_NSJ_46,ASPASN_PWY,,
Limosilactobacillus_fermentum,ASPASN_PWY,,
Limosilactobacillus_fermentum,ASPASN_PWY,,
KP1_RS17305,GLYCOLYSIS_E_D,,
KP1_RS17305,GLYCOLYSIS_E_D,,
Agathobaculum_butyriciproducens,GLYCOLYSIS_E_D,,
Agathobaculum_butyriciproducens,GLYCOLYSIS_E_D,,
Fusobacterium_nucleatum,GLYCOLYSIS_E_D,,
Fusobacterium_nucleatum,GLYCOLYSIS_E_D,,
Limosilactobacillus_fermentum,GLYCOLYSIS_E_D,,
Limosilactobacillus_fermentum,GLYCOLYSIS_E_D,,
fimH,P161_PWY,,
fimH,P161_PWY,,
KP1_RS17305,P161_PWY,,
KP1_RS17305,P161_PWY,,
Blautia_faecis,P161_PWY,,
Blautia_faecis,P161_PWY,,
Limosilactobacillus_fermentum,P161_PWY,,
Limosilactobacillus_fermentum,P161_PWY,,
eccA1.1,P461_PWY,,
eccA1.1,P461_PWY,,
recN,P461_PWY,,
recN,P461_PWY,,
fimH,P461_PWY,,
fimH,P461_PWY,,
KP1_RS17305,P461_PWY,,
KP1_RS17305,P461_PWY,,
msbA.5,P461_PWY,,
msbA.5,P461_PWY,,
msbA.6,P461_PWY,,
msbA.6,P461_PWY,,
fbpC,P461_PWY,,
fbpC,P461_PWY,,
pdxJ,P461_PWY,,
pdxJ,P461_PWY,,
Agathobaculum_butyriciproducens,P461_PWY,,
Agathobaculum_butyriciproducens,P461_PWY,,
Blautia_faecis,P461_PWY,,
Blautia_faecis,P461_PWY,,
Faecalicatena_fissicatena,P461_PWY,,
Faecalicatena_fissicatena,P461_PWY,,
Fusobacterium_nucleatum,P461_PWY,,
Fusobacterium_nucleatum,P461_PWY,,
Limosilactobacillus_fermentum,P461_PWY,,
Limosilactobacillus_fermentum,P461_PWY,,
KP1_RS17305,PENTOSE_P_PWY,,
KP1_RS17305,PENTOSE_P_PWY,,
Agathobaculum_butyriciproducens,PENTOSE_P_PWY,,
Agathobaculum_butyriciproducens,PENTOSE_P_PWY,,
Clostridium_sp_NSJ_42,PENTOSE_P_PWY,,
Clostridium_sp_NSJ_42,PENTOSE_P_PWY,,
Fusobacterium_nucleatum,PENTOSE_P_PWY,,
Fusobacterium_nucleatum,PENTOSE_P_PWY,,
Limosilactobacillus_fermentum,PENTOSE_P_PWY,,
Limosilactobacillus_fermentum,PENTOSE_P_PWY,,
fimH,PWY_5840,,
fimH,PWY_5840,,
KP1_RS17305,PWY_5840,,
KP1_RS17305,PWY_5840,,
Limosilactobacillus_fermentum,PWY_5840,,
Limosilactobacillus_fermentum,PWY_5840,,
KP1_RS17305,PWY_6147,,
KP1_RS17305,PWY_6147,,
Agathobaculum_butyriciproducens,PWY_6147,,
Agathobaculum_butyriciproducens,PWY_6147,,
Fusobacterium_nucleatum,PWY_6147,,
Fusobacterium_nucleatum,PWY_6147,,
Limosilactobacillus_fermentum,PWY_6147,,
Limosilactobacillus_fermentum,PWY_6147,,
KP1_RS17305,PWY_7663,,
KP1_RS17305,PWY_7663,,
Clostridium_sp_NSJ_42,PWY_7663,,
Clostridium_sp_NSJ_42,PWY_7663,,
Fusobacterium_nucleatum,PWY_7663,,
Fusobacterium_nucleatum,PWY_7663,,
Limosilactobacillus_fermentum,PWY_7663,,
Limosilactobacillus_fermentum,PWY_7663,,
eccA1.1,PWY0_1297,,
eccA1.1,PWY0_1297,,
msbA.2,PWY0_1297,,
msbA.2,PWY0_1297,,
recN,PWY0_1297,,
recN,PWY0_1297,,
msbA.4,PWY0_1297,,
msbA.4,PWY0_1297,,
KP1_RS17305,PWY0_1297,,
KP1_RS17305,PWY0_1297,,
msbA.5,PWY0_1297,,
msbA.5,PWY0_1297,,
msbA.6,PWY0_1297,,
msbA.6,PWY0_1297,,
fbpC,PWY0_1297,,
fbpC,PWY0_1297,,
Agathobaculum_butyriciproducens,PWY0_1297,,
Agathobaculum_butyriciproducens,PWY0_1297,,
Blautia_faecis,PWY0_1297,,
Blautia_faecis,PWY0_1297,,
Faecalicatena_fissicatena,PWY0_1297,,
Faecalicatena_fissicatena,PWY0_1297,,
Fusobacterium_nucleatum,PWY0_1297,,
Fusobacterium_nucleatum,PWY0_1297,,
Limosilactobacillus_fermentum,PWY0_1297,,
Limosilactobacillus_fermentum,PWY0_1297,,
eccA1.1,PWY0_1298,,
eccA1.1,PWY0_1298,,
msbA.2,PWY0_1298,,
msbA.2,PWY0_1298,,
recN,PWY0_1298,,
recN,PWY0_1298,,
fimH,PWY0_1298,,
fimH,PWY0_1298,,
cpsG,PWY0_1298,,
cpsG,PWY0_1298,,
msbA.4,PWY0_1298,,
msbA.4,PWY0_1298,,
KP1_RS17305,PWY0_1298,,
KP1_RS17305,PWY0_1298,,
msbA.5,PWY0_1298,,
msbA.5,PWY0_1298,,
msbA.6,PWY0_1298,,
msbA.6,PWY0_1298,,
fbpC,PWY0_1298,,
fbpC,PWY0_1298,,
Agathobaculum_butyriciproducens,PWY0_1298,,
Agathobaculum_butyriciproducens,PWY0_1298,,
Faecalicatena_fissicatena,PWY0_1298,,
Faecalicatena_fissicatena,PWY0_1298,,
Fusobacterium_nucleatum,PWY0_1298,,
Fusobacterium_nucleatum,PWY0_1298,,
Limosilactobacillus_fermentum,PWY0_1298,,
Limosilactobacillus_fermentum,PWY0_1298,,
fimH,PWY0_1477,,
fimH,PWY0_1477,,
KP1_RS17305,PWY0_1477,,
KP1_RS17305,PWY0_1477,,
Fusobacterium_nucleatum,PWY0_1477,,
Fusobacterium_nucleatum,PWY0_1477,,
Limosilactobacillus_fermentum,PWY0_1477,,
Limosilactobacillus_fermentum,PWY0_1477,,
KP1_RS17305,PWY0_845,,
KP1_RS17305,PWY0_845,,
Fusobacterium_nucleatum,PWY0_845,,
Fusobacterium_nucleatum,PWY0_845,,
Limosilactobacillus_fermentum,PWY0_845,,
Limosilactobacillus_fermentum,PWY0_845,,
eccA1.1,PWY4FS_7,,
eccA1.1,PWY4FS_7,,
msbA.2,PWY4FS_7,,
msbA.2,PWY4FS_7,,
phoR.2,PWY4FS_7,,
phoR.2,PWY4FS_7,,
pmrB.2,PWY4FS_7,,
pmrB.2,PWY4FS_7,,
hisH,PWY4FS_7,,
hisH,PWY4FS_7,,
recN,PWY4FS_7,,
recN,PWY4FS_7,,
LPG_RS03830,PWY4FS_7,,
LPG_RS03830,PWY4FS_7,,
cpsG,PWY4FS_7,,
cpsG,PWY4FS_7,,
msbA.4,PWY4FS_7,,
msbA.4,PWY4FS_7,,
KP1_RS17305,PWY4FS_7,,
KP1_RS17305,PWY4FS_7,,
msbA.5,PWY4FS_7,,
msbA.5,PWY4FS_7,,
msbA.6,PWY4FS_7,,
msbA.6,PWY4FS_7,,
fbpC,PWY4FS_7,,
fbpC,PWY4FS_7,,
pdxJ,PWY4FS_7,,
pdxJ,PWY4FS_7,,
Agathobaculum_butyriciproducens,PWY4FS_7,,
Agathobaculum_butyriciproducens,PWY4FS_7,,
Blautia_faecis,PWY4FS_7,,
Blautia_faecis,PWY4FS_7,,
Clostridium_sp_NSJ_42,PWY4FS_7,,
Clostridium_sp_NSJ_42,PWY4FS_7,,
Faecalicatena_fissicatena,PWY4FS_7,,
Faecalicatena_fissicatena,PWY4FS_7,,
Fusobacterium_nucleatum,PWY4FS_7,,
Fusobacterium_nucleatum,PWY4FS_7,,
Limosilactobacillus_fermentum,PWY4FS_7,,
Limosilactobacillus_fermentum,PWY4FS_7,,
eccA1.1,PWY4FS_8,,
eccA1.1,PWY4FS_8,,
msbA.2,PWY4FS_8,,
msbA.2,PWY4FS_8,,
phoR.2,PWY4FS_8,,
phoR.2,PWY4FS_8,,
pmrB.2,PWY4FS_8,,
pmrB.2,PWY4FS_8,,
hisH,PWY4FS_8,,
hisH,PWY4FS_8,,
recN,PWY4FS_8,,
recN,PWY4FS_8,,
LPG_RS03830,PWY4FS_8,,
LPG_RS03830,PWY4FS_8,,
cpsG,PWY4FS_8,,
cpsG,PWY4FS_8,,
msbA.4,PWY4FS_8,,
msbA.4,PWY4FS_8,,
KP1_RS17305,PWY4FS_8,,
KP1_RS17305,PWY4FS_8,,
msbA.5,PWY4FS_8,,
msbA.5,PWY4FS_8,,
msbA.6,PWY4FS_8,,
msbA.6,PWY4FS_8,,
fbpC,PWY4FS_8,,
fbpC,PWY4FS_8,,
pdxJ,PWY4FS_8,,
pdxJ,PWY4FS_8,,
Agathobaculum_butyriciproducens,PWY4FS_8,,
Agathobaculum_butyriciproducens,PWY4FS_8,,
Blautia_faecis,PWY4FS_8,,
Blautia_faecis,PWY4FS_8,,
Clostridium_sp_NSJ_42,PWY4FS_8,,
Clostridium_sp_NSJ_42,PWY4FS_8,,
Faecalicatena_fissicatena,PWY4FS_8,,
Faecalicatena_fissicatena,PWY4FS_8,,
Fusobacterium_nucleatum,PWY4FS_8,,
Fusobacterium_nucleatum,PWY4FS_8,,
Limosilactobacillus_fermentum,PWY4FS_8,,
Limosilactobacillus_fermentum,PWY4FS_8,,
eccA1.1,PWY66_409,,
eccA1.1,PWY66_409,,
msbA.2,PWY66_409,,
msbA.2,PWY66_409,,
recN,PWY66_409,,
recN,PWY66_409,,
cpsG,PWY66_409,,
cpsG,PWY66_409,,
msbA.4,PWY66_409,,
msbA.4,PWY66_409,,
KP1_RS17305,PWY66_409,,
KP1_RS17305,PWY66_409,,
msbA.5,PWY66_409,,
msbA.5,PWY66_409,,
msbA.6,PWY66_409,,
msbA.6,PWY66_409,,
fbpC,PWY66_409,,
fbpC,PWY66_409,,
Agathobaculum_butyriciproducens,PWY66_409,,
Agathobaculum_butyriciproducens,PWY66_409,,
Blautia_faecis,PWY66_409,,
Blautia_faecis,PWY66_409,,
Clostridium_sp_NSJ_42,PWY66_409,,
Clostridium_sp_NSJ_42,PWY66_409,,
Faecalicatena_fissicatena,PWY66_409,,
Faecalicatena_fissicatena,PWY66_409,,
Fusobacterium_nucleatum,PWY66_409,,
Fusobacterium_nucleatum,PWY66_409,,
Limosilactobacillus_fermentum,PWY66_409,,
Limosilactobacillus_fermentum,PWY66_409,,
KP1_RS17305,PYRIDOXSYN_PWY,,
KP1_RS17305,PYRIDOXSYN_PWY,,
Fusobacterium_nucleatum,PYRIDOXSYN_PWY,,
Fusobacterium_nucleatum,PYRIDOXSYN_PWY,,
Limosilactobacillus_fermentum,PYRIDOXSYN_PWY,,
Limosilactobacillus_fermentum,PYRIDOXSYN_PWY,,
eccA1.1,ANAGLYCOLYSIS_PWY,,
eccA1.1,ANAGLYCOLYSIS_PWY,,
msbA.2,ANAGLYCOLYSIS_PWY,,
msbA.2,ANAGLYCOLYSIS_PWY,,
phoR.2,ANAGLYCOLYSIS_PWY,,
phoR.2,ANAGLYCOLYSIS_PWY,,
recN,ANAGLYCOLYSIS_PWY,,
recN,ANAGLYCOLYSIS_PWY,,
cpsG,ANAGLYCOLYSIS_PWY,,
cpsG,ANAGLYCOLYSIS_PWY,,
rpoS.1,ANAGLYCOLYSIS_PWY,,
rpoS.1,ANAGLYCOLYSIS_PWY,,
msbA.4,ANAGLYCOLYSIS_PWY,,
msbA.4,ANAGLYCOLYSIS_PWY,,
KP1_RS17305,ANAGLYCOLYSIS_PWY,,
KP1_RS17305,ANAGLYCOLYSIS_PWY,,
msbA.5,ANAGLYCOLYSIS_PWY,,
msbA.5,ANAGLYCOLYSIS_PWY,,
msbA.6,ANAGLYCOLYSIS_PWY,,
msbA.6,ANAGLYCOLYSIS_PWY,,
fbpC,ANAGLYCOLYSIS_PWY,,
fbpC,ANAGLYCOLYSIS_PWY,,
pdxJ,ANAGLYCOLYSIS_PWY,,
pdxJ,ANAGLYCOLYSIS_PWY,,
Agathobaculum_butyriciproducens,ANAGLYCOLYSIS_PWY,,
Agathobaculum_butyriciproducens,ANAGLYCOLYSIS_PWY,,
Blautia_faecis,ANAGLYCOLYSIS_PWY,,
Blautia_faecis,ANAGLYCOLYSIS_PWY,,
Clostridium_sp_NSJ_42,ANAGLYCOLYSIS_PWY,,
Clostridium_sp_NSJ_42,ANAGLYCOLYSIS_PWY,,
Faecalicatena_fissicatena,ANAGLYCOLYSIS_PWY,,
Faecalicatena_fissicatena,ANAGLYCOLYSIS_PWY,,
Fusobacterium_nucleatum,ANAGLYCOLYSIS_PWY,,
Fusobacterium_nucleatum,ANAGLYCOLYSIS_PWY,,
Lachnospiraceae_bacterium_NSJ_46,ANAGLYCOLYSIS_PWY,,
Lachnospiraceae_bacterium_NSJ_46,ANAGLYCOLYSIS_PWY,,
Limosilactobacillus_fermentum,ANAGLYCOLYSIS_PWY,,
Limosilactobacillus_fermentum,ANAGLYCOLYSIS_PWY,,
eccA1.1,ARGSYNBSUB_PWY,,
eccA1.1,ARGSYNBSUB_PWY,,
msbA.2,ARGSYNBSUB_PWY,,
msbA.2,ARGSYNBSUB_PWY,,
phoR.2,ARGSYNBSUB_PWY,,
phoR.2,ARGSYNBSUB_PWY,,
recN,ARGSYNBSUB_PWY,,
recN,ARGSYNBSUB_PWY,,
cpsG,ARGSYNBSUB_PWY,,
cpsG,ARGSYNBSUB_PWY,,
rpoS.1,ARGSYNBSUB_PWY,,
rpoS.1,ARGSYNBSUB_PWY,,
msbA.4,ARGSYNBSUB_PWY,,
msbA.4,ARGSYNBSUB_PWY,,
KP1_RS17305,ARGSYNBSUB_PWY,,
KP1_RS17305,ARGSYNBSUB_PWY,,
msbA.5,ARGSYNBSUB_PWY,,
msbA.5,ARGSYNBSUB_PWY,,
msbA.6,ARGSYNBSUB_PWY,,
msbA.6,ARGSYNBSUB_PWY,,
fbpC,ARGSYNBSUB_PWY,,
fbpC,ARGSYNBSUB_PWY,,
pdxJ,ARGSYNBSUB_PWY,,
pdxJ,ARGSYNBSUB_PWY,,
Agathobaculum_butyriciproducens,ARGSYNBSUB_PWY,,
Agathobaculum_butyriciproducens,ARGSYNBSUB_PWY,,
Blautia_faecis,ARGSYNBSUB_PWY,,
Blautia_faecis,ARGSYNBSUB_PWY,,
Clostridium_sp_NSJ_42,ARGSYNBSUB_PWY,,
Clostridium_sp_NSJ_42,ARGSYNBSUB_PWY,,
Faecalicatena_fissicatena,ARGSYNBSUB_PWY,,
Faecalicatena_fissicatena,ARGSYNBSUB_PWY,,
Fusobacterium_nucleatum,ARGSYNBSUB_PWY,,
Fusobacterium_nucleatum,ARGSYNBSUB_PWY,,
Lachnospiraceae_bacterium_NSJ_46,ARGSYNBSUB_PWY,,
Lachnospiraceae_bacterium_NSJ_46,ARGSYNBSUB_PWY,,
Limosilactobacillus_fermentum,ARGSYNBSUB_PWY,,
Limosilactobacillus_fermentum,ARGSYNBSUB_PWY,,
eccA1.1,ARO_PWY,,
eccA1.1,ARO_PWY,,
msbA.2,ARO_PWY,,
msbA.2,ARO_PWY,,
phoR.2,ARO_PWY,,
phoR.2,ARO_PWY,,
recN,ARO_PWY,,
recN,ARO_PWY,,
cpsG,ARO_PWY,,
cpsG,ARO_PWY,,
msbA.4,ARO_PWY,,
msbA.4,ARO_PWY,,
KP1_RS17305,ARO_PWY,,
KP1_RS17305,ARO_PWY,,
msbA.5,ARO_PWY,,
msbA.5,ARO_PWY,,
msbA.6,ARO_PWY,,
msbA.6,ARO_PWY,,
fbpC,ARO_PWY,,
fbpC,ARO_PWY,,
pdxJ,ARO_PWY,,
pdxJ,ARO_PWY,,
Agathobaculum_butyriciproducens,ARO_PWY,,
Agathobaculum_butyriciproducens,ARO_PWY,,
Blautia_faecis,ARO_PWY,,
Blautia_faecis,ARO_PWY,,
Clostridium_sp_NSJ_42,ARO_PWY,,
Clostridium_sp_NSJ_42,ARO_PWY,,
Faecalicatena_fissicatena,ARO_PWY,,
Faecalicatena_fissicatena,ARO_PWY,,
Fusobacterium_nucleatum,ARO_PWY,,
Fusobacterium_nucleatum,ARO_PWY,,
Lachnospiraceae_bacterium_NSJ_46,ARO_PWY,,
Lachnospiraceae_bacterium_NSJ_46,ARO_PWY,,
Limosilactobacillus_fermentum,ARO_PWY,,
Limosilactobacillus_fermentum,ARO_PWY,,
eccA1.1,COA_PWY,,
eccA1.1,COA_PWY,,
msbA.2,COA_PWY,,
msbA.2,COA_PWY,,
phoR.2,COA_PWY,,
phoR.2,COA_PWY,,
recN,COA_PWY,,
recN,COA_PWY,,
cpsG,COA_PWY,,
cpsG,COA_PWY,,
rpoS.1,COA_PWY,,
rpoS.1,COA_PWY,,
msbA.4,COA_PWY,,
msbA.4,COA_PWY,,
KP1_RS17305,COA_PWY,,
KP1_RS17305,COA_PWY,,
msbA.5,COA_PWY,,
msbA.5,COA_PWY,,
msbA.6,COA_PWY,,
msbA.6,COA_PWY,,
fbpC,COA_PWY,,
fbpC,COA_PWY,,
pdxJ,COA_PWY,,
pdxJ,COA_PWY,,
Agathobaculum_butyriciproducens,COA_PWY,,
Agathobaculum_butyriciproducens,COA_PWY,,
Blautia_faecis,COA_PWY,,
Blautia_faecis,COA_PWY,,
Clostridium_sp_NSJ_42,COA_PWY,,
Clostridium_sp_NSJ_42,COA_PWY,,
Faecalicatena_fissicatena,COA_PWY,,
Faecalicatena_fissicatena,COA_PWY,,
Fusobacterium_nucleatum,COA_PWY,,
Fusobacterium_nucleatum,COA_PWY,,
Lachnospiraceae_bacterium_NSJ_46,COA_PWY,,
Lachnospiraceae_bacterium_NSJ_46,COA_PWY,,
Limosilactobacillus_fermentum,COA_PWY,,
Limosilactobacillus_fermentum,COA_PWY,,
eccA1.1,COA_PWY_1,,
eccA1.1,COA_PWY_1,,
msbA.2,COA_PWY_1,,
msbA.2,COA_PWY_1,,
phoR.2,COA_PWY_1,,
phoR.2,COA_PWY_1,,
recN,COA_PWY_1,,
recN,COA_PWY_1,,
cpsG,COA_PWY_1,,
cpsG,COA_PWY_1,,
rpoS.1,COA_PWY_1,,
rpoS.1,COA_PWY_1,,
msbA.4,COA_PWY_1,,
msbA.4,COA_PWY_1,,
KP1_RS17305,COA_PWY_1,,
KP1_RS17305,COA_PWY_1,,
msbA.5,COA_PWY_1,,
msbA.5,COA_PWY_1,,
msbA.6,COA_PWY_1,,
msbA.6,COA_PWY_1,,
fbpC,COA_PWY_1,,
fbpC,COA_PWY_1,,
pdxJ,COA_PWY_1,,
pdxJ,COA_PWY_1,,
Agathobaculum_butyriciproducens,COA_PWY_1,,
Agathobaculum_butyriciproducens,COA_PWY_1,,
Blautia_faecis,COA_PWY_1,,
Blautia_faecis,COA_PWY_1,,
Clostridium_sp_NSJ_42,COA_PWY_1,,
Clostridium_sp_NSJ_42,COA_PWY_1,,
Faecalicatena_fissicatena,COA_PWY_1,,
Faecalicatena_fissicatena,COA_PWY_1,,
Fusobacterium_nucleatum,COA_PWY_1,,
Fusobacterium_nucleatum,COA_PWY_1,,
Lachnospiraceae_bacterium_NSJ_46,COA_PWY_1,,
Lachnospiraceae_bacterium_NSJ_46,COA_PWY_1,,
Limosilactobacillus_fermentum,COA_PWY_1,,
Limosilactobacillus_fermentum,COA_PWY_1,,
eccA1.1,COMPLETE_ARO_PWY,,
eccA1.1,COMPLETE_ARO_PWY,,
msbA.2,COMPLETE_ARO_PWY,,
msbA.2,COMPLETE_ARO_PWY,,
phoR.2,COMPLETE_ARO_PWY,,
phoR.2,COMPLETE_ARO_PWY,,
recN,COMPLETE_ARO_PWY,,
recN,COMPLETE_ARO_PWY,,
cpsG,COMPLETE_ARO_PWY,,
cpsG,COMPLETE_ARO_PWY,,
rpoS.1,COMPLETE_ARO_PWY,,
rpoS.1,COMPLETE_ARO_PWY,,
msbA.4,COMPLETE_ARO_PWY,,
msbA.4,COMPLETE_ARO_PWY,,
KP1_RS17305,COMPLETE_ARO_PWY,,
KP1_RS17305,COMPLETE_ARO_PWY,,
msbA.5,COMPLETE_ARO_PWY,,
msbA.5,COMPLETE_ARO_PWY,,
msbA.6,COMPLETE_ARO_PWY,,
msbA.6,COMPLETE_ARO_PWY,,
fbpC,COMPLETE_ARO_PWY,,
fbpC,COMPLETE_ARO_PWY,,
pdxJ,COMPLETE_ARO_PWY,,
pdxJ,COMPLETE_ARO_PWY,,
Agathobaculum_butyriciproducens,COMPLETE_ARO_PWY,,
Agathobaculum_butyriciproducens,COMPLETE_ARO_PWY,,
Blautia_faecis,COMPLETE_ARO_PWY,,
Blautia_faecis,COMPLETE_ARO_PWY,,
Clostridium_sp_NSJ_42,COMPLETE_ARO_PWY,,
Clostridium_sp_NSJ_42,COMPLETE_ARO_PWY,,
Faecalicatena_fissicatena,COMPLETE_ARO_PWY,,
Faecalicatena_fissicatena,COMPLETE_ARO_PWY,,
Fusobacterium_nucleatum,COMPLETE_ARO_PWY,,
Fusobacterium_nucleatum,COMPLETE_ARO_PWY,,
Lachnospiraceae_bacterium_NSJ_46,COMPLETE_ARO_PWY,,
Lachnospiraceae_bacterium_NSJ_46,COMPLETE_ARO_PWY,,
Limosilactobacillus_fermentum,COMPLETE_ARO_PWY,,
Limosilactobacillus_fermentum,COMPLETE_ARO_PWY,,
eccA1.1,DTDPRHAMSYN_PWY,,
eccA1.1,DTDPRHAMSYN_PWY,,
msbA.2,DTDPRHAMSYN_PWY,,
msbA.2,DTDPRHAMSYN_PWY,,
phoR.2,DTDPRHAMSYN_PWY,,
phoR.2,DTDPRHAMSYN_PWY,,
recN,DTDPRHAMSYN_PWY,,
recN,DTDPRHAMSYN_PWY,,
cpsG,DTDPRHAMSYN_PWY,,
cpsG,DTDPRHAMSYN_PWY,,
msbA.4,DTDPRHAMSYN_PWY,,
msbA.4,DTDPRHAMSYN_PWY,,
KP1_RS17305,DTDPRHAMSYN_PWY,,
KP1_RS17305,DTDPRHAMSYN_PWY,,
msbA.5,DTDPRHAMSYN_PWY,,
msbA.5,DTDPRHAMSYN_PWY,,
msbA.6,DTDPRHAMSYN_PWY,,
msbA.6,DTDPRHAMSYN_PWY,,
fbpC,DTDPRHAMSYN_PWY,,
fbpC,DTDPRHAMSYN_PWY,,
pdxJ,DTDPRHAMSYN_PWY,,
pdxJ,DTDPRHAMSYN_PWY,,
Agathobaculum_butyriciproducens,DTDPRHAMSYN_PWY,,
Agathobaculum_butyriciproducens,DTDPRHAMSYN_PWY,,
Blautia_faecis,DTDPRHAMSYN_PWY,,
Blautia_faecis,DTDPRHAMSYN_PWY,,
Clostridium_sp_NSJ_42,DTDPRHAMSYN_PWY,,
Clostridium_sp_NSJ_42,DTDPRHAMSYN_PWY,,
Faecalicatena_fissicatena,DTDPRHAMSYN_PWY,,
Faecalicatena_fissicatena,DTDPRHAMSYN_PWY,,
Fusobacterium_nucleatum,DTDPRHAMSYN_PWY,,
Fusobacterium_nucleatum,DTDPRHAMSYN_PWY,,
Lachnospiraceae_bacterium_NSJ_46,DTDPRHAMSYN_PWY,,
Lachnospiraceae_bacterium_NSJ_46,DTDPRHAMSYN_PWY,,
Limosilactobacillus_fermentum,DTDPRHAMSYN_PWY,,
Limosilactobacillus_fermentum,DTDPRHAMSYN_PWY,,
eccA1.1,GLYCOGENSYNTH_PWY,,
eccA1.1,GLYCOGENSYNTH_PWY,,
msbA.2,GLYCOGENSYNTH_PWY,,
msbA.2,GLYCOGENSYNTH_PWY,,
phoR.2,GLYCOGENSYNTH_PWY,,
phoR.2,GLYCOGENSYNTH_PWY,,
recN,GLYCOGENSYNTH_PWY,,
recN,GLYCOGENSYNTH_PWY,,
cpsG,GLYCOGENSYNTH_PWY,,
cpsG,GLYCOGENSYNTH_PWY,,
msbA.4,GLYCOGENSYNTH_PWY,,
msbA.4,GLYCOGENSYNTH_PWY,,
KP1_RS17305,GLYCOGENSYNTH_PWY,,
KP1_RS17305,GLYCOGENSYNTH_PWY,,
msbA.5,GLYCOGENSYNTH_PWY,,
msbA.5,GLYCOGENSYNTH_PWY,,
msbA.6,GLYCOGENSYNTH_PWY,,
msbA.6,GLYCOGENSYNTH_PWY,,
fbpC,GLYCOGENSYNTH_PWY,,
fbpC,GLYCOGENSYNTH_PWY,,
pdxJ,GLYCOGENSYNTH_PWY,,
pdxJ,GLYCOGENSYNTH_PWY,,
Agathobaculum_butyriciproducens,GLYCOGENSYNTH_PWY,,
Agathobaculum_butyriciproducens,GLYCOGENSYNTH_PWY,,
Blautia_faecis,GLYCOGENSYNTH_PWY,,
Blautia_faecis,GLYCOGENSYNTH_PWY,,
Clostridium_sp_NSJ_42,GLYCOGENSYNTH_PWY,,
Clostridium_sp_NSJ_42,GLYCOGENSYNTH_PWY,,
Faecalicatena_fissicatena,GLYCOGENSYNTH_PWY,,
Faecalicatena_fissicatena,GLYCOGENSYNTH_PWY,,
Fusobacterium_nucleatum,GLYCOGENSYNTH_PWY,,
Fusobacterium_nucleatum,GLYCOGENSYNTH_PWY,,
Lachnospiraceae_bacterium_NSJ_46,GLYCOGENSYNTH_PWY,,
Lachnospiraceae_bacterium_NSJ_46,GLYCOGENSYNTH_PWY,,
Limosilactobacillus_fermentum,GLYCOGENSYNTH_PWY,,
Limosilactobacillus_fermentum,GLYCOGENSYNTH_PWY,,
eccA1.1,HISTSYN_PWY,,
eccA1.1,HISTSYN_PWY,,
msbA.2,HISTSYN_PWY,,
msbA.2,HISTSYN_PWY,,
phoR.2,HISTSYN_PWY,,
phoR.2,HISTSYN_PWY,,
recN,HISTSYN_PWY,,
recN,HISTSYN_PWY,,
cpsG,HISTSYN_PWY,,
cpsG,HISTSYN_PWY,,
rpoS.1,HISTSYN_PWY,,
rpoS.1,HISTSYN_PWY,,
KP1_RS17305,HISTSYN_PWY,,
KP1_RS17305,HISTSYN_PWY,,
msbA.5,HISTSYN_PWY,,
msbA.5,HISTSYN_PWY,,
msbA.6,HISTSYN_PWY,,
msbA.6,HISTSYN_PWY,,
fbpC,HISTSYN_PWY,,
fbpC,HISTSYN_PWY,,
pdxJ,HISTSYN_PWY,,
pdxJ,HISTSYN_PWY,,
Agathobaculum_butyriciproducens,HISTSYN_PWY,,
Agathobaculum_butyriciproducens,HISTSYN_PWY,,
Blautia_faecis,HISTSYN_PWY,,
Blautia_faecis,HISTSYN_PWY,,
Clostridium_sp_NSJ_42,HISTSYN_PWY,,
Clostridium_sp_NSJ_42,HISTSYN_PWY,,
Faecalicatena_fissicatena,HISTSYN_PWY,,
Faecalicatena_fissicatena,HISTSYN_PWY,,
Fusobacterium_nucleatum,HISTSYN_PWY,,
Fusobacterium_nucleatum,HISTSYN_PWY,,
Lachnospiraceae_bacterium_NSJ_46,HISTSYN_PWY,,
Lachnospiraceae_bacterium_NSJ_46,HISTSYN_PWY,,
Limosilactobacillus_fermentum,HISTSYN_PWY,,
Limosilactobacillus_fermentum,HISTSYN_PWY,,
eccA1.1,NONMEVIPP_PWY,,
eccA1.1,NONMEVIPP_PWY,,
msbA.2,NONMEVIPP_PWY,,
msbA.2,NONMEVIPP_PWY,,
phoR.2,NONMEVIPP_PWY,,
phoR.2,NONMEVIPP_PWY,,
recN,NONMEVIPP_PWY,,
recN,NONMEVIPP_PWY,,
cpsG,NONMEVIPP_PWY,,
cpsG,NONMEVIPP_PWY,,
rpoS.1,NONMEVIPP_PWY,,
rpoS.1,NONMEVIPP_PWY,,
msbA.4,NONMEVIPP_PWY,,
msbA.4,NONMEVIPP_PWY,,
KP1_RS17305,NONMEVIPP_PWY,,
KP1_RS17305,NONMEVIPP_PWY,,
msbA.5,NONMEVIPP_PWY,,
msbA.5,NONMEVIPP_PWY,,
msbA.6,NONMEVIPP_PWY,,
msbA.6,NONMEVIPP_PWY,,
fbpC,NONMEVIPP_PWY,,
fbpC,NONMEVIPP_PWY,,
pdxJ,NONMEVIPP_PWY,,
pdxJ,NONMEVIPP_PWY,,
Agathobaculum_butyriciproducens,NONMEVIPP_PWY,,
Agathobaculum_butyriciproducens,NONMEVIPP_PWY,,
Blautia_faecis,NONMEVIPP_PWY,,
Blautia_faecis,NONMEVIPP_PWY,,
Clostridium_sp_NSJ_42,NONMEVIPP_PWY,,
Clostridium_sp_NSJ_42,NONMEVIPP_PWY,,
Faecalicatena_fissicatena,NONMEVIPP_PWY,,
Faecalicatena_fissicatena,NONMEVIPP_PWY,,
Fusobacterium_nucleatum,NONMEVIPP_PWY,,
Fusobacterium_nucleatum,NONMEVIPP_PWY,,
Lachnospiraceae_bacterium_NSJ_46,NONMEVIPP_PWY,,
Lachnospiraceae_bacterium_NSJ_46,NONMEVIPP_PWY,,
Limosilactobacillus_fermentum,NONMEVIPP_PWY,,
Limosilactobacillus_fermentum,NONMEVIPP_PWY,,
eccA1.1,PANTO_PWY,,
eccA1.1,PANTO_PWY,,
msbA.2,PANTO_PWY,,
msbA.2,PANTO_PWY,,
phoR.2,PANTO_PWY,,
phoR.2,PANTO_PWY,,
recN,PANTO_PWY,,
recN,PANTO_PWY,,
cpsG,PANTO_PWY,,
cpsG,PANTO_PWY,,
rpoS.1,PANTO_PWY,,
rpoS.1,PANTO_PWY,,
msbA.4,PANTO_PWY,,
msbA.4,PANTO_PWY,,
KP1_RS17305,PANTO_PWY,,
KP1_RS17305,PANTO_PWY,,
msbA.5,PANTO_PWY,,
msbA.5,PANTO_PWY,,
msbA.6,PANTO_PWY,,
msbA.6,PANTO_PWY,,
fbpC,PANTO_PWY,,
fbpC,PANTO_PWY,,
pdxJ,PANTO_PWY,,
pdxJ,PANTO_PWY,,
Agathobaculum_butyriciproducens,PANTO_PWY,,
Agathobaculum_butyriciproducens,PANTO_PWY,,
Blautia_faecis,PANTO_PWY,,
Blautia_faecis,PANTO_PWY,,
Clostridium_sp_NSJ_42,PANTO_PWY,,
Clostridium_sp_NSJ_42,PANTO_PWY,,
Faecalicatena_fissicatena,PANTO_PWY,,
Faecalicatena_fissicatena,PANTO_PWY,,
Fusobacterium_nucleatum,PANTO_PWY,,
Fusobacterium_nucleatum,PANTO_PWY,,
Lachnospiraceae_bacterium_NSJ_46,PANTO_PWY,,
Lachnospiraceae_bacterium_NSJ_46,PANTO_PWY,,
Limosilactobacillus_fermentum,PANTO_PWY,,
Limosilactobacillus_fermentum,PANTO_PWY,,
eccA1.1,PANTOSYN_PWY,,
eccA1.1,PANTOSYN_PWY,,
msbA.2,PANTOSYN_PWY,,
msbA.2,PANTOSYN_PWY,,
phoR.2,PANTOSYN_PWY,,
phoR.2,PANTOSYN_PWY,,
recN,PANTOSYN_PWY,,
recN,PANTOSYN_PWY,,
cpsG,PANTOSYN_PWY,,
cpsG,PANTOSYN_PWY,,
rpoS.1,PANTOSYN_PWY,,
rpoS.1,PANTOSYN_PWY,,
msbA.4,PANTOSYN_PWY,,
msbA.4,PANTOSYN_PWY,,
KP1_RS17305,PANTOSYN_PWY,,
KP1_RS17305,PANTOSYN_PWY,,
msbA.5,PANTOSYN_PWY,,
msbA.5,PANTOSYN_PWY,,
msbA.6,PANTOSYN_PWY,,
msbA.6,PANTOSYN_PWY,,
fbpC,PANTOSYN_PWY,,
fbpC,PANTOSYN_PWY,,
pdxJ,PANTOSYN_PWY,,
pdxJ,PANTOSYN_PWY,,
Agathobaculum_butyriciproducens,PANTOSYN_PWY,,
Agathobaculum_butyriciproducens,PANTOSYN_PWY,,
Blautia_faecis,PANTOSYN_PWY,,
Blautia_faecis,PANTOSYN_PWY,,
Clostridium_sp_NSJ_42,PANTOSYN_PWY,,
Clostridium_sp_NSJ_42,PANTOSYN_PWY,,
Faecalicatena_fissicatena,PANTOSYN_PWY,,
Faecalicatena_fissicatena,PANTOSYN_PWY,,
Fusobacterium_nucleatum,PANTOSYN_PWY,,
Fusobacterium_nucleatum,PANTOSYN_PWY,,
Lachnospiraceae_bacterium_NSJ_46,PANTOSYN_PWY,,
Lachnospiraceae_bacterium_NSJ_46,PANTOSYN_PWY,,
Limosilactobacillus_fermentum,PANTOSYN_PWY,,
Limosilactobacillus_fermentum,PANTOSYN_PWY,,
eccA1.1,PEPTIDOGLYCANSYN_PWY,,
eccA1.1,PEPTIDOGLYCANSYN_PWY,,
msbA.2,PEPTIDOGLYCANSYN_PWY,,
msbA.2,PEPTIDOGLYCANSYN_PWY,,
phoR.2,PEPTIDOGLYCANSYN_PWY,,
phoR.2,PEPTIDOGLYCANSYN_PWY,,
recN,PEPTIDOGLYCANSYN_PWY,,
recN,PEPTIDOGLYCANSYN_PWY,,
cpsG,PEPTIDOGLYCANSYN_PWY,,
cpsG,PEPTIDOGLYCANSYN_PWY,,
rpoS.1,PEPTIDOGLYCANSYN_PWY,,
rpoS.1,PEPTIDOGLYCANSYN_PWY,,
msbA.4,PEPTIDOGLYCANSYN_PWY,,
msbA.4,PEPTIDOGLYCANSYN_PWY,,
KP1_RS17305,PEPTIDOGLYCANSYN_PWY,,
KP1_RS17305,PEPTIDOGLYCANSYN_PWY,,
msbA.5,PEPTIDOGLYCANSYN_PWY,,
msbA.5,PEPTIDOGLYCANSYN_PWY,,
msbA.6,PEPTIDOGLYCANSYN_PWY,,
msbA.6,PEPTIDOGLYCANSYN_PWY,,
fbpC,PEPTIDOGLYCANSYN_PWY,,
fbpC,PEPTIDOGLYCANSYN_PWY,,
pdxJ,PEPTIDOGLYCANSYN_PWY,,
pdxJ,PEPTIDOGLYCANSYN_PWY,,
Agathobaculum_butyriciproducens,PEPTIDOGLYCANSYN_PWY,,
Agathobaculum_butyriciproducens,PEPTIDOGLYCANSYN_PWY,,
Blautia_faecis,PEPTIDOGLYCANSYN_PWY,,
Blautia_faecis,PEPTIDOGLYCANSYN_PWY,,
Clostridium_sp_NSJ_42,PEPTIDOGLYCANSYN_PWY,,
Clostridium_sp_NSJ_42,PEPTIDOGLYCANSYN_PWY,,
Faecalicatena_fissicatena,PEPTIDOGLYCANSYN_PWY,,
Faecalicatena_fissicatena,PEPTIDOGLYCANSYN_PWY,,
Fusobacterium_nucleatum,PEPTIDOGLYCANSYN_PWY,,
Fusobacterium_nucleatum,PEPTIDOGLYCANSYN_PWY,,
Lachnospiraceae_bacterium_NSJ_46,PEPTIDOGLYCANSYN_PWY,,
Lachnospiraceae_bacterium_NSJ_46,PEPTIDOGLYCANSYN_PWY,,
Limosilactobacillus_fermentum,PEPTIDOGLYCANSYN_PWY,,
Limosilactobacillus_fermentum,PEPTIDOGLYCANSYN_PWY,,
eccA1.1,PWY_3841,,
eccA1.1,PWY_3841,,
msbA.2,PWY_3841,,
msbA.2,PWY_3841,,
phoR.2,PWY_3841,,
phoR.2,PWY_3841,,
recN,PWY_3841,,
recN,PWY_3841,,
cpsG,PWY_3841,,
cpsG,PWY_3841,,
rpoS.1,PWY_3841,,
rpoS.1,PWY_3841,,
msbA.4,PWY_3841,,
msbA.4,PWY_3841,,
KP1_RS17305,PWY_3841,,
KP1_RS17305,PWY_3841,,
msbA.5,PWY_3841,,
msbA.5,PWY_3841,,
msbA.6,PWY_3841,,
msbA.6,PWY_3841,,
fbpC,PWY_3841,,
fbpC,PWY_3841,,
pdxJ,PWY_3841,,
pdxJ,PWY_3841,,
Agathobaculum_butyriciproducens,PWY_3841,,
Agathobaculum_butyriciproducens,PWY_3841,,
Blautia_faecis,PWY_3841,,
Blautia_faecis,PWY_3841,,
Clostridium_sp_NSJ_42,PWY_3841,,
Clostridium_sp_NSJ_42,PWY_3841,,
Faecalicatena_fissicatena,PWY_3841,,
Faecalicatena_fissicatena,PWY_3841,,
Fusobacterium_nucleatum,PWY_3841,,
Fusobacterium_nucleatum,PWY_3841,,
Lachnospiraceae_bacterium_NSJ_46,PWY_3841,,
Lachnospiraceae_bacterium_NSJ_46,PWY_3841,,
Limosilactobacillus_fermentum,PWY_3841,,
Limosilactobacillus_fermentum,PWY_3841,,
eccA1.1,PWY_5097,,
eccA1.1,PWY_5097,,
msbA.2,PWY_5097,,
msbA.2,PWY_5097,,
phoR.2,PWY_5097,,
phoR.2,PWY_5097,,
recN,PWY_5097,,
recN,PWY_5097,,
cpsG,PWY_5097,,
cpsG,PWY_5097,,
rpoS.1,PWY_5097,,
rpoS.1,PWY_5097,,
msbA.4,PWY_5097,,
msbA.4,PWY_5097,,
KP1_RS17305,PWY_5097,,
KP1_RS17305,PWY_5097,,
msbA.5,PWY_5097,,
msbA.5,PWY_5097,,
msbA.6,PWY_5097,,
msbA.6,PWY_5097,,
fbpC,PWY_5097,,
fbpC,PWY_5097,,
pdxJ,PWY_5097,,
pdxJ,PWY_5097,,
Agathobaculum_butyriciproducens,PWY_5097,,
Agathobaculum_butyriciproducens,PWY_5097,,
Blautia_faecis,PWY_5097,,
Blautia_faecis,PWY_5097,,
Clostridium_sp_NSJ_42,PWY_5097,,
Clostridium_sp_NSJ_42,PWY_5097,,
Faecalicatena_fissicatena,PWY_5097,,
Faecalicatena_fissicatena,PWY_5097,,
Fusobacterium_nucleatum,PWY_5097,,
Fusobacterium_nucleatum,PWY_5097,,
Lachnospiraceae_bacterium_NSJ_46,PWY_5097,,
Lachnospiraceae_bacterium_NSJ_46,PWY_5097,,
Limosilactobacillus_fermentum,PWY_5097,,
Limosilactobacillus_fermentum,PWY_5097,,
eccA1.1,PWY_5686,,
eccA1.1,PWY_5686,,
msbA.2,PWY_5686,,
msbA.2,PWY_5686,,
phoR.2,PWY_5686,,
phoR.2,PWY_5686,,
recN,PWY_5686,,
recN,PWY_5686,,
cpsG,PWY_5686,,
cpsG,PWY_5686,,
rpoS.1,PWY_5686,,
rpoS.1,PWY_5686,,
msbA.4,PWY_5686,,
msbA.4,PWY_5686,,
KP1_RS17305,PWY_5686,,
KP1_RS17305,PWY_5686,,
msbA.5,PWY_5686,,
msbA.5,PWY_5686,,
msbA.6,PWY_5686,,
msbA.6,PWY_5686,,
fbpC,PWY_5686,,
fbpC,PWY_5686,,
pdxJ,PWY_5686,,
pdxJ,PWY_5686,,
Agathobaculum_butyriciproducens,PWY_5686,,
Agathobaculum_butyriciproducens,PWY_5686,,
Blautia_faecis,PWY_5686,,
Blautia_faecis,PWY_5686,,
Clostridium_sp_NSJ_42,PWY_5686,,
Clostridium_sp_NSJ_42,PWY_5686,,
Faecalicatena_fissicatena,PWY_5686,,
Faecalicatena_fissicatena,PWY_5686,,
Fusobacterium_nucleatum,PWY_5686,,
Fusobacterium_nucleatum,PWY_5686,,
Lachnospiraceae_bacterium_NSJ_46,PWY_5686,,
Lachnospiraceae_bacterium_NSJ_46,PWY_5686,,
Limosilactobacillus_fermentum,PWY_5686,,
Limosilactobacillus_fermentum,PWY_5686,,
eccA1.1,PWY_6151,,
eccA1.1,PWY_6151,,
msbA.2,PWY_6151,,
msbA.2,PWY_6151,,
phoR.2,PWY_6151,,
phoR.2,PWY_6151,,
recN,PWY_6151,,
recN,PWY_6151,,
cpsG,PWY_6151,,
cpsG,PWY_6151,,
msbA.4,PWY_6151,,
msbA.4,PWY_6151,,
KP1_RS17305,PWY_6151,,
KP1_RS17305,PWY_6151,,
msbA.5,PWY_6151,,
msbA.5,PWY_6151,,
msbA.6,PWY_6151,,
msbA.6,PWY_6151,,
fbpC,PWY_6151,,
fbpC,PWY_6151,,
pdxJ,PWY_6151,,
pdxJ,PWY_6151,,
Agathobaculum_butyriciproducens,PWY_6151,,
Agathobaculum_butyriciproducens,PWY_6151,,
Blautia_faecis,PWY_6151,,
Blautia_faecis,PWY_6151,,
Clostridium_sp_NSJ_42,PWY_6151,,
Clostridium_sp_NSJ_42,PWY_6151,,
Faecalicatena_fissicatena,PWY_6151,,
Faecalicatena_fissicatena,PWY_6151,,
Fusobacterium_nucleatum,PWY_6151,,
Fusobacterium_nucleatum,PWY_6151,,
Lachnospiraceae_bacterium_NSJ_46,PWY_6151,,
Lachnospiraceae_bacterium_NSJ_46,PWY_6151,,
Limosilactobacillus_fermentum,PWY_6151,,
Limosilactobacillus_fermentum,PWY_6151,,
eccA1.1,PWY_6163,,
eccA1.1,PWY_6163,,
msbA.2,PWY_6163,,
msbA.2,PWY_6163,,
phoR.2,PWY_6163,,
phoR.2,PWY_6163,,
recN,PWY_6163,,
recN,PWY_6163,,
cpsG,PWY_6163,,
cpsG,PWY_6163,,
rpoS.1,PWY_6163,,
rpoS.1,PWY_6163,,
msbA.4,PWY_6163,,
msbA.4,PWY_6163,,
KP1_RS17305,PWY_6163,,
KP1_RS17305,PWY_6163,,
msbA.5,PWY_6163,,
msbA.5,PWY_6163,,
msbA.6,PWY_6163,,
msbA.6,PWY_6163,,
fbpC,PWY_6163,,
fbpC,PWY_6163,,
pdxJ,PWY_6163,,
pdxJ,PWY_6163,,
Agathobaculum_butyriciproducens,PWY_6163,,
Agathobaculum_butyriciproducens,PWY_6163,,
Blautia_faecis,PWY_6163,,
Blautia_faecis,PWY_6163,,
Clostridium_sp_NSJ_42,PWY_6163,,
Clostridium_sp_NSJ_42,PWY_6163,,
Faecalicatena_fissicatena,PWY_6163,,
Faecalicatena_fissicatena,PWY_6163,,
Fusobacterium_nucleatum,PWY_6163,,
Fusobacterium_nucleatum,PWY_6163,,
Lachnospiraceae_bacterium_NSJ_46,PWY_6163,,
Lachnospiraceae_bacterium_NSJ_46,PWY_6163,,
Limosilactobacillus_fermentum,PWY_6163,,
Limosilactobacillus_fermentum,PWY_6163,,
eccA1.1,PWY_6385,,
eccA1.1,PWY_6385,,
msbA.2,PWY_6385,,
msbA.2,PWY_6385,,
phoR.2,PWY_6385,,
phoR.2,PWY_6385,,
recN,PWY_6385,,
recN,PWY_6385,,
cpsG,PWY_6385,,
cpsG,PWY_6385,,
rpoS.1,PWY_6385,,
rpoS.1,PWY_6385,,
msbA.4,PWY_6385,,
msbA.4,PWY_6385,,
KP1_RS17305,PWY_6385,,
KP1_RS17305,PWY_6385,,
msbA.5,PWY_6385,,
msbA.5,PWY_6385,,
msbA.6,PWY_6385,,
msbA.6,PWY_6385,,
fbpC,PWY_6385,,
fbpC,PWY_6385,,
pdxJ,PWY_6385,,
pdxJ,PWY_6385,,
Agathobaculum_butyriciproducens,PWY_6385,,
Agathobaculum_butyriciproducens,PWY_6385,,
Blautia_faecis,PWY_6385,,
Blautia_faecis,PWY_6385,,
Clostridium_sp_NSJ_42,PWY_6385,,
Clostridium_sp_NSJ_42,PWY_6385,,
Faecalicatena_fissicatena,PWY_6385,,
Faecalicatena_fissicatena,PWY_6385,,
Fusobacterium_nucleatum,PWY_6385,,
Fusobacterium_nucleatum,PWY_6385,,
Lachnospiraceae_bacterium_NSJ_46,PWY_6385,,
Lachnospiraceae_bacterium_NSJ_46,PWY_6385,,
Limosilactobacillus_fermentum,PWY_6385,,
Limosilactobacillus_fermentum,PWY_6385,,
eccA1.1,PWY_6386,,
eccA1.1,PWY_6386,,
msbA.2,PWY_6386,,
msbA.2,PWY_6386,,
phoR.2,PWY_6386,,
phoR.2,PWY_6386,,
recN,PWY_6386,,
recN,PWY_6386,,
cpsG,PWY_6386,,
cpsG,PWY_6386,,
rpoS.1,PWY_6386,,
rpoS.1,PWY_6386,,
msbA.4,PWY_6386,,
msbA.4,PWY_6386,,
KP1_RS17305,PWY_6386,,
KP1_RS17305,PWY_6386,,
msbA.5,PWY_6386,,
msbA.5,PWY_6386,,
msbA.6,PWY_6386,,
msbA.6,PWY_6386,,
fbpC,PWY_6386,,
fbpC,PWY_6386,,
pdxJ,PWY_6386,,
pdxJ,PWY_6386,,
Agathobaculum_butyriciproducens,PWY_6386,,
Agathobaculum_butyriciproducens,PWY_6386,,
Blautia_faecis,PWY_6386,,
Blautia_faecis,PWY_6386,,
Clostridium_sp_NSJ_42,PWY_6386,,
Clostridium_sp_NSJ_42,PWY_6386,,
Faecalicatena_fissicatena,PWY_6386,,
Faecalicatena_fissicatena,PWY_6386,,
Fusobacterium_nucleatum,PWY_6386,,
Fusobacterium_nucleatum,PWY_6386,,
Lachnospiraceae_bacterium_NSJ_46,PWY_6386,,
Lachnospiraceae_bacterium_NSJ_46,PWY_6386,,
Limosilactobacillus_fermentum,PWY_6386,,
Limosilactobacillus_fermentum,PWY_6386,,
eccA1.1,PWY_6387,,
eccA1.1,PWY_6387,,
msbA.2,PWY_6387,,
msbA.2,PWY_6387,,
phoR.2,PWY_6387,,
phoR.2,PWY_6387,,
recN,PWY_6387,,
recN,PWY_6387,,
cpsG,PWY_6387,,
cpsG,PWY_6387,,
rpoS.1,PWY_6387,,
rpoS.1,PWY_6387,,
msbA.4,PWY_6387,,
msbA.4,PWY_6387,,
KP1_RS17305,PWY_6387,,
KP1_RS17305,PWY_6387,,
msbA.5,PWY_6387,,
msbA.5,PWY_6387,,
msbA.6,PWY_6387,,
msbA.6,PWY_6387,,
fbpC,PWY_6387,,
fbpC,PWY_6387,,
pdxJ,PWY_6387,,
pdxJ,PWY_6387,,
Agathobaculum_butyriciproducens,PWY_6387,,
Agathobaculum_butyriciproducens,PWY_6387,,
Blautia_faecis,PWY_6387,,
Blautia_faecis,PWY_6387,,
Clostridium_sp_NSJ_42,PWY_6387,,
Clostridium_sp_NSJ_42,PWY_6387,,
Faecalicatena_fissicatena,PWY_6387,,
Faecalicatena_fissicatena,PWY_6387,,
Fusobacterium_nucleatum,PWY_6387,,
Fusobacterium_nucleatum,PWY_6387,,
Lachnospiraceae_bacterium_NSJ_46,PWY_6387,,
Lachnospiraceae_bacterium_NSJ_46,PWY_6387,,
Limosilactobacillus_fermentum,PWY_6387,,
Limosilactobacillus_fermentum,PWY_6387,,
eccA1.1,PWY_6470,,
eccA1.1,PWY_6470,,
msbA.2,PWY_6470,,
msbA.2,PWY_6470,,
phoR.2,PWY_6470,,
phoR.2,PWY_6470,,
recN,PWY_6470,,
recN,PWY_6470,,
cpsG,PWY_6470,,
cpsG,PWY_6470,,
msbA.4,PWY_6470,,
msbA.4,PWY_6470,,
KP1_RS17305,PWY_6470,,
KP1_RS17305,PWY_6470,,
msbA.5,PWY_6470,,
msbA.5,PWY_6470,,
msbA.6,PWY_6470,,
msbA.6,PWY_6470,,
fbpC,PWY_6470,,
fbpC,PWY_6470,,
pdxJ,PWY_6470,,
pdxJ,PWY_6470,,
Agathobaculum_butyriciproducens,PWY_6470,,
Agathobaculum_butyriciproducens,PWY_6470,,
Clostridium_sp_NSJ_42,PWY_6470,,
Clostridium_sp_NSJ_42,PWY_6470,,
Faecalicatena_fissicatena,PWY_6470,,
Faecalicatena_fissicatena,PWY_6470,,
Fusobacterium_nucleatum,PWY_6470,,
Fusobacterium_nucleatum,PWY_6470,,
Limosilactobacillus_fermentum,PWY_6470,,
Limosilactobacillus_fermentum,PWY_6470,,
eccA1.1,PWY_6700,,
eccA1.1,PWY_6700,,
msbA.2,PWY_6700,,
msbA.2,PWY_6700,,
phoR.2,PWY_6700,,
phoR.2,PWY_6700,,
recN,PWY_6700,,
recN,PWY_6700,,
cpsG,PWY_6700,,
cpsG,PWY_6700,,
rpoS.1,PWY_6700,,
rpoS.1,PWY_6700,,
msbA.4,PWY_6700,,
msbA.4,PWY_6700,,
KP1_RS17305,PWY_6700,,
KP1_RS17305,PWY_6700,,
msbA.5,PWY_6700,,
msbA.5,PWY_6700,,
msbA.6,PWY_6700,,
msbA.6,PWY_6700,,
fbpC,PWY_6700,,
fbpC,PWY_6700,,
pdxJ,PWY_6700,,
pdxJ,PWY_6700,,
Agathobaculum_butyriciproducens,PWY_6700,,
Agathobaculum_butyriciproducens,PWY_6700,,
Blautia_faecis,PWY_6700,,
Blautia_faecis,PWY_6700,,
Clostridium_sp_NSJ_42,PWY_6700,,
Clostridium_sp_NSJ_42,PWY_6700,,
Faecalicatena_fissicatena,PWY_6700,,
Faecalicatena_fissicatena,PWY_6700,,
Fusobacterium_nucleatum,PWY_6700,,
Fusobacterium_nucleatum,PWY_6700,,
Lachnospiraceae_bacterium_NSJ_46,PWY_6700,,
Lachnospiraceae_bacterium_NSJ_46,PWY_6700,,
Limosilactobacillus_fermentum,PWY_6700,,
Limosilactobacillus_fermentum,PWY_6700,,
eccA1.1,PWY_7238,,
eccA1.1,PWY_7238,,
msbA.2,PWY_7238,,
msbA.2,PWY_7238,,
phoR.2,PWY_7238,,
phoR.2,PWY_7238,,
recN,PWY_7238,,
recN,PWY_7238,,
cpsG,PWY_7238,,
cpsG,PWY_7238,,
msbA.4,PWY_7238,,
msbA.4,PWY_7238,,
KP1_RS17305,PWY_7238,,
KP1_RS17305,PWY_7238,,
msbA.5,PWY_7238,,
msbA.5,PWY_7238,,
msbA.6,PWY_7238,,
msbA.6,PWY_7238,,
fbpC,PWY_7238,,
fbpC,PWY_7238,,
pdxJ,PWY_7238,,
pdxJ,PWY_7238,,
Agathobaculum_butyriciproducens,PWY_7238,,
Agathobaculum_butyriciproducens,PWY_7238,,
Blautia_faecis,PWY_7238,,
Blautia_faecis,PWY_7238,,
Clostridium_sp_NSJ_42,PWY_7238,,
Clostridium_sp_NSJ_42,PWY_7238,,
Faecalicatena_fissicatena,PWY_7238,,
Faecalicatena_fissicatena,PWY_7238,,
Fusobacterium_nucleatum,PWY_7238,,
Fusobacterium_nucleatum,PWY_7238,,
Lachnospiraceae_bacterium_NSJ_46,PWY_7238,,
Lachnospiraceae_bacterium_NSJ_46,PWY_7238,,
Limosilactobacillus_fermentum,PWY_7238,,
Limosilactobacillus_fermentum,PWY_7238,,
eccA1.1,PWY_7790,,
eccA1.1,PWY_7790,,
msbA.2,PWY_7790,,
msbA.2,PWY_7790,,
phoR.2,PWY_7790,,
phoR.2,PWY_7790,,
recN,PWY_7790,,
recN,PWY_7790,,
cpsG,PWY_7790,,
cpsG,PWY_7790,,
rpoS.1,PWY_7790,,
rpoS.1,PWY_7790,,
msbA.4,PWY_7790,,
msbA.4,PWY_7790,,
KP1_RS17305,PWY_7790,,
KP1_RS17305,PWY_7790,,
msbA.5,PWY_7790,,
msbA.5,PWY_7790,,
msbA.6,PWY_7790,,
msbA.6,PWY_7790,,
fbpC,PWY_7790,,
fbpC,PWY_7790,,
pdxJ,PWY_7790,,
pdxJ,PWY_7790,,
Agathobaculum_butyriciproducens,PWY_7790,,
Agathobaculum_butyriciproducens,PWY_7790,,
Blautia_faecis,PWY_7790,,
Blautia_faecis,PWY_7790,,
Clostridium_sp_NSJ_42,PWY_7790,,
Clostridium_sp_NSJ_42,PWY_7790,,
Faecalicatena_fissicatena,PWY_7790,,
Faecalicatena_fissicatena,PWY_7790,,
Fusobacterium_nucleatum,PWY_7790,,
Fusobacterium_nucleatum,PWY_7790,,
Lachnospiraceae_bacterium_NSJ_46,PWY_7790,,
Lachnospiraceae_bacterium_NSJ_46,PWY_7790,,
Limosilactobacillus_fermentum,PWY_7790,,
Limosilactobacillus_fermentum,PWY_7790,,
eccA1.1,PWY_7791,,
eccA1.1,PWY_7791,,
msbA.2,PWY_7791,,
msbA.2,PWY_7791,,
phoR.2,PWY_7791,,
phoR.2,PWY_7791,,
recN,PWY_7791,,
recN,PWY_7791,,
cpsG,PWY_7791,,
cpsG,PWY_7791,,
rpoS.1,PWY_7791,,
rpoS.1,PWY_7791,,
msbA.4,PWY_7791,,
msbA.4,PWY_7791,,
KP1_RS17305,PWY_7791,,
KP1_RS17305,PWY_7791,,
msbA.5,PWY_7791,,
msbA.5,PWY_7791,,
msbA.6,PWY_7791,,
msbA.6,PWY_7791,,
fbpC,PWY_7791,,
fbpC,PWY_7791,,
pdxJ,PWY_7791,,
pdxJ,PWY_7791,,
Agathobaculum_butyriciproducens,PWY_7791,,
Agathobaculum_butyriciproducens,PWY_7791,,
Blautia_faecis,PWY_7791,,
Blautia_faecis,PWY_7791,,
Clostridium_sp_NSJ_42,PWY_7791,,
Clostridium_sp_NSJ_42,PWY_7791,,
Faecalicatena_fissicatena,PWY_7791,,
Faecalicatena_fissicatena,PWY_7791,,
Fusobacterium_nucleatum,PWY_7791,,
Fusobacterium_nucleatum,PWY_7791,,
Lachnospiraceae_bacterium_NSJ_46,PWY_7791,,
Lachnospiraceae_bacterium_NSJ_46,PWY_7791,,
Limosilactobacillus_fermentum,PWY_7791,,
Limosilactobacillus_fermentum,PWY_7791,,
eccA1.1,PWY_7851,,
eccA1.1,PWY_7851,,
msbA.2,PWY_7851,,
msbA.2,PWY_7851,,
phoR.2,PWY_7851,,
phoR.2,PWY_7851,,
recN,PWY_7851,,
recN,PWY_7851,,
cpsG,PWY_7851,,
cpsG,PWY_7851,,
rpoS.1,PWY_7851,,
rpoS.1,PWY_7851,,
msbA.4,PWY_7851,,
msbA.4,PWY_7851,,
KP1_RS17305,PWY_7851,,
KP1_RS17305,PWY_7851,,
msbA.5,PWY_7851,,
msbA.5,PWY_7851,,
msbA.6,PWY_7851,,
msbA.6,PWY_7851,,
fbpC,PWY_7851,,
fbpC,PWY_7851,,
pdxJ,PWY_7851,,
pdxJ,PWY_7851,,
Agathobaculum_butyriciproducens,PWY_7851,,
Agathobaculum_butyriciproducens,PWY_7851,,
Blautia_faecis,PWY_7851,,
Blautia_faecis,PWY_7851,,
Clostridium_sp_NSJ_42,PWY_7851,,
Clostridium_sp_NSJ_42,PWY_7851,,
Faecalicatena_fissicatena,PWY_7851,,
Faecalicatena_fissicatena,PWY_7851,,
Fusobacterium_nucleatum,PWY_7851,,
Fusobacterium_nucleatum,PWY_7851,,
Lachnospiraceae_bacterium_NSJ_46,PWY_7851,,
Lachnospiraceae_bacterium_NSJ_46,PWY_7851,,
Limosilactobacillus_fermentum,PWY_7851,,
Limosilactobacillus_fermentum,PWY_7851,,
eccA1.1,THISYNARA_PWY,,
eccA1.1,THISYNARA_PWY,,
msbA.2,THISYNARA_PWY,,
msbA.2,THISYNARA_PWY,,
phoR.2,THISYNARA_PWY,,
phoR.2,THISYNARA_PWY,,
recN,THISYNARA_PWY,,
recN,THISYNARA_PWY,,
cpsG,THISYNARA_PWY,,
cpsG,THISYNARA_PWY,,
msbA.4,THISYNARA_PWY,,
msbA.4,THISYNARA_PWY,,
KP1_RS17305,THISYNARA_PWY,,
KP1_RS17305,THISYNARA_PWY,,
msbA.5,THISYNARA_PWY,,
msbA.5,THISYNARA_PWY,,
msbA.6,THISYNARA_PWY,,
msbA.6,THISYNARA_PWY,,
fbpC,THISYNARA_PWY,,
fbpC,THISYNARA_PWY,,
pdxJ,THISYNARA_PWY,,
pdxJ,THISYNARA_PWY,,
Agathobaculum_butyriciproducens,THISYNARA_PWY,,
Agathobaculum_butyriciproducens,THISYNARA_PWY,,
Blautia_faecis,THISYNARA_PWY,,
Blautia_faecis,THISYNARA_PWY,,
Clostridium_sp_NSJ_42,THISYNARA_PWY,,
Clostridium_sp_NSJ_42,THISYNARA_PWY,,
Faecalicatena_fissicatena,THISYNARA_PWY,,
Faecalicatena_fissicatena,THISYNARA_PWY,,
Fusobacterium_nucleatum,THISYNARA_PWY,,
Fusobacterium_nucleatum,THISYNARA_PWY,,
Limosilactobacillus_fermentum,THISYNARA_PWY,,
Limosilactobacillus_fermentum,THISYNARA_PWY,,