from,to,,
FTT_RS04105,Catenibacterium_SGB4425,,
FTT_RS04105,Catenibacterium_SGB4425,,
ACICU_RS00395,Catenibacterium_SGB4425,,
ACICU_RS00395,Catenibacterium_SGB4425,,
msbA.3,Catenibacterium_SGB4425,,
msbA.3,Catenibacterium_SGB4425,,
eccA1.2,Catenibacterium_SGB4425,,
eccA1.2,Catenibacterium_SGB4425,,
rpoS.1,Limosilactobacillus_fermentum,,
rpoS.1,Limosilactobacillus_fermentum,,
wcbR,Limosilactobacillus_fermentum,,
wcbR,Limosilactobacillus_fermentum,,
lafT,ASPASN_PWY,,
lafT,ASPASN_PWY,,
bioB,ASPASN_PWY,,
bioB,ASPASN_PWY,,
cyaB.1,ASPASN_PWY,,
cyaB.1,ASPASN_PWY,,
rpoS.1,ASPASN_PWY,,
rpoS.1,ASPASN_PWY,,
wcbR,ASPASN_PWY,,
wcbR,ASPASN_PWY,,
flgG,ASPASN_PWY,,
flgG,ASPASN_PWY,,
Fusobacterium_nucleatum,ASPASN_PWY,,
Fusobacterium_nucleatum,ASPASN_PWY,,
Limosilactobacillus_fermentum,ASPASN_PWY,,
Limosilactobacillus_fermentum,ASPASN_PWY,,
bioB,P461_PWY,,
bioB,P461_PWY,,
rpoS.1,P461_PWY,,
rpoS.1,P461_PWY,,
wcbR,P461_PWY,,
wcbR,P461_PWY,,
Limosilactobacillus_fermentum,P461_PWY,,
Limosilactobacillus_fermentum,P461_PWY,,
rpoS.1,PENTOSE_P_PWY,,
rpoS.1,PENTOSE_P_PWY,,
wcbR,PENTOSE_P_PWY,,
wcbR,PENTOSE_P_PWY,,
Limosilactobacillus_fermentum,PENTOSE_P_PWY,,
Limosilactobacillus_fermentum,PENTOSE_P_PWY,,
lafT,PWY_5840,,
lafT,PWY_5840,,
rpoS.1,PWY_5840,,
rpoS.1,PWY_5840,,
flgG,PWY_5840,,
flgG,PWY_5840,,
lafT,PWY0_1298,,
lafT,PWY0_1298,,
rpoS.1,PWY0_1298,,
rpoS.1,PWY0_1298,,
wcbR,PWY0_1298,,
wcbR,PWY0_1298,,
flgG,PWY0_1298,,
flgG,PWY0_1298,,
Limosilactobacillus_fermentum,PWY0_1298,,
Limosilactobacillus_fermentum,PWY0_1298,,
lafT,PWY4FS_7,,
lafT,PWY4FS_7,,
bioB,PWY4FS_7,,
bioB,PWY4FS_7,,
rpoS.1,PWY4FS_7,,
rpoS.1,PWY4FS_7,,
wcbR,PWY4FS_7,,
wcbR,PWY4FS_7,,
flgG,PWY4FS_7,,
flgG,PWY4FS_7,,
Limosilactobacillus_fermentum,PWY4FS_7,,
Limosilactobacillus_fermentum,PWY4FS_7,,
lafT,PWY4FS_8,,
lafT,PWY4FS_8,,
bioB,PWY4FS_8,,
bioB,PWY4FS_8,,
rpoS.1,PWY4FS_8,,
rpoS.1,PWY4FS_8,,
wcbR,PWY4FS_8,,
wcbR,PWY4FS_8,,
flgG,PWY4FS_8,,
flgG,PWY4FS_8,,
Limosilactobacillus_fermentum,PWY4FS_8,,
Limosilactobacillus_fermentum,PWY4FS_8,,
rpoS.1,PWY66_409,,
rpoS.1,PWY66_409,,
wcbR,PWY66_409,,
wcbR,PWY66_409,,
Limosilactobacillus_fermentum,PWY66_409,,
Limosilactobacillus_fermentum,PWY66_409,,
lafT,ANAGLYCOLYSIS_PWY,,
lafT,ANAGLYCOLYSIS_PWY,,
bioB,ANAGLYCOLYSIS_PWY,,
bioB,ANAGLYCOLYSIS_PWY,,
cyaB.1,ANAGLYCOLYSIS_PWY,,
cyaB.1,ANAGLYCOLYSIS_PWY,,
FTT_RS04105,ANAGLYCOLYSIS_PWY,,
FTT_RS04105,ANAGLYCOLYSIS_PWY,,
msbA.3,ANAGLYCOLYSIS_PWY,,
msbA.3,ANAGLYCOLYSIS_PWY,,
rpoS.1,ANAGLYCOLYSIS_PWY,,
rpoS.1,ANAGLYCOLYSIS_PWY,,
eccA1.2,ANAGLYCOLYSIS_PWY,,
eccA1.2,ANAGLYCOLYSIS_PWY,,
wcbR,ANAGLYCOLYSIS_PWY,,
wcbR,ANAGLYCOLYSIS_PWY,,
Fusobacterium_nucleatum,ANAGLYCOLYSIS_PWY,,
Fusobacterium_nucleatum,ANAGLYCOLYSIS_PWY,,
Limosilactobacillus_fermentum,ANAGLYCOLYSIS_PWY,,
Limosilactobacillus_fermentum,ANAGLYCOLYSIS_PWY,,
lafT,ARGSYNBSUB_PWY,,
lafT,ARGSYNBSUB_PWY,,
bioB,ARGSYNBSUB_PWY,,
bioB,ARGSYNBSUB_PWY,,
FTT_RS04105,ARGSYNBSUB_PWY,,
FTT_RS04105,ARGSYNBSUB_PWY,,
msbA.3,ARGSYNBSUB_PWY,,
msbA.3,ARGSYNBSUB_PWY,,
rpoS.1,ARGSYNBSUB_PWY,,
rpoS.1,ARGSYNBSUB_PWY,,
eccA1.2,ARGSYNBSUB_PWY,,
eccA1.2,ARGSYNBSUB_PWY,,
wcbR,ARGSYNBSUB_PWY,,
wcbR,ARGSYNBSUB_PWY,,
Fusobacterium_nucleatum,ARGSYNBSUB_PWY,,
Fusobacterium_nucleatum,ARGSYNBSUB_PWY,,
Limosilactobacillus_fermentum,ARGSYNBSUB_PWY,,
Limosilactobacillus_fermentum,ARGSYNBSUB_PWY,,
lafT,ARO_PWY,,
lafT,ARO_PWY,,
bioB,ARO_PWY,,
bioB,ARO_PWY,,
FTT_RS04105,ARO_PWY,,
FTT_RS04105,ARO_PWY,,
msbA.3,ARO_PWY,,
msbA.3,ARO_PWY,,
rpoS.1,ARO_PWY,,
rpoS.1,ARO_PWY,,
eccA1.2,ARO_PWY,,
eccA1.2,ARO_PWY,,
wcbR,ARO_PWY,,
wcbR,ARO_PWY,,
Fusobacterium_nucleatum,ARO_PWY,,
Fusobacterium_nucleatum,ARO_PWY,,
Limosilactobacillus_fermentum,ARO_PWY,,
Limosilactobacillus_fermentum,ARO_PWY,,
lafT,COA_PWY,,
lafT,COA_PWY,,
bioB,COA_PWY,,
bioB,COA_PWY,,
cyaB.1,COA_PWY,,
cyaB.1,COA_PWY,,
FTT_RS04105,COA_PWY,,
FTT_RS04105,COA_PWY,,
msbA.3,COA_PWY,,
msbA.3,COA_PWY,,
rpoS.1,COA_PWY,,
rpoS.1,COA_PWY,,
eccA1.2,COA_PWY,,
eccA1.2,COA_PWY,,
wcbR,COA_PWY,,
wcbR,COA_PWY,,
Fusobacterium_nucleatum,COA_PWY,,
Fusobacterium_nucleatum,COA_PWY,,
Limosilactobacillus_fermentum,COA_PWY,,
Limosilactobacillus_fermentum,COA_PWY,,
lafT,COA_PWY_1,,
lafT,COA_PWY_1,,
bioB,COA_PWY_1,,
bioB,COA_PWY_1,,
FTT_RS04105,COA_PWY_1,,
FTT_RS04105,COA_PWY_1,,
msbA.3,COA_PWY_1,,
msbA.3,COA_PWY_1,,
rpoS.1,COA_PWY_1,,
rpoS.1,COA_PWY_1,,
eccA1.2,COA_PWY_1,,
eccA1.2,COA_PWY_1,,
wcbR,COA_PWY_1,,
wcbR,COA_PWY_1,,
Fusobacterium_nucleatum,COA_PWY_1,,
Fusobacterium_nucleatum,COA_PWY_1,,
Limosilactobacillus_fermentum,COA_PWY_1,,
Limosilactobacillus_fermentum,COA_PWY_1,,
lafT,COMPLETE_ARO_PWY,,
lafT,COMPLETE_ARO_PWY,,
bioB,COMPLETE_ARO_PWY,,
bioB,COMPLETE_ARO_PWY,,
FTT_RS04105,COMPLETE_ARO_PWY,,
FTT_RS04105,COMPLETE_ARO_PWY,,
msbA.3,COMPLETE_ARO_PWY,,
msbA.3,COMPLETE_ARO_PWY,,
rpoS.1,COMPLETE_ARO_PWY,,
rpoS.1,COMPLETE_ARO_PWY,,
eccA1.2,COMPLETE_ARO_PWY,,
eccA1.2,COMPLETE_ARO_PWY,,
wcbR,COMPLETE_ARO_PWY,,
wcbR,COMPLETE_ARO_PWY,,
Fusobacterium_nucleatum,COMPLETE_ARO_PWY,,
Fusobacterium_nucleatum,COMPLETE_ARO_PWY,,
Limosilactobacillus_fermentum,COMPLETE_ARO_PWY,,
Limosilactobacillus_fermentum,COMPLETE_ARO_PWY,,
lafT,DTDPRHAMSYN_PWY,,
lafT,DTDPRHAMSYN_PWY,,
FTT_RS04105,DTDPRHAMSYN_PWY,,
FTT_RS04105,DTDPRHAMSYN_PWY,,
msbA.3,DTDPRHAMSYN_PWY,,
msbA.3,DTDPRHAMSYN_PWY,,
rpoS.1,DTDPRHAMSYN_PWY,,
rpoS.1,DTDPRHAMSYN_PWY,,
eccA1.2,DTDPRHAMSYN_PWY,,
eccA1.2,DTDPRHAMSYN_PWY,,
wcbR,DTDPRHAMSYN_PWY,,
wcbR,DTDPRHAMSYN_PWY,,
Fusobacterium_nucleatum,DTDPRHAMSYN_PWY,,
Fusobacterium_nucleatum,DTDPRHAMSYN_PWY,,
Limosilactobacillus_fermentum,DTDPRHAMSYN_PWY,,
Limosilactobacillus_fermentum,DTDPRHAMSYN_PWY,,
bioB,GLYCOGENSYNTH_PWY,,
bioB,GLYCOGENSYNTH_PWY,,
FTT_RS04105,GLYCOGENSYNTH_PWY,,
FTT_RS04105,GLYCOGENSYNTH_PWY,,
msbA.3,GLYCOGENSYNTH_PWY,,
msbA.3,GLYCOGENSYNTH_PWY,,
rpoS.1,GLYCOGENSYNTH_PWY,,
rpoS.1,GLYCOGENSYNTH_PWY,,
eccA1.2,GLYCOGENSYNTH_PWY,,
eccA1.2,GLYCOGENSYNTH_PWY,,
wcbR,GLYCOGENSYNTH_PWY,,
wcbR,GLYCOGENSYNTH_PWY,,
Fusobacterium_nucleatum,GLYCOGENSYNTH_PWY,,
Fusobacterium_nucleatum,GLYCOGENSYNTH_PWY,,
Limosilactobacillus_fermentum,GLYCOGENSYNTH_PWY,,
Limosilactobacillus_fermentum,GLYCOGENSYNTH_PWY,,
lafT,HISTSYN_PWY,,
lafT,HISTSYN_PWY,,
FTT_RS04105,HISTSYN_PWY,,
FTT_RS04105,HISTSYN_PWY,,
msbA.3,HISTSYN_PWY,,
msbA.3,HISTSYN_PWY,,
rpoS.1,HISTSYN_PWY,,
rpoS.1,HISTSYN_PWY,,
eccA1.2,HISTSYN_PWY,,
eccA1.2,HISTSYN_PWY,,
wcbR,HISTSYN_PWY,,
wcbR,HISTSYN_PWY,,
Fusobacterium_nucleatum,HISTSYN_PWY,,
Fusobacterium_nucleatum,HISTSYN_PWY,,
Limosilactobacillus_fermentum,HISTSYN_PWY,,
Limosilactobacillus_fermentum,HISTSYN_PWY,,
FTT_RS04105,NONMEVIPP_PWY,,
FTT_RS04105,NONMEVIPP_PWY,,
msbA.3,NONMEVIPP_PWY,,
msbA.3,NONMEVIPP_PWY,,
rpoS.1,NONMEVIPP_PWY,,
rpoS.1,NONMEVIPP_PWY,,
eccA1.2,NONMEVIPP_PWY,,
eccA1.2,NONMEVIPP_PWY,,
wcbR,NONMEVIPP_PWY,,
wcbR,NONMEVIPP_PWY,,
Fusobacterium_nucleatum,NONMEVIPP_PWY,,
Fusobacterium_nucleatum,NONMEVIPP_PWY,,
Limosilactobacillus_fermentum,NONMEVIPP_PWY,,
Limosilactobacillus_fermentum,NONMEVIPP_PWY,,
lafT,PANTO_PWY,,
lafT,PANTO_PWY,,
bioB,PANTO_PWY,,
bioB,PANTO_PWY,,
rpoS.1,PANTO_PWY,,
rpoS.1,PANTO_PWY,,
wcbR,PANTO_PWY,,
wcbR,PANTO_PWY,,
Fusobacterium_nucleatum,PANTO_PWY,,
Fusobacterium_nucleatum,PANTO_PWY,,
Limosilactobacillus_fermentum,PANTO_PWY,,
Limosilactobacillus_fermentum,PANTO_PWY,,
lafT,PANTOSYN_PWY,,
lafT,PANTOSYN_PWY,,
bioB,PANTOSYN_PWY,,
bioB,PANTOSYN_PWY,,
FTT_RS04105,PANTOSYN_PWY,,
FTT_RS04105,PANTOSYN_PWY,,
msbA.3,PANTOSYN_PWY,,
msbA.3,PANTOSYN_PWY,,
rpoS.1,PANTOSYN_PWY,,
rpoS.1,PANTOSYN_PWY,,
eccA1.2,PANTOSYN_PWY,,
eccA1.2,PANTOSYN_PWY,,
wcbR,PANTOSYN_PWY,,
wcbR,PANTOSYN_PWY,,
Fusobacterium_nucleatum,PANTOSYN_PWY,,
Fusobacterium_nucleatum,PANTOSYN_PWY,,
Limosilactobacillus_fermentum,PANTOSYN_PWY,,
Limosilactobacillus_fermentum,PANTOSYN_PWY,,
lafT,PEPTIDOGLYCANSYN_PWY,,
lafT,PEPTIDOGLYCANSYN_PWY,,
bioB,PEPTIDOGLYCANSYN_PWY,,
bioB,PEPTIDOGLYCANSYN_PWY,,
FTT_RS04105,PEPTIDOGLYCANSYN_PWY,,
FTT_RS04105,PEPTIDOGLYCANSYN_PWY,,
ACICU_RS00395,PEPTIDOGLYCANSYN_PWY,,
ACICU_RS00395,PEPTIDOGLYCANSYN_PWY,,
msbA.3,PEPTIDOGLYCANSYN_PWY,,
msbA.3,PEPTIDOGLYCANSYN_PWY,,
rpoS.1,PEPTIDOGLYCANSYN_PWY,,
rpoS.1,PEPTIDOGLYCANSYN_PWY,,
eccA1.2,PEPTIDOGLYCANSYN_PWY,,
eccA1.2,PEPTIDOGLYCANSYN_PWY,,
wcbR,PEPTIDOGLYCANSYN_PWY,,
wcbR,PEPTIDOGLYCANSYN_PWY,,
Fusobacterium_nucleatum,PEPTIDOGLYCANSYN_PWY,,
Fusobacterium_nucleatum,PEPTIDOGLYCANSYN_PWY,,
Limosilactobacillus_fermentum,PEPTIDOGLYCANSYN_PWY,,
Limosilactobacillus_fermentum,PEPTIDOGLYCANSYN_PWY,,
lafT,PWY_3841,,
lafT,PWY_3841,,
bioB,PWY_3841,,
bioB,PWY_3841,,
FTT_RS04105,PWY_3841,,
FTT_RS04105,PWY_3841,,
msbA.3,PWY_3841,,
msbA.3,PWY_3841,,
rpoS.1,PWY_3841,,
rpoS.1,PWY_3841,,
eccA1.2,PWY_3841,,
eccA1.2,PWY_3841,,
wcbR,PWY_3841,,
wcbR,PWY_3841,,
Fusobacterium_nucleatum,PWY_3841,,
Fusobacterium_nucleatum,PWY_3841,,
Limosilactobacillus_fermentum,PWY_3841,,
Limosilactobacillus_fermentum,PWY_3841,,
lafT,PWY_5097,,
lafT,PWY_5097,,
bioB,PWY_5097,,
bioB,PWY_5097,,
cyaB.1,PWY_5097,,
cyaB.1,PWY_5097,,
FTT_RS04105,PWY_5097,,
FTT_RS04105,PWY_5097,,
msbA.3,PWY_5097,,
msbA.3,PWY_5097,,
rpoS.1,PWY_5097,,
rpoS.1,PWY_5097,,
eccA1.2,PWY_5097,,
eccA1.2,PWY_5097,,
wcbR,PWY_5097,,
wcbR,PWY_5097,,
Fusobacterium_nucleatum,PWY_5097,,
Fusobacterium_nucleatum,PWY_5097,,
Limosilactobacillus_fermentum,PWY_5097,,
Limosilactobacillus_fermentum,PWY_5097,,
lafT,PWY_5686,,
lafT,PWY_5686,,
bioB,PWY_5686,,
bioB,PWY_5686,,
FTT_RS04105,PWY_5686,,
FTT_RS04105,PWY_5686,,
msbA.3,PWY_5686,,
msbA.3,PWY_5686,,
rpoS.1,PWY_5686,,
rpoS.1,PWY_5686,,
eccA1.2,PWY_5686,,
eccA1.2,PWY_5686,,
wcbR,PWY_5686,,
wcbR,PWY_5686,,
Fusobacterium_nucleatum,PWY_5686,,
Fusobacterium_nucleatum,PWY_5686,,
Limosilactobacillus_fermentum,PWY_5686,,
Limosilactobacillus_fermentum,PWY_5686,,
lafT,PWY_6151,,
lafT,PWY_6151,,
bioB,PWY_6151,,
bioB,PWY_6151,,
cyaB.1,PWY_6151,,
cyaB.1,PWY_6151,,
FTT_RS04105,PWY_6151,,
FTT_RS04105,PWY_6151,,
msbA.3,PWY_6151,,
msbA.3,PWY_6151,,
rpoS.1,PWY_6151,,
rpoS.1,PWY_6151,,
eccA1.2,PWY_6151,,
eccA1.2,PWY_6151,,
wcbR,PWY_6151,,
wcbR,PWY_6151,,
Fusobacterium_nucleatum,PWY_6151,,
Fusobacterium_nucleatum,PWY_6151,,
Limosilactobacillus_fermentum,PWY_6151,,
Limosilactobacillus_fermentum,PWY_6151,,
lafT,PWY_6163,,
lafT,PWY_6163,,
bioB,PWY_6163,,
bioB,PWY_6163,,
FTT_RS04105,PWY_6163,,
FTT_RS04105,PWY_6163,,
msbA.3,PWY_6163,,
msbA.3,PWY_6163,,
rpoS.1,PWY_6163,,
rpoS.1,PWY_6163,,
eccA1.2,PWY_6163,,
eccA1.2,PWY_6163,,
wcbR,PWY_6163,,
wcbR,PWY_6163,,
Fusobacterium_nucleatum,PWY_6163,,
Fusobacterium_nucleatum,PWY_6163,,
Limosilactobacillus_fermentum,PWY_6163,,
Limosilactobacillus_fermentum,PWY_6163,,
lafT,PWY_6385,,
lafT,PWY_6385,,
bioB,PWY_6385,,
bioB,PWY_6385,,
FTT_RS04105,PWY_6385,,
FTT_RS04105,PWY_6385,,
msbA.3,PWY_6385,,
msbA.3,PWY_6385,,
rpoS.1,PWY_6385,,
rpoS.1,PWY_6385,,
eccA1.2,PWY_6385,,
eccA1.2,PWY_6385,,
wcbR,PWY_6385,,
wcbR,PWY_6385,,
Fusobacterium_nucleatum,PWY_6385,,
Fusobacterium_nucleatum,PWY_6385,,
Limosilactobacillus_fermentum,PWY_6385,,
Limosilactobacillus_fermentum,PWY_6385,,
lafT,PWY_6386,,
lafT,PWY_6386,,
bioB,PWY_6386,,
bioB,PWY_6386,,
FTT_RS04105,PWY_6386,,
FTT_RS04105,PWY_6386,,
ACICU_RS00395,PWY_6386,,
ACICU_RS00395,PWY_6386,,
msbA.3,PWY_6386,,
msbA.3,PWY_6386,,
rpoS.1,PWY_6386,,
rpoS.1,PWY_6386,,
eccA1.2,PWY_6386,,
eccA1.2,PWY_6386,,
wcbR,PWY_6386,,
wcbR,PWY_6386,,
Fusobacterium_nucleatum,PWY_6386,,
Fusobacterium_nucleatum,PWY_6386,,
Limosilactobacillus_fermentum,PWY_6386,,
Limosilactobacillus_fermentum,PWY_6386,,
lafT,PWY_6387,,
lafT,PWY_6387,,
bioB,PWY_6387,,
bioB,PWY_6387,,
FTT_RS04105,PWY_6387,,
FTT_RS04105,PWY_6387,,
msbA.3,PWY_6387,,
msbA.3,PWY_6387,,
rpoS.1,PWY_6387,,
rpoS.1,PWY_6387,,
eccA1.2,PWY_6387,,
eccA1.2,PWY_6387,,
wcbR,PWY_6387,,
wcbR,PWY_6387,,
Fusobacterium_nucleatum,PWY_6387,,
Fusobacterium_nucleatum,PWY_6387,,
Limosilactobacillus_fermentum,PWY_6387,,
Limosilactobacillus_fermentum,PWY_6387,,
FTT_RS04105,PWY_6700,,
FTT_RS04105,PWY_6700,,
ACICU_RS00395,PWY_6700,,
ACICU_RS00395,PWY_6700,,
msbA.3,PWY_6700,,
msbA.3,PWY_6700,,
rpoS.1,PWY_6700,,
rpoS.1,PWY_6700,,
eccA1.2,PWY_6700,,
eccA1.2,PWY_6700,,
wcbR,PWY_6700,,
wcbR,PWY_6700,,
Fusobacterium_nucleatum,PWY_6700,,
Fusobacterium_nucleatum,PWY_6700,,
Limosilactobacillus_fermentum,PWY_6700,,
Limosilactobacillus_fermentum,PWY_6700,,
bioB,PWY_7238,,
bioB,PWY_7238,,
FTT_RS04105,PWY_7238,,
FTT_RS04105,PWY_7238,,
msbA.3,PWY_7238,,
msbA.3,PWY_7238,,
rpoS.1,PWY_7238,,
rpoS.1,PWY_7238,,
eccA1.2,PWY_7238,,
eccA1.2,PWY_7238,,
wcbR,PWY_7238,,
wcbR,PWY_7238,,
Fusobacterium_nucleatum,PWY_7238,,
Fusobacterium_nucleatum,PWY_7238,,
Limosilactobacillus_fermentum,PWY_7238,,
Limosilactobacillus_fermentum,PWY_7238,,
lafT,PWY_7790,,
lafT,PWY_7790,,
bioB,PWY_7790,,
bioB,PWY_7790,,
FTT_RS04105,PWY_7790,,
FTT_RS04105,PWY_7790,,
msbA.3,PWY_7790,,
msbA.3,PWY_7790,,
rpoS.1,PWY_7790,,
rpoS.1,PWY_7790,,
eccA1.2,PWY_7790,,
eccA1.2,PWY_7790,,
wcbR,PWY_7790,,
wcbR,PWY_7790,,
Fusobacterium_nucleatum,PWY_7790,,
Fusobacterium_nucleatum,PWY_7790,,
Limosilactobacillus_fermentum,PWY_7790,,
Limosilactobacillus_fermentum,PWY_7790,,
lafT,PWY_7791,,
lafT,PWY_7791,,
bioB,PWY_7791,,
bioB,PWY_7791,,
FTT_RS04105,PWY_7791,,
FTT_RS04105,PWY_7791,,
msbA.3,PWY_7791,,
msbA.3,PWY_7791,,
rpoS.1,PWY_7791,,
rpoS.1,PWY_7791,,
eccA1.2,PWY_7791,,
eccA1.2,PWY_7791,,
wcbR,PWY_7791,,
wcbR,PWY_7791,,
Fusobacterium_nucleatum,PWY_7791,,
Fusobacterium_nucleatum,PWY_7791,,
Limosilactobacillus_fermentum,PWY_7791,,
Limosilactobacillus_fermentum,PWY_7791,,
bioB,PWY_7851,,
bioB,PWY_7851,,
FTT_RS04105,PWY_7851,,
FTT_RS04105,PWY_7851,,
msbA.3,PWY_7851,,
msbA.3,PWY_7851,,
rpoS.1,PWY_7851,,
rpoS.1,PWY_7851,,
eccA1.2,PWY_7851,,
eccA1.2,PWY_7851,,
wcbR,PWY_7851,,
wcbR,PWY_7851,,
Fusobacterium_nucleatum,PWY_7851,,
Fusobacterium_nucleatum,PWY_7851,,
Limosilactobacillus_fermentum,PWY_7851,,
Limosilactobacillus_fermentum,PWY_7851,,
FTT_RS04105,THISYNARA_PWY,,
FTT_RS04105,THISYNARA_PWY,,
rpoS.1,THISYNARA_PWY,,
rpoS.1,THISYNARA_PWY,,
eccA1.2,THISYNARA_PWY,,
eccA1.2,THISYNARA_PWY,,
wcbR,THISYNARA_PWY,,
wcbR,THISYNARA_PWY,,
Fusobacterium_nucleatum,THISYNARA_PWY,,
Fusobacterium_nucleatum,THISYNARA_PWY,,
Limosilactobacillus_fermentum,THISYNARA_PWY,,
Limosilactobacillus_fermentum,THISYNARA_PWY,,