"id","type"
"clbB","Gene"
"lafT","Gene"
"gspJ","Gene"
"phoR.1","Gene"
"ccmB","Gene"
"fslD","Gene"
"acrB","Gene"
"FTT_RS04105","Gene"
"msbA.3","Gene"
"ppkA.1","Gene"
"adsA.2","Gene"
"KP1_RS17305","Gene"
"relA.2","Gene"
"bauE","Gene"
"mntB","Gene"
"gspF","Gene"
"pdxJ","Gene"
"ybtQ","Gene"
"clpC.2","Gene"
"flgG","Gene"
"focC","Gene"
"pchH","Gene"
"Blautia_faecis","Species"
"Blautia_obeum","Species"
"Catenibacterium_SGB4425","Species"
"Dorea_formicigenerans","Species"
"Dorea_longicatena","Species"
"Erysipelatoclostridium_ramosum","Species"
"Faecalibacillus_intestinalis","Species"
"Fusicatenibacter_saccharivorans","Species"
"Fusobacterium_nucleatum","Species"
"GGB3277_SGB4327","Species"
"Lachnospiraceae_bacterium","Species"
"Lachnospiraceae_bacterium_NSJ_29","Species"
"Limosilactobacillus_fermentum","Species"
"Ruthenibacterium_lactatiformans","Species"
"ASPASN_PWY","Pathway"
"P461_PWY","Pathway"
"PENTOSE_P_PWY","Pathway"
"PWY_5989","Pathway"
"PWY_6282","Pathway"
"PWY_7663","Pathway"
"PWY0_1297","Pathway"
"PWY0_1298","Pathway"
"PWY0_1477","Pathway"
"PWY4FS_7","Pathway"
"PWY4FS_8","Pathway"
"PWY66_409","Pathway"
"ANAGLYCOLYSIS_PWY","Pathway"
"ARGSYNBSUB_PWY","Pathway"
"ARO_PWY","Pathway"
"COA_PWY","Pathway"
"COA_PWY_1","Pathway"
"COMPLETE_ARO_PWY","Pathway"
"DTDPRHAMSYN_PWY","Pathway"
"GLYCOGENSYNTH_PWY","Pathway"
"HISTSYN_PWY","Pathway"
"NONMEVIPP_PWY","Pathway"
"PANTO_PWY","Pathway"
"PANTOSYN_PWY","Pathway"
"PEPTIDOGLYCANSYN_PWY","Pathway"
"PWY_3841","Pathway"
"PWY_5097","Pathway"
"PWY_5686","Pathway"
"PWY_6151","Pathway"
"PWY_6163","Pathway"
"PWY_6385","Pathway"
"PWY_6386","Pathway"
"PWY_6387","Pathway"
"PWY_6470","Pathway"
"PWY_6700","Pathway"
"PWY_7238","Pathway"
"PWY_7790","Pathway"
"PWY_7791","Pathway"
"PWY_7851","Pathway"
"THISYNARA_PWY","Pathway"
