from,to
lafT,ASPASN_PWY
lafT,FASYN_ELONG_PWY
lafT,GLYCOLYSIS_E_D
lafT,HOMOSER_METSYN_PWY
lafT,P161_PWY
lafT,P461_PWY
lafT,PENTOSE_P_PWY
lafT,POLYISOPRENSYN_PWY
lafT,PWY_5838
lafT,PWY_5840
lafT,PWY_5861
lafT,PWY_5897
lafT,PWY_5898
lafT,PWY_5899
lafT,PWY_5918
lafT,PWY_5989
lafT,PWY_6147
lafT,PWY_6282
lafT,PWY_6961
lafT,PWY_7663
lafT,PWY_7664
lafT,PWY0_1297
lafT,PWY0_1298
lafT,PWY0_1477
lafT,PWY0_301
lafT,PWY0_862
lafT,PWY4FS_7
lafT,PWY4FS_8
lafT,PWY66_409
lafT,ANAGLYCOLYSIS_PWY
lafT,ARGSYNBSUB_PWY
lafT,ARO_PWY
lafT,COA_PWY
lafT,COA_PWY_1
lafT,COMPLETE_ARO_PWY
lafT,DTDPRHAMSYN_PWY
lafT,GLYCOGENSYNTH_PWY
lafT,HISTSYN_PWY
lafT,NONMEVIPP_PWY
lafT,PANTO_PWY
lafT,PANTOSYN_PWY
lafT,PEPTIDOGLYCANSYN_PWY
lafT,PWY_3841
lafT,PWY_5097
lafT,PWY_5686
lafT,PWY_6151
lafT,PWY_6163
lafT,PWY_6385
lafT,PWY_6386
lafT,PWY_6387
lafT,PWY_6700
lafT,PWY_7238
lafT,PWY_7790
lafT,PWY_7791
lafT,PWY_7851
lafT,THISYNARA_PWY
gspJ,ASPASN_PWY
gspJ,P461_PWY
gspJ,PWY0_1298
gspJ,PWY66_409
gspJ,ANAGLYCOLYSIS_PWY
gspJ,ARGSYNBSUB_PWY
gspJ,ARO_PWY
gspJ,COA_PWY
gspJ,COA_PWY_1
gspJ,COMPLETE_ARO_PWY
gspJ,DTDPRHAMSYN_PWY
gspJ,GLYCOGENSYNTH_PWY
gspJ,PANTO_PWY
gspJ,PANTOSYN_PWY
gspJ,PEPTIDOGLYCANSYN_PWY
gspJ,PWY_3841
gspJ,PWY_5097
gspJ,PWY_5686
gspJ,PWY_6151
gspJ,PWY_6163
gspJ,PWY_6385
gspJ,PWY_6386
gspJ,PWY_6387
gspJ,PWY_7238
gspJ,PWY_7790
gspJ,PWY_7791
gspJ,PWY_7851
misL,ASPASN_PWY
misL,HOMOSER_METSYN_PWY
misL,P161_PWY
misL,P461_PWY
misL,PENTOSE_P_PWY
misL,PWY_5840
misL,PWY_5897
misL,PWY_5898
misL,PWY_5899
misL,PWY_5918
misL,PWY_5989
misL,PWY_6961
misL,PWY0_1297
misL,PWY0_1298
misL,PWY0_1477
misL,PWY0_301
misL,PWY4FS_7
misL,PWY4FS_8
misL,PWY66_409
misL,ANAGLYCOLYSIS_PWY
misL,ARGSYNBSUB_PWY
misL,ARO_PWY
misL,COA_PWY
misL,COA_PWY_1
misL,COMPLETE_ARO_PWY
misL,DTDPRHAMSYN_PWY
misL,GLYCOGENSYNTH_PWY
misL,NONMEVIPP_PWY
misL,PANTO_PWY
misL,PANTOSYN_PWY
misL,PEPTIDOGLYCANSYN_PWY
misL,PWY_3841
misL,PWY_5097
misL,PWY_5686
misL,PWY_6151
misL,PWY_6163
misL,PWY_6385
misL,PWY_6386
misL,PWY_6387
misL,PWY_6700
misL,PWY_7238
misL,PWY_7790
misL,PWY_7791
misL,PWY_7851
letA,ASPASN_PWY
letA,P161_PWY
letA,P461_PWY
letA,PWY0_1297
letA,PWY0_1298
letA,PWY66_409
letA,ANAGLYCOLYSIS_PWY
letA,ARGSYNBSUB_PWY
letA,ARO_PWY
letA,COA_PWY
letA,COA_PWY_1
letA,COMPLETE_ARO_PWY
letA,DTDPRHAMSYN_PWY
letA,GLYCOGENSYNTH_PWY
letA,PANTO_PWY
letA,PANTOSYN_PWY
letA,PEPTIDOGLYCANSYN_PWY
letA,PWY_3841
letA,PWY_5097
letA,PWY_5686
letA,PWY_6151
letA,PWY_6163
letA,PWY_6385
letA,PWY_6386
letA,PWY_6387
letA,PWY_6700
letA,PWY_7238
letA,PWY_7790
letA,PWY_7791
letA,PWY_7851
gndA,ASPASN_PWY
gndA,P161_PWY
gndA,P461_PWY
gndA,PENTOSE_P_PWY
gndA,PWY_5840
gndA,PWY_5918
gndA,PWY_5989
gndA,PWY_6961
gndA,PWY0_1297
gndA,PWY0_1298
gndA,PWY0_1477
gndA,PWY0_301
gndA,PWY4FS_7
gndA,PWY4FS_8
gndA,PWY66_409
gndA,ANAGLYCOLYSIS_PWY
gndA,ARGSYNBSUB_PWY
gndA,ARO_PWY
gndA,COA_PWY
gndA,COA_PWY_1
gndA,COMPLETE_ARO_PWY
gndA,DTDPRHAMSYN_PWY
gndA,GLYCOGENSYNTH_PWY
gndA,HISTSYN_PWY
gndA,NONMEVIPP_PWY
gndA,PANTO_PWY
gndA,PANTOSYN_PWY
gndA,PEPTIDOGLYCANSYN_PWY
gndA,PWY_3841
gndA,PWY_5097
gndA,PWY_5686
gndA,PWY_6151
gndA,PWY_6163
gndA,PWY_6385
gndA,PWY_6386
gndA,PWY_6387
gndA,PWY_6700
gndA,PWY_7238
gndA,PWY_7790
gndA,PWY_7791
gndA,PWY_7851
fimH,ASPASN_PWY
fimH,P461_PWY
fimH,PENTOSE_P_PWY
fimH,PWY_5989
fimH,PWY0_1297
fimH,PWY0_1298
fimH,PWY0_1477
fimH,PWY4FS_7
fimH,PWY4FS_8
fimH,PWY66_409
fimH,ANAGLYCOLYSIS_PWY
fimH,ARGSYNBSUB_PWY
fimH,ARO_PWY
fimH,COA_PWY
fimH,COA_PWY_1
fimH,COMPLETE_ARO_PWY
fimH,DTDPRHAMSYN_PWY
fimH,GLYCOGENSYNTH_PWY
fimH,HISTSYN_PWY
fimH,NONMEVIPP_PWY
fimH,PANTO_PWY
fimH,PANTOSYN_PWY
fimH,PEPTIDOGLYCANSYN_PWY
fimH,PWY_3841
fimH,PWY_5097
fimH,PWY_5686
fimH,PWY_6151
fimH,PWY_6163
fimH,PWY_6385
fimH,PWY_6386
fimH,PWY_6387
fimH,PWY_6700
fimH,PWY_7238
fimH,PWY_7790
fimH,PWY_7791
fimH,PWY_7851
ACICU_RS00395,Catenibacterium_SGB4425
ACICU_RS00395,ASPASN_PWY
ACICU_RS00395,PENTOSE_P_PWY
ACICU_RS00395,PWY_7663
ACICU_RS00395,PWY66_409
ACICU_RS00395,ANAGLYCOLYSIS_PWY
ACICU_RS00395,ARGSYNBSUB_PWY
ACICU_RS00395,ARO_PWY
ACICU_RS00395,COA_PWY
ACICU_RS00395,COA_PWY_1
ACICU_RS00395,COMPLETE_ARO_PWY
ACICU_RS00395,DTDPRHAMSYN_PWY
ACICU_RS00395,GLYCOGENSYNTH_PWY
ACICU_RS00395,HISTSYN_PWY
ACICU_RS00395,NONMEVIPP_PWY
ACICU_RS00395,PANTO_PWY
ACICU_RS00395,PANTOSYN_PWY
ACICU_RS00395,PEPTIDOGLYCANSYN_PWY
ACICU_RS00395,PWY_3841
ACICU_RS00395,PWY_5097
ACICU_RS00395,PWY_5686
ACICU_RS00395,PWY_6151
ACICU_RS00395,PWY_6163
ACICU_RS00395,PWY_6385
ACICU_RS00395,PWY_6386
ACICU_RS00395,PWY_6387
ACICU_RS00395,PWY_6700
ACICU_RS00395,PWY_7238
ACICU_RS00395,PWY_7790
ACICU_RS00395,PWY_7791
ACICU_RS00395,PWY_7851
msbA.3,Catenibacterium_SGB4425
msbA.3,ASPASN_PWY
msbA.3,ANAGLYCOLYSIS_PWY
msbA.3,ARGSYNBSUB_PWY
msbA.3,ARO_PWY
msbA.3,COA_PWY
msbA.3,COA_PWY_1
msbA.3,COMPLETE_ARO_PWY
msbA.3,DTDPRHAMSYN_PWY
msbA.3,GLYCOGENSYNTH_PWY
msbA.3,NONMEVIPP_PWY
msbA.3,PANTO_PWY
msbA.3,PANTOSYN_PWY
msbA.3,PEPTIDOGLYCANSYN_PWY
msbA.3,PWY_3841
msbA.3,PWY_5097
msbA.3,PWY_5686
msbA.3,PWY_6151
msbA.3,PWY_6163
msbA.3,PWY_6385
msbA.3,PWY_6386
msbA.3,PWY_6387
msbA.3,PWY_6700
msbA.3,PWY_7238
msbA.3,PWY_7790
msbA.3,PWY_7791
msbA.3,PWY_7851
rpoS.1,ASPASN_PWY
rpoS.1,PWY66_409
rpoS.1,ANAGLYCOLYSIS_PWY
rpoS.1,ARGSYNBSUB_PWY
rpoS.1,ARO_PWY
rpoS.1,COA_PWY
rpoS.1,COA_PWY_1
rpoS.1,COMPLETE_ARO_PWY
rpoS.1,DTDPRHAMSYN_PWY
rpoS.1,GLYCOGENSYNTH_PWY
rpoS.1,PANTO_PWY
rpoS.1,PANTOSYN_PWY
rpoS.1,PEPTIDOGLYCANSYN_PWY
rpoS.1,PWY_3841
rpoS.1,PWY_5097
rpoS.1,PWY_5686
rpoS.1,PWY_6151
rpoS.1,PWY_6163
rpoS.1,PWY_6385
rpoS.1,PWY_6386
rpoS.1,PWY_6387
rpoS.1,PWY_6700
rpoS.1,PWY_7238
rpoS.1,PWY_7790
rpoS.1,PWY_7791
rpoS.1,PWY_7851
KP1_RS17305,Fusobacterium_nucleatum
KP1_RS17305,Limosilactobacillus_fermentum
KP1_RS17305,ASPASN_PWY
KP1_RS17305,FASYN_ELONG_PWY
KP1_RS17305,GLYCOLYSIS_E_D
KP1_RS17305,HOMOSER_METSYN_PWY
KP1_RS17305,P161_PWY
KP1_RS17305,P461_PWY
KP1_RS17305,PENTOSE_P_PWY
KP1_RS17305,POLYISOPRENSYN_PWY
KP1_RS17305,PWY_5838
KP1_RS17305,PWY_5840
KP1_RS17305,PWY_5861
KP1_RS17305,PWY_5897
KP1_RS17305,PWY_5898
KP1_RS17305,PWY_5899
KP1_RS17305,PWY_5918
KP1_RS17305,PWY_5989
KP1_RS17305,PWY_6147
KP1_RS17305,PWY_6282
KP1_RS17305,PWY_6961
KP1_RS17305,PWY_7663
KP1_RS17305,PWY_7664
KP1_RS17305,PWY0_1297
KP1_RS17305,PWY0_1298
KP1_RS17305,PWY0_1477
KP1_RS17305,PWY0_301
KP1_RS17305,PWY0_862
KP1_RS17305,PWY4FS_7
KP1_RS17305,PWY4FS_8
KP1_RS17305,PWY66_409
KP1_RS17305,ANAGLYCOLYSIS_PWY
KP1_RS17305,ARGSYNBSUB_PWY
KP1_RS17305,ARO_PWY
KP1_RS17305,COA_PWY
KP1_RS17305,COA_PWY_1
KP1_RS17305,COMPLETE_ARO_PWY
KP1_RS17305,DTDPRHAMSYN_PWY
KP1_RS17305,GLYCOGENSYNTH_PWY
KP1_RS17305,HISTSYN_PWY
KP1_RS17305,NONMEVIPP_PWY
KP1_RS17305,PANTO_PWY
KP1_RS17305,PANTOSYN_PWY
KP1_RS17305,PEPTIDOGLYCANSYN_PWY
KP1_RS17305,PWY_3841
KP1_RS17305,PWY_5097
KP1_RS17305,PWY_5686
KP1_RS17305,PWY_6151
KP1_RS17305,PWY_6163
KP1_RS17305,PWY_6385
KP1_RS17305,PWY_6386
KP1_RS17305,PWY_6387
KP1_RS17305,PWY_6700
KP1_RS17305,PWY_7238
KP1_RS17305,PWY_7790
KP1_RS17305,PWY_7791
KP1_RS17305,PWY_7851
KP1_RS17305,THISYNARA_PWY
relA.2,Catenibacterium_SGB4425
relA.2,ASPASN_PWY
relA.2,ANAGLYCOLYSIS_PWY
relA.2,ARGSYNBSUB_PWY
relA.2,ARO_PWY
relA.2,COA_PWY
relA.2,COA_PWY_1
relA.2,COMPLETE_ARO_PWY
relA.2,DTDPRHAMSYN_PWY
relA.2,GLYCOGENSYNTH_PWY
relA.2,HISTSYN_PWY
relA.2,NONMEVIPP_PWY
relA.2,PANTO_PWY
relA.2,PANTOSYN_PWY
relA.2,PEPTIDOGLYCANSYN_PWY
relA.2,PWY_3841
relA.2,PWY_5097
relA.2,PWY_5686
relA.2,PWY_6151
relA.2,PWY_6163
relA.2,PWY_6385
relA.2,PWY_6386
relA.2,PWY_6387
relA.2,PWY_6700
relA.2,PWY_7238
relA.2,PWY_7790
relA.2,PWY_7791
relA.2,PWY_7851
wcbR,ASPASN_PWY
wcbR,FASYN_ELONG_PWY
wcbR,GLYCOLYSIS_E_D
wcbR,P161_PWY
wcbR,P461_PWY
wcbR,PENTOSE_P_PWY
wcbR,PWY_5989
wcbR,PWY_6282
wcbR,PWY_7663
wcbR,PWY_7664
wcbR,PWY0_1297
wcbR,PWY0_1298
wcbR,PWY0_1477
wcbR,PWY0_862
wcbR,PWY4FS_7
wcbR,PWY4FS_8
wcbR,PWY66_409
wcbR,ANAGLYCOLYSIS_PWY
wcbR,ARGSYNBSUB_PWY
wcbR,ARO_PWY
wcbR,COA_PWY
wcbR,COA_PWY_1
wcbR,COMPLETE_ARO_PWY
wcbR,DTDPRHAMSYN_PWY
wcbR,GLYCOGENSYNTH_PWY
wcbR,HISTSYN_PWY
wcbR,NONMEVIPP_PWY
wcbR,PANTO_PWY
wcbR,PANTOSYN_PWY
wcbR,PEPTIDOGLYCANSYN_PWY
wcbR,PWY_3841
wcbR,PWY_5097
wcbR,PWY_5686
wcbR,PWY_6151
wcbR,PWY_6163
wcbR,PWY_6385
wcbR,PWY_6386
wcbR,PWY_6387
wcbR,PWY_6700
wcbR,PWY_7238
wcbR,PWY_7790
wcbR,PWY_7791
wcbR,PWY_7851
wcbR,THISYNARA_PWY
ybtQ,Catenibacterium_SGB4425
ybtQ,ARO_PWY
ybtQ,COA_PWY
ybtQ,COA_PWY_1
ybtQ,COMPLETE_ARO_PWY
ybtQ,DTDPRHAMSYN_PWY
ybtQ,PEPTIDOGLYCANSYN_PWY
ybtQ,PWY_3841
ybtQ,PWY_5686
ybtQ,PWY_6163
ybtQ,PWY_6385
ybtQ,PWY_6386
ybtQ,PWY_6387
ybtQ,PWY_7790
ybtQ,PWY_7791
ybtQ,PWY_7851
clpC.2,Catenibacterium_SGB4425
clpC.2,ANAGLYCOLYSIS_PWY
clpC.2,ARO_PWY
clpC.2,COA_PWY
clpC.2,COA_PWY_1
clpC.2,COMPLETE_ARO_PWY
clpC.2,DTDPRHAMSYN_PWY
clpC.2,PEPTIDOGLYCANSYN_PWY
clpC.2,PWY_3841
clpC.2,PWY_5686
clpC.2,PWY_6163
clpC.2,PWY_6385
clpC.2,PWY_6386
clpC.2,PWY_6387
clpC.2,PWY_7790
clpC.2,PWY_7791
clpC.2,PWY_7851
focC,ASPASN_PWY
focC,GLYCOLYSIS_E_D
focC,HOMOSER_METSYN_PWY
focC,P161_PWY
focC,P461_PWY
focC,PENTOSE_P_PWY
focC,POLYISOPRENSYN_PWY
focC,PWY_5838
focC,PWY_5840
focC,PWY_5861
focC,PWY_5897
focC,PWY_5898
focC,PWY_5899
focC,PWY_5918
focC,PWY_5989
focC,PWY_6961
focC,PWY0_1297
focC,PWY0_1298
focC,PWY0_1477
focC,PWY0_301
focC,PWY4FS_7
focC,PWY4FS_8
focC,PWY66_409
focC,ANAGLYCOLYSIS_PWY
focC,ARGSYNBSUB_PWY
focC,ARO_PWY
focC,COA_PWY
focC,COA_PWY_1
focC,COMPLETE_ARO_PWY
focC,DTDPRHAMSYN_PWY
focC,GLYCOGENSYNTH_PWY
focC,HISTSYN_PWY
focC,NONMEVIPP_PWY
focC,PANTO_PWY
focC,PANTOSYN_PWY
focC,PEPTIDOGLYCANSYN_PWY
focC,PWY_3841
focC,PWY_5097
focC,PWY_5686
focC,PWY_6151
focC,PWY_6163
focC,PWY_6385
focC,PWY_6386
focC,PWY_6387
focC,PWY_6700
focC,PWY_7238
focC,PWY_7790
focC,PWY_7791
focC,PWY_7851
focC,THISYNARA_PWY
ACICU_RS00395,Catenibacterium_SGB4425
msbA.3,Catenibacterium_SGB4425
relA.2,Catenibacterium_SGB4425
ybtQ,Catenibacterium_SGB4425
clpC.2,Catenibacterium_SGB4425
Enterococcus_faecium,ASPASN_PWY
Enterococcus_faecium,P461_PWY
Enterococcus_faecium,PENTOSE_P_PWY
Enterococcus_faecium,PWY66_409
Enterococcus_faecium,ANAGLYCOLYSIS_PWY
Enterococcus_faecium,ARGSYNBSUB_PWY
Enterococcus_faecium,ARO_PWY
Enterococcus_faecium,COA_PWY
Enterococcus_faecium,COA_PWY_1
Enterococcus_faecium,COMPLETE_ARO_PWY
Enterococcus_faecium,DTDPRHAMSYN_PWY
Enterococcus_faecium,GLYCOGENSYNTH_PWY
Enterococcus_faecium,PANTO_PWY
Enterococcus_faecium,PANTOSYN_PWY
Enterococcus_faecium,PEPTIDOGLYCANSYN_PWY
Enterococcus_faecium,PWY_3841
Enterococcus_faecium,PWY_5097
Enterococcus_faecium,PWY_5686
Enterococcus_faecium,PWY_6151
Enterococcus_faecium,PWY_6163
Enterococcus_faecium,PWY_6385
Enterococcus_faecium,PWY_6386
Enterococcus_faecium,PWY_6387
Enterococcus_faecium,PWY_6700
Enterococcus_faecium,PWY_7238
Enterococcus_faecium,PWY_7790
Enterococcus_faecium,PWY_7791
Enterococcus_faecium,PWY_7851
KP1_RS17305,Fusobacterium_nucleatum
Fusobacterium_nucleatum,ASPASN_PWY
Fusobacterium_nucleatum,FASYN_ELONG_PWY
Fusobacterium_nucleatum,GLYCOLYSIS_E_D
Fusobacterium_nucleatum,P161_PWY
Fusobacterium_nucleatum,P461_PWY
Fusobacterium_nucleatum,PENTOSE_P_PWY
Fusobacterium_nucleatum,POLYISOPRENSYN_PWY
Fusobacterium_nucleatum,PWY_5989
Fusobacterium_nucleatum,PWY_6147
Fusobacterium_nucleatum,PWY_6282
Fusobacterium_nucleatum,PWY_7663
Fusobacterium_nucleatum,PWY_7664
Fusobacterium_nucleatum,PWY0_1297
Fusobacterium_nucleatum,PWY0_1298
Fusobacterium_nucleatum,PWY0_1477
Fusobacterium_nucleatum,PWY0_862
Fusobacterium_nucleatum,PWY4FS_7
Fusobacterium_nucleatum,PWY4FS_8
Fusobacterium_nucleatum,PWY66_409
Fusobacterium_nucleatum,ANAGLYCOLYSIS_PWY
Fusobacterium_nucleatum,ARGSYNBSUB_PWY
Fusobacterium_nucleatum,ARO_PWY
Fusobacterium_nucleatum,COA_PWY
Fusobacterium_nucleatum,COA_PWY_1
Fusobacterium_nucleatum,COMPLETE_ARO_PWY
Fusobacterium_nucleatum,DTDPRHAMSYN_PWY
Fusobacterium_nucleatum,GLYCOGENSYNTH_PWY
Fusobacterium_nucleatum,HISTSYN_PWY
Fusobacterium_nucleatum,NONMEVIPP_PWY
Fusobacterium_nucleatum,PANTO_PWY
Fusobacterium_nucleatum,PANTOSYN_PWY
Fusobacterium_nucleatum,PEPTIDOGLYCANSYN_PWY
Fusobacterium_nucleatum,PWY_3841
Fusobacterium_nucleatum,PWY_5097
Fusobacterium_nucleatum,PWY_5686
Fusobacterium_nucleatum,PWY_6151
Fusobacterium_nucleatum,PWY_6163
Fusobacterium_nucleatum,PWY_6385
Fusobacterium_nucleatum,PWY_6386
Fusobacterium_nucleatum,PWY_6387
Fusobacterium_nucleatum,PWY_6700
Fusobacterium_nucleatum,PWY_7238
Fusobacterium_nucleatum,PWY_7790
Fusobacterium_nucleatum,PWY_7791
Fusobacterium_nucleatum,PWY_7851
Fusobacterium_nucleatum,THISYNARA_PWY
KP1_RS17305,Limosilactobacillus_fermentum
Limosilactobacillus_fermentum,ASPASN_PWY
Limosilactobacillus_fermentum,FASYN_ELONG_PWY
Limosilactobacillus_fermentum,P161_PWY
Limosilactobacillus_fermentum,P461_PWY
Limosilactobacillus_fermentum,PENTOSE_P_PWY
Limosilactobacillus_fermentum,PWY_5989
Limosilactobacillus_fermentum,PWY_6282
Limosilactobacillus_fermentum,PWY_7663
Limosilactobacillus_fermentum,PWY_7664
Limosilactobacillus_fermentum,PWY0_1297
Limosilactobacillus_fermentum,PWY0_1298
Limosilactobacillus_fermentum,PWY0_1477
Limosilactobacillus_fermentum,PWY4FS_7
Limosilactobacillus_fermentum,PWY4FS_8
Limosilactobacillus_fermentum,PWY66_409
Limosilactobacillus_fermentum,ANAGLYCOLYSIS_PWY
Limosilactobacillus_fermentum,ARGSYNBSUB_PWY
Limosilactobacillus_fermentum,ARO_PWY
Limosilactobacillus_fermentum,COA_PWY
Limosilactobacillus_fermentum,COA_PWY_1
Limosilactobacillus_fermentum,COMPLETE_ARO_PWY
Limosilactobacillus_fermentum,DTDPRHAMSYN_PWY
Limosilactobacillus_fermentum,GLYCOGENSYNTH_PWY
Limosilactobacillus_fermentum,HISTSYN_PWY
Limosilactobacillus_fermentum,NONMEVIPP_PWY
Limosilactobacillus_fermentum,PANTO_PWY
Limosilactobacillus_fermentum,PANTOSYN_PWY
Limosilactobacillus_fermentum,PEPTIDOGLYCANSYN_PWY
Limosilactobacillus_fermentum,PWY_3841
Limosilactobacillus_fermentum,PWY_5097
Limosilactobacillus_fermentum,PWY_5686
Limosilactobacillus_fermentum,PWY_6151
Limosilactobacillus_fermentum,PWY_6163
Limosilactobacillus_fermentum,PWY_6385
Limosilactobacillus_fermentum,PWY_6386
Limosilactobacillus_fermentum,PWY_6387
Limosilactobacillus_fermentum,PWY_6700
Limosilactobacillus_fermentum,PWY_7238
Limosilactobacillus_fermentum,PWY_7790
Limosilactobacillus_fermentum,PWY_7791
Limosilactobacillus_fermentum,PWY_7851
Limosilactobacillus_fermentum,THISYNARA_PWY
lafT,ASPASN_PWY
gspJ,ASPASN_PWY
misL,ASPASN_PWY
letA,ASPASN_PWY
gndA,ASPASN_PWY
fimH,ASPASN_PWY
ACICU_RS00395,ASPASN_PWY
msbA.3,ASPASN_PWY
rpoS.1,ASPASN_PWY
KP1_RS17305,ASPASN_PWY
relA.2,ASPASN_PWY
wcbR,ASPASN_PWY
focC,ASPASN_PWY
Enterococcus_faecium,ASPASN_PWY
Fusobacterium_nucleatum,ASPASN_PWY
Limosilactobacillus_fermentum,ASPASN_PWY
lafT,FASYN_ELONG_PWY
KP1_RS17305,FASYN_ELONG_PWY
wcbR,FASYN_ELONG_PWY
Fusobacterium_nucleatum,FASYN_ELONG_PWY
Limosilactobacillus_fermentum,FASYN_ELONG_PWY
lafT,GLYCOLYSIS_E_D
KP1_RS17305,GLYCOLYSIS_E_D
wcbR,GLYCOLYSIS_E_D
focC,GLYCOLYSIS_E_D
Fusobacterium_nucleatum,GLYCOLYSIS_E_D
lafT,HOMOSER_METSYN_PWY
misL,HOMOSER_METSYN_PWY
KP1_RS17305,HOMOSER_METSYN_PWY
focC,HOMOSER_METSYN_PWY
lafT,P161_PWY
misL,P161_PWY
letA,P161_PWY
gndA,P161_PWY
KP1_RS17305,P161_PWY
wcbR,P161_PWY
focC,P161_PWY
Fusobacterium_nucleatum,P161_PWY
Limosilactobacillus_fermentum,P161_PWY
lafT,P461_PWY
gspJ,P461_PWY
misL,P461_PWY
letA,P461_PWY
gndA,P461_PWY
fimH,P461_PWY
KP1_RS17305,P461_PWY
wcbR,P461_PWY
focC,P461_PWY
Enterococcus_faecium,P461_PWY
Fusobacterium_nucleatum,P461_PWY
Limosilactobacillus_fermentum,P461_PWY
lafT,PENTOSE_P_PWY
misL,PENTOSE_P_PWY
gndA,PENTOSE_P_PWY
fimH,PENTOSE_P_PWY
ACICU_RS00395,PENTOSE_P_PWY
KP1_RS17305,PENTOSE_P_PWY
wcbR,PENTOSE_P_PWY
focC,PENTOSE_P_PWY
Enterococcus_faecium,PENTOSE_P_PWY
Fusobacterium_nucleatum,PENTOSE_P_PWY
Limosilactobacillus_fermentum,PENTOSE_P_PWY
lafT,POLYISOPRENSYN_PWY
KP1_RS17305,POLYISOPRENSYN_PWY
focC,POLYISOPRENSYN_PWY
Fusobacterium_nucleatum,POLYISOPRENSYN_PWY
lafT,PWY_5838
KP1_RS17305,PWY_5838
focC,PWY_5838
lafT,PWY_5840
misL,PWY_5840
gndA,PWY_5840
KP1_RS17305,PWY_5840
focC,PWY_5840
lafT,PWY_5861
KP1_RS17305,PWY_5861
focC,PWY_5861
lafT,PWY_5897
misL,PWY_5897
KP1_RS17305,PWY_5897
focC,PWY_5897
lafT,PWY_5898
misL,PWY_5898
KP1_RS17305,PWY_5898
focC,PWY_5898
lafT,PWY_5899
misL,PWY_5899
KP1_RS17305,PWY_5899
focC,PWY_5899
lafT,PWY_5918
misL,PWY_5918
gndA,PWY_5918
KP1_RS17305,PWY_5918
focC,PWY_5918
lafT,PWY_5989
misL,PWY_5989
gndA,PWY_5989
fimH,PWY_5989
KP1_RS17305,PWY_5989
wcbR,PWY_5989
focC,PWY_5989
Fusobacterium_nucleatum,PWY_5989
Limosilactobacillus_fermentum,PWY_5989
lafT,PWY_6147
KP1_RS17305,PWY_6147
Fusobacterium_nucleatum,PWY_6147
lafT,PWY_6282
KP1_RS17305,PWY_6282
wcbR,PWY_6282
Fusobacterium_nucleatum,PWY_6282
Limosilactobacillus_fermentum,PWY_6282
lafT,PWY_6961
misL,PWY_6961
gndA,PWY_6961
KP1_RS17305,PWY_6961
focC,PWY_6961
lafT,PWY_7663
ACICU_RS00395,PWY_7663
KP1_RS17305,PWY_7663
wcbR,PWY_7663
Fusobacterium_nucleatum,PWY_7663
Limosilactobacillus_fermentum,PWY_7663
lafT,PWY_7664
KP1_RS17305,PWY_7664
wcbR,PWY_7664
Fusobacterium_nucleatum,PWY_7664
Limosilactobacillus_fermentum,PWY_7664
lafT,PWY0_1297
misL,PWY0_1297
letA,PWY0_1297
gndA,PWY0_1297
fimH,PWY0_1297
KP1_RS17305,PWY0_1297
wcbR,PWY0_1297
focC,PWY0_1297
Fusobacterium_nucleatum,PWY0_1297
Limosilactobacillus_fermentum,PWY0_1297
lafT,PWY0_1298
gspJ,PWY0_1298
misL,PWY0_1298
letA,PWY0_1298
gndA,PWY0_1298
fimH,PWY0_1298
KP1_RS17305,PWY0_1298
wcbR,PWY0_1298
focC,PWY0_1298
Fusobacterium_nucleatum,PWY0_1298
Limosilactobacillus_fermentum,PWY0_1298
lafT,PWY0_1477
misL,PWY0_1477
gndA,PWY0_1477
fimH,PWY0_1477
KP1_RS17305,PWY0_1477
wcbR,PWY0_1477
focC,PWY0_1477
Fusobacterium_nucleatum,PWY0_1477
Limosilactobacillus_fermentum,PWY0_1477
lafT,PWY0_301
misL,PWY0_301
gndA,PWY0_301
KP1_RS17305,PWY0_301
focC,PWY0_301
lafT,PWY0_862
KP1_RS17305,PWY0_862
wcbR,PWY0_862
Fusobacterium_nucleatum,PWY0_862
lafT,PWY4FS_7
misL,PWY4FS_7
gndA,PWY4FS_7
fimH,PWY4FS_7
KP1_RS17305,PWY4FS_7
wcbR,PWY4FS_7
focC,PWY4FS_7
Fusobacterium_nucleatum,PWY4FS_7
Limosilactobacillus_fermentum,PWY4FS_7
lafT,PWY4FS_8
misL,PWY4FS_8
gndA,PWY4FS_8
fimH,PWY4FS_8
KP1_RS17305,PWY4FS_8
wcbR,PWY4FS_8
focC,PWY4FS_8
Fusobacterium_nucleatum,PWY4FS_8
Limosilactobacillus_fermentum,PWY4FS_8
lafT,PWY66_409
gspJ,PWY66_409
misL,PWY66_409
letA,PWY66_409
gndA,PWY66_409
fimH,PWY66_409
ACICU_RS00395,PWY66_409
rpoS.1,PWY66_409
KP1_RS17305,PWY66_409
wcbR,PWY66_409
focC,PWY66_409
Enterococcus_faecium,PWY66_409
Fusobacterium_nucleatum,PWY66_409
Limosilactobacillus_fermentum,PWY66_409
lafT,ANAGLYCOLYSIS_PWY
gspJ,ANAGLYCOLYSIS_PWY
misL,ANAGLYCOLYSIS_PWY
letA,ANAGLYCOLYSIS_PWY
gndA,ANAGLYCOLYSIS_PWY
fimH,ANAGLYCOLYSIS_PWY
ACICU_RS00395,ANAGLYCOLYSIS_PWY
msbA.3,ANAGLYCOLYSIS_PWY
rpoS.1,ANAGLYCOLYSIS_PWY
KP1_RS17305,ANAGLYCOLYSIS_PWY
relA.2,ANAGLYCOLYSIS_PWY
wcbR,ANAGLYCOLYSIS_PWY
clpC.2,ANAGLYCOLYSIS_PWY
focC,ANAGLYCOLYSIS_PWY
Enterococcus_faecium,ANAGLYCOLYSIS_PWY
Fusobacterium_nucleatum,ANAGLYCOLYSIS_PWY
Limosilactobacillus_fermentum,ANAGLYCOLYSIS_PWY
lafT,ARGSYNBSUB_PWY
gspJ,ARGSYNBSUB_PWY
misL,ARGSYNBSUB_PWY
letA,ARGSYNBSUB_PWY
gndA,ARGSYNBSUB_PWY
fimH,ARGSYNBSUB_PWY
ACICU_RS00395,ARGSYNBSUB_PWY
msbA.3,ARGSYNBSUB_PWY
rpoS.1,ARGSYNBSUB_PWY
KP1_RS17305,ARGSYNBSUB_PWY
relA.2,ARGSYNBSUB_PWY
wcbR,ARGSYNBSUB_PWY
focC,ARGSYNBSUB_PWY
Enterococcus_faecium,ARGSYNBSUB_PWY
Fusobacterium_nucleatum,ARGSYNBSUB_PWY
Limosilactobacillus_fermentum,ARGSYNBSUB_PWY
lafT,ARO_PWY
gspJ,ARO_PWY
misL,ARO_PWY
letA,ARO_PWY
gndA,ARO_PWY
fimH,ARO_PWY
ACICU_RS00395,ARO_PWY
msbA.3,ARO_PWY
rpoS.1,ARO_PWY
KP1_RS17305,ARO_PWY
relA.2,ARO_PWY
wcbR,ARO_PWY
ybtQ,ARO_PWY
clpC.2,ARO_PWY
focC,ARO_PWY
Enterococcus_faecium,ARO_PWY
Fusobacterium_nucleatum,ARO_PWY
Limosilactobacillus_fermentum,ARO_PWY
lafT,COA_PWY
gspJ,COA_PWY
misL,COA_PWY
letA,COA_PWY
gndA,COA_PWY
fimH,COA_PWY
ACICU_RS00395,COA_PWY
msbA.3,COA_PWY
rpoS.1,COA_PWY
KP1_RS17305,COA_PWY
relA.2,COA_PWY
wcbR,COA_PWY
ybtQ,COA_PWY
clpC.2,COA_PWY
focC,COA_PWY
Enterococcus_faecium,COA_PWY
Fusobacterium_nucleatum,COA_PWY
Limosilactobacillus_fermentum,COA_PWY
lafT,COA_PWY_1
gspJ,COA_PWY_1
misL,COA_PWY_1
letA,COA_PWY_1
gndA,COA_PWY_1
fimH,COA_PWY_1
ACICU_RS00395,COA_PWY_1
msbA.3,COA_PWY_1
rpoS.1,COA_PWY_1
KP1_RS17305,COA_PWY_1
relA.2,COA_PWY_1
wcbR,COA_PWY_1
ybtQ,COA_PWY_1
clpC.2,COA_PWY_1
focC,COA_PWY_1
Enterococcus_faecium,COA_PWY_1
Fusobacterium_nucleatum,COA_PWY_1
Limosilactobacillus_fermentum,COA_PWY_1
lafT,COMPLETE_ARO_PWY
gspJ,COMPLETE_ARO_PWY
misL,COMPLETE_ARO_PWY
letA,COMPLETE_ARO_PWY
gndA,COMPLETE_ARO_PWY
fimH,COMPLETE_ARO_PWY
ACICU_RS00395,COMPLETE_ARO_PWY
msbA.3,COMPLETE_ARO_PWY
rpoS.1,COMPLETE_ARO_PWY
KP1_RS17305,COMPLETE_ARO_PWY
relA.2,COMPLETE_ARO_PWY
wcbR,COMPLETE_ARO_PWY
ybtQ,COMPLETE_ARO_PWY
clpC.2,COMPLETE_ARO_PWY
focC,COMPLETE_ARO_PWY
Enterococcus_faecium,COMPLETE_ARO_PWY
Fusobacterium_nucleatum,COMPLETE_ARO_PWY
Limosilactobacillus_fermentum,COMPLETE_ARO_PWY
lafT,DTDPRHAMSYN_PWY
gspJ,DTDPRHAMSYN_PWY
misL,DTDPRHAMSYN_PWY
letA,DTDPRHAMSYN_PWY
gndA,DTDPRHAMSYN_PWY
fimH,DTDPRHAMSYN_PWY
ACICU_RS00395,DTDPRHAMSYN_PWY
msbA.3,DTDPRHAMSYN_PWY
rpoS.1,DTDPRHAMSYN_PWY
KP1_RS17305,DTDPRHAMSYN_PWY
relA.2,DTDPRHAMSYN_PWY
wcbR,DTDPRHAMSYN_PWY
ybtQ,DTDPRHAMSYN_PWY
clpC.2,DTDPRHAMSYN_PWY
focC,DTDPRHAMSYN_PWY
Enterococcus_faecium,DTDPRHAMSYN_PWY
Fusobacterium_nucleatum,DTDPRHAMSYN_PWY
Limosilactobacillus_fermentum,DTDPRHAMSYN_PWY
lafT,GLYCOGENSYNTH_PWY
gspJ,GLYCOGENSYNTH_PWY
misL,GLYCOGENSYNTH_PWY
letA,GLYCOGENSYNTH_PWY
gndA,GLYCOGENSYNTH_PWY
fimH,GLYCOGENSYNTH_PWY
ACICU_RS00395,GLYCOGENSYNTH_PWY
msbA.3,GLYCOGENSYNTH_PWY
rpoS.1,GLYCOGENSYNTH_PWY
KP1_RS17305,GLYCOGENSYNTH_PWY
relA.2,GLYCOGENSYNTH_PWY
wcbR,GLYCOGENSYNTH_PWY
focC,GLYCOGENSYNTH_PWY
Enterococcus_faecium,GLYCOGENSYNTH_PWY
Fusobacterium_nucleatum,GLYCOGENSYNTH_PWY
Limosilactobacillus_fermentum,GLYCOGENSYNTH_PWY
lafT,HISTSYN_PWY
gndA,HISTSYN_PWY
fimH,HISTSYN_PWY
ACICU_RS00395,HISTSYN_PWY
KP1_RS17305,HISTSYN_PWY
relA.2,HISTSYN_PWY
wcbR,HISTSYN_PWY
focC,HISTSYN_PWY
Fusobacterium_nucleatum,HISTSYN_PWY
Limosilactobacillus_fermentum,HISTSYN_PWY
lafT,NONMEVIPP_PWY
misL,NONMEVIPP_PWY
gndA,NONMEVIPP_PWY
fimH,NONMEVIPP_PWY
ACICU_RS00395,NONMEVIPP_PWY
msbA.3,NONMEVIPP_PWY
KP1_RS17305,NONMEVIPP_PWY
relA.2,NONMEVIPP_PWY
wcbR,NONMEVIPP_PWY
focC,NONMEVIPP_PWY
Fusobacterium_nucleatum,NONMEVIPP_PWY
Limosilactobacillus_fermentum,NONMEVIPP_PWY
lafT,PANTO_PWY
gspJ,PANTO_PWY
misL,PANTO_PWY
letA,PANTO_PWY
gndA,PANTO_PWY
fimH,PANTO_PWY
ACICU_RS00395,PANTO_PWY
msbA.3,PANTO_PWY
rpoS.1,PANTO_PWY
KP1_RS17305,PANTO_PWY
relA.2,PANTO_PWY
wcbR,PANTO_PWY
focC,PANTO_PWY
Enterococcus_faecium,PANTO_PWY
Fusobacterium_nucleatum,PANTO_PWY
Limosilactobacillus_fermentum,PANTO_PWY
lafT,PANTOSYN_PWY
gspJ,PANTOSYN_PWY
misL,PANTOSYN_PWY
letA,PANTOSYN_PWY
gndA,PANTOSYN_PWY
fimH,PANTOSYN_PWY
ACICU_RS00395,PANTOSYN_PWY
msbA.3,PANTOSYN_PWY
rpoS.1,PANTOSYN_PWY
KP1_RS17305,PANTOSYN_PWY
relA.2,PANTOSYN_PWY
wcbR,PANTOSYN_PWY
focC,PANTOSYN_PWY
Enterococcus_faecium,PANTOSYN_PWY
Fusobacterium_nucleatum,PANTOSYN_PWY
Limosilactobacillus_fermentum,PANTOSYN_PWY
lafT,PEPTIDOGLYCANSYN_PWY
gspJ,PEPTIDOGLYCANSYN_PWY
misL,PEPTIDOGLYCANSYN_PWY
letA,PEPTIDOGLYCANSYN_PWY
gndA,PEPTIDOGLYCANSYN_PWY
fimH,PEPTIDOGLYCANSYN_PWY
ACICU_RS00395,PEPTIDOGLYCANSYN_PWY
msbA.3,PEPTIDOGLYCANSYN_PWY
rpoS.1,PEPTIDOGLYCANSYN_PWY
KP1_RS17305,PEPTIDOGLYCANSYN_PWY
relA.2,PEPTIDOGLYCANSYN_PWY
wcbR,PEPTIDOGLYCANSYN_PWY
ybtQ,PEPTIDOGLYCANSYN_PWY
clpC.2,PEPTIDOGLYCANSYN_PWY
focC,PEPTIDOGLYCANSYN_PWY
Enterococcus_faecium,PEPTIDOGLYCANSYN_PWY
Fusobacterium_nucleatum,PEPTIDOGLYCANSYN_PWY
Limosilactobacillus_fermentum,PEPTIDOGLYCANSYN_PWY
lafT,PWY_3841
gspJ,PWY_3841
misL,PWY_3841
letA,PWY_3841
gndA,PWY_3841
fimH,PWY_3841
ACICU_RS00395,PWY_3841
msbA.3,PWY_3841
rpoS.1,PWY_3841
KP1_RS17305,PWY_3841
relA.2,PWY_3841
wcbR,PWY_3841
ybtQ,PWY_3841
clpC.2,PWY_3841
focC,PWY_3841
Enterococcus_faecium,PWY_3841
Fusobacterium_nucleatum,PWY_3841
Limosilactobacillus_fermentum,PWY_3841
lafT,PWY_5097
gspJ,PWY_5097
misL,PWY_5097
letA,PWY_5097
gndA,PWY_5097
fimH,PWY_5097
ACICU_RS00395,PWY_5097
msbA.3,PWY_5097
rpoS.1,PWY_5097
KP1_RS17305,PWY_5097
relA.2,PWY_5097
wcbR,PWY_5097
focC,PWY_5097
Enterococcus_faecium,PWY_5097
Fusobacterium_nucleatum,PWY_5097
Limosilactobacillus_fermentum,PWY_5097
lafT,PWY_5686
gspJ,PWY_5686
misL,PWY_5686
letA,PWY_5686
gndA,PWY_5686
fimH,PWY_5686
ACICU_RS00395,PWY_5686
msbA.3,PWY_5686
rpoS.1,PWY_5686
KP1_RS17305,PWY_5686
relA.2,PWY_5686
wcbR,PWY_5686
ybtQ,PWY_5686
clpC.2,PWY_5686
focC,PWY_5686
Enterococcus_faecium,PWY_5686
Fusobacterium_nucleatum,PWY_5686
Limosilactobacillus_fermentum,PWY_5686
lafT,PWY_6151
gspJ,PWY_6151
misL,PWY_6151
letA,PWY_6151
gndA,PWY_6151
fimH,PWY_6151
ACICU_RS00395,PWY_6151
msbA.3,PWY_6151
rpoS.1,PWY_6151
KP1_RS17305,PWY_6151
relA.2,PWY_6151
wcbR,PWY_6151
focC,PWY_6151
Enterococcus_faecium,PWY_6151
Fusobacterium_nucleatum,PWY_6151
Limosilactobacillus_fermentum,PWY_6151
lafT,PWY_6163
gspJ,PWY_6163
misL,PWY_6163
letA,PWY_6163
gndA,PWY_6163
fimH,PWY_6163
ACICU_RS00395,PWY_6163
msbA.3,PWY_6163
rpoS.1,PWY_6163
KP1_RS17305,PWY_6163
relA.2,PWY_6163
wcbR,PWY_6163
ybtQ,PWY_6163
clpC.2,PWY_6163
focC,PWY_6163
Enterococcus_faecium,PWY_6163
Fusobacterium_nucleatum,PWY_6163
Limosilactobacillus_fermentum,PWY_6163
lafT,PWY_6385
gspJ,PWY_6385
misL,PWY_6385
letA,PWY_6385
gndA,PWY_6385
fimH,PWY_6385
ACICU_RS00395,PWY_6385
msbA.3,PWY_6385
rpoS.1,PWY_6385
KP1_RS17305,PWY_6385
relA.2,PWY_6385
wcbR,PWY_6385
ybtQ,PWY_6385
clpC.2,PWY_6385
focC,PWY_6385
Enterococcus_faecium,PWY_6385
Fusobacterium_nucleatum,PWY_6385
Limosilactobacillus_fermentum,PWY_6385
lafT,PWY_6386
gspJ,PWY_6386
misL,PWY_6386
letA,PWY_6386
gndA,PWY_6386
fimH,PWY_6386
ACICU_RS00395,PWY_6386
msbA.3,PWY_6386
rpoS.1,PWY_6386
KP1_RS17305,PWY_6386
relA.2,PWY_6386
wcbR,PWY_6386
ybtQ,PWY_6386
clpC.2,PWY_6386
focC,PWY_6386
Enterococcus_faecium,PWY_6386
Fusobacterium_nucleatum,PWY_6386
Limosilactobacillus_fermentum,PWY_6386
lafT,PWY_6387
gspJ,PWY_6387
misL,PWY_6387
letA,PWY_6387
gndA,PWY_6387
fimH,PWY_6387
ACICU_RS00395,PWY_6387
msbA.3,PWY_6387
rpoS.1,PWY_6387
KP1_RS17305,PWY_6387
relA.2,PWY_6387
wcbR,PWY_6387
ybtQ,PWY_6387
clpC.2,PWY_6387
focC,PWY_6387
Enterococcus_faecium,PWY_6387
Fusobacterium_nucleatum,PWY_6387
Limosilactobacillus_fermentum,PWY_6387
lafT,PWY_6700
misL,PWY_6700
letA,PWY_6700
gndA,PWY_6700
fimH,PWY_6700
ACICU_RS00395,PWY_6700
msbA.3,PWY_6700
rpoS.1,PWY_6700
KP1_RS17305,PWY_6700
relA.2,PWY_6700
wcbR,PWY_6700
focC,PWY_6700
Enterococcus_faecium,PWY_6700
Fusobacterium_nucleatum,PWY_6700
Limosilactobacillus_fermentum,PWY_6700
lafT,PWY_7238
gspJ,PWY_7238
misL,PWY_7238
letA,PWY_7238
gndA,PWY_7238
fimH,PWY_7238
ACICU_RS00395,PWY_7238
msbA.3,PWY_7238
rpoS.1,PWY_7238
KP1_RS17305,PWY_7238
relA.2,PWY_7238
wcbR,PWY_7238
focC,PWY_7238
Enterococcus_faecium,PWY_7238
Fusobacterium_nucleatum,PWY_7238
Limosilactobacillus_fermentum,PWY_7238
lafT,PWY_7790
gspJ,PWY_7790
misL,PWY_7790
letA,PWY_7790
gndA,PWY_7790
fimH,PWY_7790
ACICU_RS00395,PWY_7790
msbA.3,PWY_7790
rpoS.1,PWY_7790
KP1_RS17305,PWY_7790
relA.2,PWY_7790
wcbR,PWY_7790
ybtQ,PWY_7790
clpC.2,PWY_7790
focC,PWY_7790
Enterococcus_faecium,PWY_7790
Fusobacterium_nucleatum,PWY_7790
Limosilactobacillus_fermentum,PWY_7790
lafT,PWY_7791
gspJ,PWY_7791
misL,PWY_7791
letA,PWY_7791
gndA,PWY_7791
fimH,PWY_7791
ACICU_RS00395,PWY_7791
msbA.3,PWY_7791
rpoS.1,PWY_7791
KP1_RS17305,PWY_7791
relA.2,PWY_7791
wcbR,PWY_7791
ybtQ,PWY_7791
clpC.2,PWY_7791
focC,PWY_7791
Enterococcus_faecium,PWY_7791
Fusobacterium_nucleatum,PWY_7791
Limosilactobacillus_fermentum,PWY_7791
lafT,PWY_7851
gspJ,PWY_7851
misL,PWY_7851
letA,PWY_7851
gndA,PWY_7851
fimH,PWY_7851
ACICU_RS00395,PWY_7851
msbA.3,PWY_7851
rpoS.1,PWY_7851
KP1_RS17305,PWY_7851
relA.2,PWY_7851
wcbR,PWY_7851
ybtQ,PWY_7851
clpC.2,PWY_7851
focC,PWY_7851
Enterococcus_faecium,PWY_7851
Fusobacterium_nucleatum,PWY_7851
Limosilactobacillus_fermentum,PWY_7851
lafT,THISYNARA_PWY
KP1_RS17305,THISYNARA_PWY
wcbR,THISYNARA_PWY
focC,THISYNARA_PWY
Fusobacterium_nucleatum,THISYNARA_PWY
Limosilactobacillus_fermentum,THISYNARA_PWY