"id","type"
"eccA1.1","Gene"
"msbA.2","Gene"
"phoR.2","Gene"
"pmrB.2","Gene"
"hisH","Gene"
"recN","Gene"
"fimH","Gene"
"LPG_RS03830","Gene"
"cpsG","Gene"
"rpoS.1","Gene"
"msbA.4","Gene"
"KP1_RS17305","Gene"
"msbA.5","Gene"
"msbA.6","Gene"
"fbpC","Gene"
"pdxJ","Gene"
"Agathobaculum_butyriciproducens","Species"
"Blautia_faecis","Species"
"Clostridium_sp_NSJ_42","Species"
"Faecalicatena_fissicatena","Species"
"Fusobacterium_nucleatum","Species"
"Lachnospiraceae_bacterium_NSJ_46","Species"
"Limosilactobacillus_fermentum","Species"
"ASPASN_PWY","Pathway"
"GLYCOLYSIS_E_D","Pathway"
"P161_PWY","Pathway"
"P461_PWY","Pathway"
"PENTOSE_P_PWY","Pathway"
"PWY_5840","Pathway"
"PWY_6147","Pathway"
"PWY_7663","Pathway"
"PWY0_1297","Pathway"
"PWY0_1298","Pathway"
"PWY0_1477","Pathway"
"PWY0_845","Pathway"
"PWY4FS_7","Pathway"
"PWY4FS_8","Pathway"
"PWY66_409","Pathway"
"PYRIDOXSYN_PWY","Pathway"
"ANAGLYCOLYSIS_PWY","Pathway"
"ARGSYNBSUB_PWY","Pathway"
"ARO_PWY","Pathway"
"COA_PWY","Pathway"
"COA_PWY_1","Pathway"
"COMPLETE_ARO_PWY","Pathway"
"DTDPRHAMSYN_PWY","Pathway"
"GLYCOGENSYNTH_PWY","Pathway"
"HISTSYN_PWY","Pathway"
"NONMEVIPP_PWY","Pathway"
"PANTO_PWY","Pathway"
"PANTOSYN_PWY","Pathway"
"PEPTIDOGLYCANSYN_PWY","Pathway"
"PWY_3841","Pathway"
"PWY_5097","Pathway"
"PWY_5686","Pathway"
"PWY_6151","Pathway"
"PWY_6163","Pathway"
"PWY_6385","Pathway"
"PWY_6386","Pathway"
"PWY_6387","Pathway"
"PWY_6470","Pathway"
"PWY_6700","Pathway"
"PWY_7238","Pathway"
"PWY_7790","Pathway"
"PWY_7791","Pathway"
"PWY_7851","Pathway"
"THISYNARA_PWY","Pathway"
