"id","type"
"katA.1","Gene"
"flhB","Gene"
"rtxB","Gene"
"tufA.1","Gene"
"llsG","Gene"
"clbB","Gene"
"htpB","Gene"
"cheA.1","Gene"
"eptC","Gene"
"pmrB.1","Gene"
"lafT","Gene"
"feoB.1","Gene"
"dhbE","Gene"
"allS","Gene"
"fimD.1","Gene"
"farB.1","Gene"
"cesC","Gene"
"flrC","Gene"
"pvdH","Gene"
"flrA.1","Gene"
"fimD.2","Gene"
"shuU","Gene"
"espL1","Gene"
"katA.2","Gene"
"bioD.1","Gene"
"adsA.1","Gene"
"rpoS.2","Gene"
"eccA1.1","Gene"
"invD","Gene"
"gspJ","Gene"
"ptxR","Gene"
"kpsD","Gene"
"algZ.2","Gene"
"mprA.1","Gene"
"bvgS","Gene"
"misL","Gene"
"kpsF","Gene"
"manB/yhxB","Gene"
"entF","Gene"
"phoR.1","Gene"
"msbA.2","Gene"
"phoR.2","Gene"
"cpsA/uppS","Gene"
"bvrS","Gene"
"bioD.2","Gene"
"bioB","Gene"
"pmrB.2","Gene"
"letA","Gene"
"ccmF","Gene"
"ccmB","Gene"
"mrkC","Gene"
"feoB.2","Gene"
"galE","Gene"
"ddrA","Gene"
"gndA","Gene"
"flmH","Gene"
"cyaB.1","Gene"
"fslD","Gene"
"acrB","Gene"
"lpxA/glmU","Gene"
"hilA","Gene"
"hisH","Gene"
"cheA.2","Gene"
"chuU","Gene"
"recN","Gene"
"letS","Gene"
"narG","Gene"
"fimH","Gene"
"mgtB","Gene"
"tufA.2","Gene"
"FTT_RS04105","Gene"
"hitC","Gene"
"LPG_RS03830","Gene"
"ACICU_RS00395","Gene"
"msbA.3","Gene"
"iap/cwhA","Gene"
"srtG1","Gene"
"cpsG","Gene"
"ppkA.1","Gene"
"clpC.1","Gene"
"adsA.2","Gene"
"algB","Gene"
"msbA.1","Gene"
"rpoS.1","Gene"
"lirB","Gene"
"glgX","Gene"
"clpP","Gene"
"fadD22","Gene"
"tlpA","Gene"
"coxU2","Gene"
"wbkC","Gene"
"msbA.4","Gene"
"ybtA","Gene"
"ppkA.2","Gene"
"purM","Gene"
"cyaB.2","Gene"
"kpsS","Gene"
"eccA1.2","Gene"
"KP1_RS17305","Gene"
"farB.2","Gene"
"fimD.3","Gene"
"relA.2","Gene"
"relA.1","Gene"
"bauE","Gene"
"mntB","Gene"
"msbA.5","Gene"
"msbA.6","Gene"
"fbpC","Gene"
"gspF","Gene"
"lpfC","Gene"
"algZ.1","Gene"
"wcbR","Gene"
"pdxJ","Gene"
"fimX","Gene"
"flrA.2","Gene"
"kfiC","Gene"
"ybtQ","Gene"
"mprA.2","Gene"
"clpC.2","Gene"
"rffG","Gene"
"flgG","Gene"
"flgD","Gene"
"flgN","Gene"
"focC","Gene"
"pchH","Gene"
"flgL","Gene"
"Adlercreutzia_equolifaciens","Species"
"Agathobaculum_butyriciproducens","Species"
"Akkermansia_muciniphila","Species"
"Alistipes_putredinis","Species"
"Anaerobutyricum_hallii","Species"
"Anaerobutyricum_soehngenii","Species"
"Bacteroides_caccae","Species"
"Bacteroides_intestinalis","Species"
"Bacteroides_stercoris","Species"
"Bacteroides_uniformis","Species"
"Blautia_faecicola","Species"
"Blautia_faecis","Species"
"Blautia_glucerasea","Species"
"Blautia_luti","Species"
"Blautia_massiliensis","Species"
"Blautia_obeum","Species"
"Blautia_SGB4815","Species"
"Blautia_sp_Marseille_P3087","Species"
"Blautia_stercoris","Species"
"Butyricicoccus_sp_AM29_23AC","Species"
"Butyricimonas_SGB15260","Species"
"Candidatus_Cibionibacter_quicibialis","Species"
"Catenibacterium_SGB4425","Species"
"Christensenella_minuta","Species"
"Christensenellaceae_bacterium_NSJ_63","Species"
"Clostridiaceae_bacterium","Species"
"Clostridiaceae_bacterium_AF18_31LB","Species"
"Clostridiaceae_bacterium_Marseille_Q4149","Species"
"Clostridiales_bacterium_KLE1615","Species"
"Clostridiales_Family_XIII_bacterium_BX16","Species"
"Clostridium_fessum","Species"
"Clostridium_leptum","Species"
"Clostridium_saudiense","Species"
"Clostridium_SGB4750","Species"
"Clostridium_SGB4751","Species"
"Clostridium_sp_1001270H_150608_G6","Species"
"Clostridium_sp_1001270J_160509_D11","Species"
"Clostridium_sp_AF34_10BH","Species"
"Clostridium_sp_AF36_4","Species"
"Clostridium_sp_AM22_11AC","Species"
"Clostridium_sp_AM49_4BH","Species"
"Clostridium_sp_NSJ_42","Species"
"Collinsella_aerofaciens","Species"
"Collinsella_SGB14861","Species"
"Coprococcus_catus","Species"
"Coprococcus_comes","Species"
"Coprococcus_eutactus","Species"
"Coprococcus_SGB4669","Species"
"Dorea_formicigenerans","Species"
"Dorea_longicatena","Species"
"Dorea_sp_AF24_7LB","Species"
"Dorea_sp_AF36_15AT","Species"
"Enterococcus_faecalis","Species"
"Enterococcus_faecium","Species"
"Enterococcus_SGB6173","Species"
"Erysipelatoclostridium_ramosum","Species"
"Escherichia_coli","Species"
"Eubacteriaceae_bacterium","Species"
"Eubacterium_ramulus","Species"
"Eubacterium_rectale","Species"
"Eubacterium_sp_AF34_35BH","Species"
"Evtepia_gabavorous","Species"
"Faecalibacillus_intestinalis","Species"
"Faecalibacterium_prausnitzii","Species"
"Faecalibacterium_SGB15346","Species"
"Faecalicatena_fissicatena","Species"
"Firmicutes_bacterium_AF16_15","Species"
"Fusicatenibacter_saccharivorans","Species"
"Fusobacterium_nucleatum","Species"
"Gemmiger_formicilis","Species"
"GGB3256_SGB4303","Species"
"GGB3277_SGB4327","Species"
"GGB35068_SGB47850","Species"
"GGB4456_SGB6141","Species"
"GGB51441_SGB71759","Species"
"GGB79734_SGB15291","Species"
"GGB80011_SGB15265","Species"
"GGB9561_SGB14972","Species"
"GGB9627_SGB15081","Species"
"GGB9634_SGB15093","Species"
"GGB9699_SGB15216","Species"
"GGB9758_SGB15368","Species"
"GGB9759_SGB15370","Species"
"GGB9760_SGB15373","Species"
"GGB9766_SGB15383","Species"
"Lachnospira_eligens","Species"
"Lachnospira_pectinoschiza","Species"
"Lachnospira_sp_NSJ_43","Species"
"Lachnospiraceae_bacterium","Species"
"Lachnospiraceae_bacterium_BX3","Species"
"Lachnospiraceae_bacterium_Marseille_Q4251","Species"
"Lachnospiraceae_bacterium_NSJ_29","Species"
"Lachnospiraceae_bacterium_NSJ_46","Species"
"Lachnospiraceae_bacterium_OF09_6","Species"
"Lacrimispora_celerecrescens","Species"
"Limosilactobacillus_fermentum","Species"
"Mogibacterium_sp_NSJ_24","Species"
"Oscillibacter_sp_ER4","Species"
"Oscillospiraceae_bacterium_Marseille_Q3528","Species"
"Parabacteroides_merdae","Species"
"Phascolarctobacterium_faecium","Species"
"Phocaeicola_plebeius","Species"
"Phocaeicola_SGB6473","Species"
"Phocaeicola_vulgatus","Species"
"Romboutsia_timonensis","Species"
"Roseburia_faecis","Species"
"Roseburia_intestinalis","Species"
"Roseburia_inulinivorans","Species"
"Roseburia_sp_AM16_25","Species"
"Ruminococcus_bicirculans","Species"
"Ruminococcus_bromii","Species"
"Ruminococcus_lactaris","Species"
"Ruminococcus_sp_AF41_9","Species"
"Ruminococcus_sp_BSD2780120874_150323_B10","Species"
"Ruminococcus_sp_NSJ_13","Species"
"Ruminococcus_torques","Species"
"Ruthenibacterium_lactatiformans","Species"
"Streptococcus_SGB14888","Species"
"Vescimonas_coprocola","Species"
"Waltera_intestinalis","Species"
"ASPASN_PWY","Pathway"
"FASYN_ELONG_PWY","Pathway"
"GLYCOLYSIS_E_D","Pathway"
"HOMOSER_METSYN_PWY","Pathway"
"MET_SAM_PWY","Pathway"
"METSYN_PWY","Pathway"
"P161_PWY","Pathway"
"P4_PWY","Pathway"
"P461_PWY","Pathway"
"PENTOSE_P_PWY","Pathway"
"POLYISOPRENSYN_PWY","Pathway"
"PWY_5347","Pathway"
"PWY_5838","Pathway"
"PWY_5840","Pathway"
"PWY_5850","Pathway"
"PWY_5861","Pathway"
"PWY_5897","Pathway"
"PWY_5898","Pathway"
"PWY_5899","Pathway"
"PWY_5918","Pathway"
"PWY_5989","Pathway"
"PWY_6147","Pathway"
"PWY_6282","Pathway"
"PWY_6285","Pathway"
"PWY_6519","Pathway"
"PWY_6961","Pathway"
"PWY_7663","Pathway"
"PWY_7664","Pathway"
"PWY0_1297","Pathway"
"PWY0_1298","Pathway"
"PWY0_1477","Pathway"
"PWY0_301","Pathway"
"PWY0_781","Pathway"
"PWY0_845","Pathway"
"PWY0_862","Pathway"
"PWY4FS_7","Pathway"
"PWY4FS_8","Pathway"
"PWY66_409","Pathway"
"PYRIDNUCSAL_PWY","Pathway"
"PYRIDOXSYN_PWY","Pathway"
"ANAGLYCOLYSIS_PWY","Pathway"
"ARGSYNBSUB_PWY","Pathway"
"ARO_PWY","Pathway"
"COA_PWY","Pathway"
"COA_PWY_1","Pathway"
"COMPLETE_ARO_PWY","Pathway"
"DTDPRHAMSYN_PWY","Pathway"
"GLYCOGENSYNTH_PWY","Pathway"
"HISTSYN_PWY","Pathway"
"NONMEVIPP_PWY","Pathway"
"PANTO_PWY","Pathway"
"PANTOSYN_PWY","Pathway"
"PEPTIDOGLYCANSYN_PWY","Pathway"
"PWY_3841","Pathway"
"PWY_5097","Pathway"
"PWY_5686","Pathway"
"PWY_6151","Pathway"
"PWY_6163","Pathway"
"PWY_6385","Pathway"
"PWY_6386","Pathway"
"PWY_6387","Pathway"
"PWY_6470","Pathway"
"PWY_6700","Pathway"
"PWY_7238","Pathway"
"PWY_7790","Pathway"
"PWY_7791","Pathway"
"PWY_7851","Pathway"
"THISYNARA_PWY","Pathway"
