from,to
clbB,Escherichia_coli
clbB,HOMOSER_METSYN_PWY
clbB,PWY_6961
clbB,PWY0_301
htpB,Escherichia_coli
htpB,FASYN_ELONG_PWY
htpB,GLYCOLYSIS_E_D
htpB,HOMOSER_METSYN_PWY
htpB,MET_SAM_PWY
htpB,METSYN_PWY
htpB,P161_PWY
htpB,P4_PWY
htpB,P461_PWY
htpB,POLYISOPRENSYN_PWY
htpB,PWY_5347
htpB,PWY_5838
htpB,PWY_5840
htpB,PWY_5850
htpB,PWY_5861
htpB,PWY_5897
htpB,PWY_5898
htpB,PWY_5899
htpB,PWY_5918
htpB,PWY_5989
htpB,PWY_6282
htpB,PWY_6285
htpB,PWY_6519
htpB,PWY_6961
htpB,PWY_7663
htpB,PWY_7664
htpB,PWY0_1298
htpB,PWY0_1477
htpB,PWY0_301
htpB,PWY0_781
htpB,PWY0_845
htpB,PWY0_862
htpB,PYRIDOXSYN_PWY
cheA.1,Escherichia_coli
cheA.1,FASYN_ELONG_PWY
cheA.1,HOMOSER_METSYN_PWY
cheA.1,MET_SAM_PWY
cheA.1,METSYN_PWY
cheA.1,P161_PWY
cheA.1,P4_PWY
cheA.1,P461_PWY
cheA.1,POLYISOPRENSYN_PWY
cheA.1,PWY_5347
cheA.1,PWY_5838
cheA.1,PWY_5840
cheA.1,PWY_5850
cheA.1,PWY_5861
cheA.1,PWY_5897
cheA.1,PWY_5898
cheA.1,PWY_5899
cheA.1,PWY_5918
cheA.1,PWY_5989
cheA.1,PWY_6282
cheA.1,PWY_6285
cheA.1,PWY_6519
cheA.1,PWY_6961
cheA.1,PWY_7663
cheA.1,PWY_7664
cheA.1,PWY0_1298
cheA.1,PWY0_1477
cheA.1,PWY0_301
cheA.1,PWY0_781
cheA.1,PWY0_845
cheA.1,PWY0_862
cheA.1,PYRIDOXSYN_PWY
farB.1,Escherichia_coli
farB.1,HOMOSER_METSYN_PWY
farB.1,MET_SAM_PWY
farB.1,METSYN_PWY
farB.1,P161_PWY
farB.1,P4_PWY
farB.1,P461_PWY
farB.1,POLYISOPRENSYN_PWY
farB.1,PWY_5347
farB.1,PWY_5838
farB.1,PWY_5840
farB.1,PWY_5850
farB.1,PWY_5861
farB.1,PWY_5897
farB.1,PWY_5898
farB.1,PWY_5899
farB.1,PWY_5918
farB.1,PWY_6282
farB.1,PWY_6285
farB.1,PWY_6519
farB.1,PWY_6961
farB.1,PWY0_1477
farB.1,PWY0_301
farB.1,PWY0_781
farB.1,PWY0_845
farB.1,PYRIDOXSYN_PWY
flrA.1,Escherichia_coli
flrA.1,FASYN_ELONG_PWY
flrA.1,GLYCOLYSIS_E_D
flrA.1,HOMOSER_METSYN_PWY
flrA.1,MET_SAM_PWY
flrA.1,METSYN_PWY
flrA.1,P161_PWY
flrA.1,P4_PWY
flrA.1,P461_PWY
flrA.1,POLYISOPRENSYN_PWY
flrA.1,PWY_5347
flrA.1,PWY_5838
flrA.1,PWY_5840
flrA.1,PWY_5850
flrA.1,PWY_5861
flrA.1,PWY_5897
flrA.1,PWY_5898
flrA.1,PWY_5899
flrA.1,PWY_5918
flrA.1,PWY_5989
flrA.1,PWY_6282
flrA.1,PWY_6285
flrA.1,PWY_6519
flrA.1,PWY_6961
flrA.1,PWY_7663
flrA.1,PWY_7664
flrA.1,PWY0_1298
flrA.1,PWY0_1477
flrA.1,PWY0_301
flrA.1,PWY0_781
flrA.1,PWY0_845
flrA.1,PWY0_862
flrA.1,PYRIDOXSYN_PWY
fimD.2,Escherichia_coli
fimD.2,FASYN_ELONG_PWY
fimD.2,GLYCOLYSIS_E_D
fimD.2,HOMOSER_METSYN_PWY
fimD.2,MET_SAM_PWY
fimD.2,METSYN_PWY
fimD.2,P161_PWY
fimD.2,P4_PWY
fimD.2,P461_PWY
fimD.2,POLYISOPRENSYN_PWY
fimD.2,PWY_5347
fimD.2,PWY_5838
fimD.2,PWY_5840
fimD.2,PWY_5850
fimD.2,PWY_5861
fimD.2,PWY_5897
fimD.2,PWY_5898
fimD.2,PWY_5899
fimD.2,PWY_5918
fimD.2,PWY_5989
fimD.2,PWY_6282
fimD.2,PWY_6285
fimD.2,PWY_6519
fimD.2,PWY_6961
fimD.2,PWY_7663
fimD.2,PWY_7664
fimD.2,PWY0_1298
fimD.2,PWY0_1477
fimD.2,PWY0_301
fimD.2,PWY0_781
fimD.2,PWY0_845
fimD.2,PWY0_862
fimD.2,PWY4FS_7
fimD.2,PWY4FS_8
fimD.2,PYRIDOXSYN_PWY
shuU,Escherichia_coli
shuU,FASYN_ELONG_PWY
shuU,GLYCOLYSIS_E_D
shuU,HOMOSER_METSYN_PWY
shuU,MET_SAM_PWY
shuU,METSYN_PWY
shuU,P161_PWY
shuU,P4_PWY
shuU,P461_PWY
shuU,POLYISOPRENSYN_PWY
shuU,PWY_5347
shuU,PWY_5838
shuU,PWY_5840
shuU,PWY_5850
shuU,PWY_5861
shuU,PWY_5897
shuU,PWY_5898
shuU,PWY_5899
shuU,PWY_5918
shuU,PWY_5989
shuU,PWY_6282
shuU,PWY_6285
shuU,PWY_6519
shuU,PWY_6961
shuU,PWY_7663
shuU,PWY_7664
shuU,PWY0_1477
shuU,PWY0_301
shuU,PWY0_781
shuU,PWY0_845
shuU,PWY0_862
shuU,PYRIDOXSYN_PWY
bioD.1,Escherichia_coli
bioD.1,HOMOSER_METSYN_PWY
bioD.1,MET_SAM_PWY
bioD.1,METSYN_PWY
bioD.1,PWY_5347
bioD.1,PWY_5838
bioD.1,PWY_5840
bioD.1,PWY_5850
bioD.1,PWY_5861
bioD.1,PWY_5897
bioD.1,PWY_5898
bioD.1,PWY_5899
bioD.1,PWY_5918
bioD.1,PWY_6285
bioD.1,PWY_6519
bioD.1,PWY_6961
bioD.1,PWY0_1477
bioD.1,PWY0_301
bioD.1,PWY0_845
bioD.1,PYRIDOXSYN_PWY
invD,Escherichia_coli
invD,HOMOSER_METSYN_PWY
invD,MET_SAM_PWY
invD,METSYN_PWY
invD,PWY_5347
invD,PWY_5838
invD,PWY_5840
invD,PWY_5850
invD,PWY_5861
invD,PWY_5918
invD,PWY_6961
invD,PWY0_1477
invD,PWY0_301
invD,PWY0_845
invD,PYRIDOXSYN_PWY
ptxR,Escherichia_coli
ptxR,HOMOSER_METSYN_PWY
ptxR,MET_SAM_PWY
ptxR,METSYN_PWY
ptxR,PWY_5347
ptxR,PWY_5850
ptxR,PWY_5918
ptxR,PWY_6961
ptxR,PWY0_1477
ptxR,PWY0_301
ptxR,PYRIDOXSYN_PWY
mprA.1,Escherichia_coli
mprA.1,HOMOSER_METSYN_PWY
mprA.1,MET_SAM_PWY
mprA.1,METSYN_PWY
mprA.1,PWY_5347
mprA.1,PWY_5850
mprA.1,PWY_5918
mprA.1,PWY_6961
mprA.1,PWY0_301
bioD.2,Escherichia_coli
bioD.2,HOMOSER_METSYN_PWY
bioD.2,MET_SAM_PWY
bioD.2,METSYN_PWY
bioD.2,PWY_5347
bioD.2,PWY_5840
bioD.2,PWY_5850
bioD.2,PWY_5918
bioD.2,PWY_6961
bioD.2,PWY0_1477
bioD.2,PWY0_301
bioD.2,PYRIDOXSYN_PWY
mrkC,Escherichia_coli
mrkC,FASYN_ELONG_PWY
mrkC,GLYCOLYSIS_E_D
mrkC,HOMOSER_METSYN_PWY
mrkC,MET_SAM_PWY
mrkC,METSYN_PWY
mrkC,P161_PWY
mrkC,P4_PWY
mrkC,P461_PWY
mrkC,POLYISOPRENSYN_PWY
mrkC,PWY_5347
mrkC,PWY_5838
mrkC,PWY_5840
mrkC,PWY_5850
mrkC,PWY_5861
mrkC,PWY_5897
mrkC,PWY_5898
mrkC,PWY_5899
mrkC,PWY_5918
mrkC,PWY_5989
mrkC,PWY_6282
mrkC,PWY_6285
mrkC,PWY_6519
mrkC,PWY_6961
mrkC,PWY_7663
mrkC,PWY_7664
mrkC,PWY0_1298
mrkC,PWY0_1477
mrkC,PWY0_301
mrkC,PWY0_781
mrkC,PWY0_845
mrkC,PWY0_862
mrkC,PYRIDOXSYN_PWY
flmH,Escherichia_coli
flmH,HOMOSER_METSYN_PWY
flmH,MET_SAM_PWY
flmH,METSYN_PWY
flmH,PWY_5347
flmH,PWY_5838
flmH,PWY_5840
flmH,PWY_5850
flmH,PWY_5861
flmH,PWY_5918
flmH,PWY_6285
flmH,PWY_6961
flmH,PWY0_1477
flmH,PWY0_301
flmH,PWY0_845
flmH,PYRIDOXSYN_PWY
fslD,Escherichia_coli
fslD,HOMOSER_METSYN_PWY
fslD,MET_SAM_PWY
fslD,METSYN_PWY
fslD,PWY_5347
fslD,PWY_5838
fslD,PWY_5840
fslD,PWY_5850
fslD,PWY_5861
fslD,PWY_5897
fslD,PWY_5898
fslD,PWY_5899
fslD,PWY_5918
fslD,PWY_6285
fslD,PWY_6519
fslD,PWY_6961
fslD,PWY0_1477
fslD,PWY0_301
fslD,PWY0_845
fslD,PYRIDOXSYN_PWY
acrB,Escherichia_coli
acrB,HOMOSER_METSYN_PWY
acrB,MET_SAM_PWY
acrB,METSYN_PWY
acrB,PWY_5347
acrB,PWY_5838
acrB,PWY_5840
acrB,PWY_5850
acrB,PWY_5861
acrB,PWY_5897
acrB,PWY_5898
acrB,PWY_5899
acrB,PWY_5918
acrB,PWY_6285
acrB,PWY_6519
acrB,PWY_6961
acrB,PWY0_1477
acrB,PWY0_301
acrB,PWY0_845
acrB,PYRIDOXSYN_PWY
lpxA/glmU,Escherichia_coli
lpxA/glmU,HOMOSER_METSYN_PWY
lpxA/glmU,MET_SAM_PWY
lpxA/glmU,METSYN_PWY
lpxA/glmU,PWY_5347
lpxA/glmU,PWY_5838
lpxA/glmU,PWY_5840
lpxA/glmU,PWY_5850
lpxA/glmU,PWY_5861
lpxA/glmU,PWY_5918
lpxA/glmU,PWY_6285
lpxA/glmU,PWY_6961
lpxA/glmU,PWY0_1477
lpxA/glmU,PWY0_301
lpxA/glmU,PWY0_845
lpxA/glmU,PYRIDOXSYN_PWY
letS,Christensenella_minuta
letS,GGB9766_SGB15383
letS,ANAGLYCOLYSIS_PWY
letS,ARGSYNBSUB_PWY
letS,ARO_PWY
letS,COA_PWY
letS,COA_PWY_1
letS,COMPLETE_ARO_PWY
letS,DTDPRHAMSYN_PWY
letS,GLYCOGENSYNTH_PWY
letS,HISTSYN_PWY
letS,NONMEVIPP_PWY
letS,PANTOSYN_PWY
letS,PEPTIDOGLYCANSYN_PWY
letS,PWY_3841
letS,PWY_5097
letS,PWY_5686
letS,PWY_6151
letS,PWY_6163
letS,PWY_6385
letS,PWY_6386
letS,PWY_6387
letS,PWY_6700
letS,PWY_7790
letS,PWY_7791
letS,PWY_7851
FTT_RS04105,GGB9766_SGB15383
FTT_RS04105,Phocaeicola_SGB6473
FTT_RS04105,ANAGLYCOLYSIS_PWY
FTT_RS04105,ARGSYNBSUB_PWY
FTT_RS04105,ARO_PWY
FTT_RS04105,COA_PWY
FTT_RS04105,COA_PWY_1
FTT_RS04105,COMPLETE_ARO_PWY
FTT_RS04105,PANTOSYN_PWY
FTT_RS04105,PEPTIDOGLYCANSYN_PWY
FTT_RS04105,PWY_3841
FTT_RS04105,PWY_5097
FTT_RS04105,PWY_5686
FTT_RS04105,PWY_6151
FTT_RS04105,PWY_6163
FTT_RS04105,PWY_6385
FTT_RS04105,PWY_6386
FTT_RS04105,PWY_6387
FTT_RS04105,PWY_6700
FTT_RS04105,PWY_7790
FTT_RS04105,PWY_7791
FTT_RS04105,PWY_7851
clpC.1,Escherichia_coli
clpC.1,FASYN_ELONG_PWY
clpC.1,GLYCOLYSIS_E_D
clpC.1,HOMOSER_METSYN_PWY
clpC.1,MET_SAM_PWY
clpC.1,METSYN_PWY
clpC.1,P161_PWY
clpC.1,P4_PWY
clpC.1,P461_PWY
clpC.1,POLYISOPRENSYN_PWY
clpC.1,PWY_5347
clpC.1,PWY_5838
clpC.1,PWY_5840
clpC.1,PWY_5850
clpC.1,PWY_5861
clpC.1,PWY_5897
clpC.1,PWY_5898
clpC.1,PWY_5899
clpC.1,PWY_5918
clpC.1,PWY_5989
clpC.1,PWY_6282
clpC.1,PWY_6285
clpC.1,PWY_6519
clpC.1,PWY_6961
clpC.1,PWY_7663
clpC.1,PWY_7664
clpC.1,PWY0_1298
clpC.1,PWY0_1477
clpC.1,PWY0_301
clpC.1,PWY0_781
clpC.1,PWY0_845
clpC.1,PWY0_862
clpC.1,PWY4FS_7
clpC.1,PWY4FS_8
clpC.1,PYRIDOXSYN_PWY
msbA.1,Escherichia_coli
msbA.1,HOMOSER_METSYN_PWY
msbA.1,METSYN_PWY
msbA.1,PWY_5850
msbA.1,PWY_5918
lirB,Escherichia_coli
lirB,HOMOSER_METSYN_PWY
lirB,MET_SAM_PWY
lirB,METSYN_PWY
lirB,P161_PWY
lirB,PWY_5347
lirB,PWY_5838
lirB,PWY_5840
lirB,PWY_5850
lirB,PWY_5861
lirB,PWY_5897
lirB,PWY_5898
lirB,PWY_5899
lirB,PWY_5918
lirB,PWY_6282
lirB,PWY_6285
lirB,PWY_6519
lirB,PWY_6961
lirB,PWY0_1477
lirB,PWY0_301
lirB,PWY0_845
lirB,PYRIDOXSYN_PWY
glgX,Escherichia_coli
glgX,HOMOSER_METSYN_PWY
glgX,MET_SAM_PWY
glgX,METSYN_PWY
glgX,P161_PWY
glgX,PWY_5347
glgX,PWY_5840
glgX,PWY_5850
glgX,PWY_5861
glgX,PWY_5918
glgX,PWY_6961
glgX,PWY0_1477
glgX,PWY0_301
glgX,PYRIDOXSYN_PWY
fadD22,Escherichia_coli
fadD22,FASYN_ELONG_PWY
fadD22,GLYCOLYSIS_E_D
fadD22,HOMOSER_METSYN_PWY
fadD22,MET_SAM_PWY
fadD22,METSYN_PWY
fadD22,P161_PWY
fadD22,P4_PWY
fadD22,P461_PWY
fadD22,POLYISOPRENSYN_PWY
fadD22,PWY_5347
fadD22,PWY_5838
fadD22,PWY_5840
fadD22,PWY_5850
fadD22,PWY_5861
fadD22,PWY_5897
fadD22,PWY_5898
fadD22,PWY_5899
fadD22,PWY_5918
fadD22,PWY_5989
fadD22,PWY_6282
fadD22,PWY_6285
fadD22,PWY_6519
fadD22,PWY_6961
fadD22,PWY_7663
fadD22,PWY_7664
fadD22,PWY0_1298
fadD22,PWY0_1477
fadD22,PWY0_301
fadD22,PWY0_781
fadD22,PWY0_845
fadD22,PWY0_862
fadD22,PYRIDOXSYN_PWY
wbkC,Escherichia_coli
wbkC,HOMOSER_METSYN_PWY
wbkC,MET_SAM_PWY
wbkC,METSYN_PWY
wbkC,P4_PWY
wbkC,PWY_5347
wbkC,PWY_5838
wbkC,PWY_5840
wbkC,PWY_5850
wbkC,PWY_5861
wbkC,PWY_5897
wbkC,PWY_5898
wbkC,PWY_5899
wbkC,PWY_5918
wbkC,PWY_6961
wbkC,PWY0_1477
wbkC,PWY0_301
wbkC,PWY0_781
wbkC,PWY0_845
wbkC,PYRIDOXSYN_PWY
farB.2,Escherichia_coli
farB.2,HOMOSER_METSYN_PWY
farB.2,MET_SAM_PWY
farB.2,METSYN_PWY
farB.2,PWY_5347
farB.2,PWY_5838
farB.2,PWY_5840
farB.2,PWY_5850
farB.2,PWY_5861
farB.2,PWY_5918
farB.2,PWY_6519
farB.2,PWY_6961
farB.2,PWY0_1477
farB.2,PWY0_301
farB.2,PWY0_845
farB.2,PYRIDOXSYN_PWY
algZ.1,Escherichia_coli
algZ.1,HOMOSER_METSYN_PWY
algZ.1,MET_SAM_PWY
algZ.1,METSYN_PWY
algZ.1,PWY_5347
algZ.1,PWY_5838
algZ.1,PWY_5840
algZ.1,PWY_5850
algZ.1,PWY_5861
algZ.1,PWY_5918
algZ.1,PWY_6961
algZ.1,PWY0_1477
algZ.1,PWY0_301
algZ.1,PWY0_845
algZ.1,PYRIDOXSYN_PWY
mprA.2,Escherichia_coli
mprA.2,HOMOSER_METSYN_PWY
mprA.2,MET_SAM_PWY
mprA.2,METSYN_PWY
mprA.2,PWY_5347
mprA.2,PWY_5850
mprA.2,PWY_5918
mprA.2,PWY_6961
mprA.2,PWY0_301
mprA.2,PWY0_845
mprA.2,PYRIDOXSYN_PWY
flgN,Escherichia_coli
flgN,HOMOSER_METSYN_PWY
flgN,MET_SAM_PWY
flgN,METSYN_PWY
flgN,PWY_5347
flgN,PWY_5838
flgN,PWY_5840
flgN,PWY_5850
flgN,PWY_5861
flgN,PWY_5897
flgN,PWY_5898
flgN,PWY_5899
flgN,PWY_5918
flgN,PWY_6285
flgN,PWY_6519
flgN,PWY_6961
flgN,PWY0_1477
flgN,PWY0_301
flgN,PWY0_845
flgN,PYRIDOXSYN_PWY
pchH,Escherichia_coli
pchH,HOMOSER_METSYN_PWY
pchH,MET_SAM_PWY
pchH,METSYN_PWY
pchH,PWY_5347
pchH,PWY_5838
pchH,PWY_5840
pchH,PWY_5850
pchH,PWY_5861
pchH,PWY_5918
pchH,PWY_6961
pchH,PWY0_1477
pchH,PWY0_301
pchH,PWY0_845
pchH,PYRIDOXSYN_PWY
flgL,Escherichia_coli
flgL,HOMOSER_METSYN_PWY
flgL,PWY_5918
flgL,PWY_6961
letS,Christensenella_minuta
Christensenella_minuta,ASPASN_PWY
Christensenella_minuta,GLYCOLYSIS_E_D
Christensenella_minuta,PENTOSE_P_PWY
Christensenella_minuta,PWY4FS_7
Christensenella_minuta,PWY4FS_8
Christensenella_minuta,PWY66_409
Christensenella_minuta,ANAGLYCOLYSIS_PWY
Christensenella_minuta,ARGSYNBSUB_PWY
Christensenella_minuta,ARO_PWY
Christensenella_minuta,COA_PWY
Christensenella_minuta,COA_PWY_1
Christensenella_minuta,COMPLETE_ARO_PWY
Christensenella_minuta,DTDPRHAMSYN_PWY
Christensenella_minuta,GLYCOGENSYNTH_PWY
Christensenella_minuta,HISTSYN_PWY
Christensenella_minuta,NONMEVIPP_PWY
Christensenella_minuta,PANTO_PWY
Christensenella_minuta,PANTOSYN_PWY
Christensenella_minuta,PEPTIDOGLYCANSYN_PWY
Christensenella_minuta,PWY_3841
Christensenella_minuta,PWY_5097
Christensenella_minuta,PWY_5686
Christensenella_minuta,PWY_6151
Christensenella_minuta,PWY_6163
Christensenella_minuta,PWY_6385
Christensenella_minuta,PWY_6386
Christensenella_minuta,PWY_6387
Christensenella_minuta,PWY_6700
Christensenella_minuta,PWY_7790
Christensenella_minuta,PWY_7791
Christensenella_minuta,PWY_7851
clbB,Escherichia_coli
htpB,Escherichia_coli
cheA.1,Escherichia_coli
farB.1,Escherichia_coli
flrA.1,Escherichia_coli
fimD.2,Escherichia_coli
shuU,Escherichia_coli
bioD.1,Escherichia_coli
invD,Escherichia_coli
ptxR,Escherichia_coli
mprA.1,Escherichia_coli
bioD.2,Escherichia_coli
mrkC,Escherichia_coli
flmH,Escherichia_coli
fslD,Escherichia_coli
acrB,Escherichia_coli
lpxA/glmU,Escherichia_coli
clpC.1,Escherichia_coli
msbA.1,Escherichia_coli
lirB,Escherichia_coli
glgX,Escherichia_coli
fadD22,Escherichia_coli
wbkC,Escherichia_coli
farB.2,Escherichia_coli
algZ.1,Escherichia_coli
mprA.2,Escherichia_coli
flgN,Escherichia_coli
pchH,Escherichia_coli
flgL,Escherichia_coli
Escherichia_coli,FASYN_ELONG_PWY
Escherichia_coli,GLYCOLYSIS_E_D
Escherichia_coli,HOMOSER_METSYN_PWY
Escherichia_coli,MET_SAM_PWY
Escherichia_coli,METSYN_PWY
Escherichia_coli,P161_PWY
Escherichia_coli,P4_PWY
Escherichia_coli,P461_PWY
Escherichia_coli,POLYISOPRENSYN_PWY
Escherichia_coli,PWY_5347
Escherichia_coli,PWY_5838
Escherichia_coli,PWY_5840
Escherichia_coli,PWY_5850
Escherichia_coli,PWY_5861
Escherichia_coli,PWY_5897
Escherichia_coli,PWY_5898
Escherichia_coli,PWY_5899
Escherichia_coli,PWY_5918
Escherichia_coli,PWY_5989
Escherichia_coli,PWY_6282
Escherichia_coli,PWY_6285
Escherichia_coli,PWY_6519
Escherichia_coli,PWY_6961
Escherichia_coli,PWY_7663
Escherichia_coli,PWY_7664
Escherichia_coli,PWY0_1298
Escherichia_coli,PWY0_1477
Escherichia_coli,PWY0_301
Escherichia_coli,PWY0_781
Escherichia_coli,PWY0_845
Escherichia_coli,PWY0_862
Escherichia_coli,PWY4FS_7
Escherichia_coli,PWY4FS_8
Escherichia_coli,PYRIDOXSYN_PWY
letS,GGB9766_SGB15383
FTT_RS04105,GGB9766_SGB15383
GGB9766_SGB15383,ASPASN_PWY
GGB9766_SGB15383,PENTOSE_P_PWY
GGB9766_SGB15383,ANAGLYCOLYSIS_PWY
GGB9766_SGB15383,ARGSYNBSUB_PWY
GGB9766_SGB15383,ARO_PWY
GGB9766_SGB15383,COA_PWY
GGB9766_SGB15383,COA_PWY_1
GGB9766_SGB15383,COMPLETE_ARO_PWY
GGB9766_SGB15383,DTDPRHAMSYN_PWY
GGB9766_SGB15383,GLYCOGENSYNTH_PWY
GGB9766_SGB15383,HISTSYN_PWY
GGB9766_SGB15383,NONMEVIPP_PWY
GGB9766_SGB15383,PANTO_PWY
GGB9766_SGB15383,PANTOSYN_PWY
GGB9766_SGB15383,PEPTIDOGLYCANSYN_PWY
GGB9766_SGB15383,PWY_3841
GGB9766_SGB15383,PWY_5097
GGB9766_SGB15383,PWY_5686
GGB9766_SGB15383,PWY_6151
GGB9766_SGB15383,PWY_6163
GGB9766_SGB15383,PWY_6385
GGB9766_SGB15383,PWY_6386
GGB9766_SGB15383,PWY_6387
GGB9766_SGB15383,PWY_6700
GGB9766_SGB15383,PWY_7790
GGB9766_SGB15383,PWY_7791
GGB9766_SGB15383,PWY_7851
Limosilactobacillus_fermentum,ASPASN_PWY
Limosilactobacillus_fermentum,PENTOSE_P_PWY
Limosilactobacillus_fermentum,PWY0_1298
Limosilactobacillus_fermentum,PWY66_409
Limosilactobacillus_fermentum,ANAGLYCOLYSIS_PWY
Limosilactobacillus_fermentum,PWY_6385
FTT_RS04105,Phocaeicola_SGB6473
Phocaeicola_SGB6473,ASPASN_PWY
Phocaeicola_SGB6473,PWY66_409
Phocaeicola_SGB6473,ANAGLYCOLYSIS_PWY
Phocaeicola_SGB6473,ARGSYNBSUB_PWY
Phocaeicola_SGB6473,ARO_PWY
Phocaeicola_SGB6473,COA_PWY
Phocaeicola_SGB6473,COA_PWY_1
Phocaeicola_SGB6473,COMPLETE_ARO_PWY
Phocaeicola_SGB6473,DTDPRHAMSYN_PWY
Phocaeicola_SGB6473,HISTSYN_PWY
Phocaeicola_SGB6473,NONMEVIPP_PWY
Phocaeicola_SGB6473,PANTO_PWY
Phocaeicola_SGB6473,PANTOSYN_PWY
Phocaeicola_SGB6473,PEPTIDOGLYCANSYN_PWY
Phocaeicola_SGB6473,PWY_3841
Phocaeicola_SGB6473,PWY_5097
Phocaeicola_SGB6473,PWY_5686
Phocaeicola_SGB6473,PWY_6151
Phocaeicola_SGB6473,PWY_6163
Phocaeicola_SGB6473,PWY_6385
Phocaeicola_SGB6473,PWY_6386
Phocaeicola_SGB6473,PWY_6387
Phocaeicola_SGB6473,PWY_6700
Phocaeicola_SGB6473,PWY_7790
Phocaeicola_SGB6473,PWY_7791
Phocaeicola_SGB6473,PWY_7851
Christensenella_minuta,ASPASN_PWY
GGB9766_SGB15383,ASPASN_PWY
Limosilactobacillus_fermentum,ASPASN_PWY
Phocaeicola_SGB6473,ASPASN_PWY
htpB,FASYN_ELONG_PWY
cheA.1,FASYN_ELONG_PWY
flrA.1,FASYN_ELONG_PWY
fimD.2,FASYN_ELONG_PWY
shuU,FASYN_ELONG_PWY
mrkC,FASYN_ELONG_PWY
clpC.1,FASYN_ELONG_PWY
fadD22,FASYN_ELONG_PWY
Escherichia_coli,FASYN_ELONG_PWY
htpB,GLYCOLYSIS_E_D
flrA.1,GLYCOLYSIS_E_D
fimD.2,GLYCOLYSIS_E_D
shuU,GLYCOLYSIS_E_D
mrkC,GLYCOLYSIS_E_D
clpC.1,GLYCOLYSIS_E_D
fadD22,GLYCOLYSIS_E_D
Christensenella_minuta,GLYCOLYSIS_E_D
Escherichia_coli,GLYCOLYSIS_E_D
clbB,HOMOSER_METSYN_PWY
htpB,HOMOSER_METSYN_PWY
cheA.1,HOMOSER_METSYN_PWY
farB.1,HOMOSER_METSYN_PWY
flrA.1,HOMOSER_METSYN_PWY
fimD.2,HOMOSER_METSYN_PWY
shuU,HOMOSER_METSYN_PWY
bioD.1,HOMOSER_METSYN_PWY
invD,HOMOSER_METSYN_PWY
ptxR,HOMOSER_METSYN_PWY
mprA.1,HOMOSER_METSYN_PWY
bioD.2,HOMOSER_METSYN_PWY
mrkC,HOMOSER_METSYN_PWY
flmH,HOMOSER_METSYN_PWY
fslD,HOMOSER_METSYN_PWY
acrB,HOMOSER_METSYN_PWY
lpxA/glmU,HOMOSER_METSYN_PWY
clpC.1,HOMOSER_METSYN_PWY
msbA.1,HOMOSER_METSYN_PWY
lirB,HOMOSER_METSYN_PWY
glgX,HOMOSER_METSYN_PWY
fadD22,HOMOSER_METSYN_PWY
wbkC,HOMOSER_METSYN_PWY
farB.2,HOMOSER_METSYN_PWY
algZ.1,HOMOSER_METSYN_PWY
mprA.2,HOMOSER_METSYN_PWY
flgN,HOMOSER_METSYN_PWY
pchH,HOMOSER_METSYN_PWY
flgL,HOMOSER_METSYN_PWY
Escherichia_coli,HOMOSER_METSYN_PWY
htpB,MET_SAM_PWY
cheA.1,MET_SAM_PWY
farB.1,MET_SAM_PWY
flrA.1,MET_SAM_PWY
fimD.2,MET_SAM_PWY
shuU,MET_SAM_PWY
bioD.1,MET_SAM_PWY
invD,MET_SAM_PWY
ptxR,MET_SAM_PWY
mprA.1,MET_SAM_PWY
bioD.2,MET_SAM_PWY
mrkC,MET_SAM_PWY
flmH,MET_SAM_PWY
fslD,MET_SAM_PWY
acrB,MET_SAM_PWY
lpxA/glmU,MET_SAM_PWY
clpC.1,MET_SAM_PWY
lirB,MET_SAM_PWY
glgX,MET_SAM_PWY
fadD22,MET_SAM_PWY
wbkC,MET_SAM_PWY
farB.2,MET_SAM_PWY
algZ.1,MET_SAM_PWY
mprA.2,MET_SAM_PWY
flgN,MET_SAM_PWY
pchH,MET_SAM_PWY
Escherichia_coli,MET_SAM_PWY
htpB,METSYN_PWY
cheA.1,METSYN_PWY
farB.1,METSYN_PWY
flrA.1,METSYN_PWY
fimD.2,METSYN_PWY
shuU,METSYN_PWY
bioD.1,METSYN_PWY
invD,METSYN_PWY
ptxR,METSYN_PWY
mprA.1,METSYN_PWY
bioD.2,METSYN_PWY
mrkC,METSYN_PWY
flmH,METSYN_PWY
fslD,METSYN_PWY
acrB,METSYN_PWY
lpxA/glmU,METSYN_PWY
clpC.1,METSYN_PWY
msbA.1,METSYN_PWY
lirB,METSYN_PWY
glgX,METSYN_PWY
fadD22,METSYN_PWY
wbkC,METSYN_PWY
farB.2,METSYN_PWY
algZ.1,METSYN_PWY
mprA.2,METSYN_PWY
flgN,METSYN_PWY
pchH,METSYN_PWY
Escherichia_coli,METSYN_PWY
htpB,P161_PWY
cheA.1,P161_PWY
farB.1,P161_PWY
flrA.1,P161_PWY
fimD.2,P161_PWY
shuU,P161_PWY
mrkC,P161_PWY
clpC.1,P161_PWY
lirB,P161_PWY
glgX,P161_PWY
fadD22,P161_PWY
Escherichia_coli,P161_PWY
htpB,P4_PWY
cheA.1,P4_PWY
farB.1,P4_PWY
flrA.1,P4_PWY
fimD.2,P4_PWY
shuU,P4_PWY
mrkC,P4_PWY
clpC.1,P4_PWY
fadD22,P4_PWY
wbkC,P4_PWY
Escherichia_coli,P4_PWY
htpB,P461_PWY
cheA.1,P461_PWY
farB.1,P461_PWY
flrA.1,P461_PWY
fimD.2,P461_PWY
shuU,P461_PWY
mrkC,P461_PWY
clpC.1,P461_PWY
fadD22,P461_PWY
Escherichia_coli,P461_PWY
Christensenella_minuta,PENTOSE_P_PWY
GGB9766_SGB15383,PENTOSE_P_PWY
Limosilactobacillus_fermentum,PENTOSE_P_PWY
htpB,POLYISOPRENSYN_PWY
cheA.1,POLYISOPRENSYN_PWY
farB.1,POLYISOPRENSYN_PWY
flrA.1,POLYISOPRENSYN_PWY
fimD.2,POLYISOPRENSYN_PWY
shuU,POLYISOPRENSYN_PWY
mrkC,POLYISOPRENSYN_PWY
clpC.1,POLYISOPRENSYN_PWY
fadD22,POLYISOPRENSYN_PWY
Escherichia_coli,POLYISOPRENSYN_PWY
htpB,PWY_5347
cheA.1,PWY_5347
farB.1,PWY_5347
flrA.1,PWY_5347
fimD.2,PWY_5347
shuU,PWY_5347
bioD.1,PWY_5347
invD,PWY_5347
ptxR,PWY_5347
mprA.1,PWY_5347
bioD.2,PWY_5347
mrkC,PWY_5347
flmH,PWY_5347
fslD,PWY_5347
acrB,PWY_5347
lpxA/glmU,PWY_5347
clpC.1,PWY_5347
lirB,PWY_5347
glgX,PWY_5347
fadD22,PWY_5347
wbkC,PWY_5347
farB.2,PWY_5347
algZ.1,PWY_5347
mprA.2,PWY_5347
flgN,PWY_5347
pchH,PWY_5347
Escherichia_coli,PWY_5347
htpB,PWY_5838
cheA.1,PWY_5838
farB.1,PWY_5838
flrA.1,PWY_5838
fimD.2,PWY_5838
shuU,PWY_5838
bioD.1,PWY_5838
invD,PWY_5838
mrkC,PWY_5838
flmH,PWY_5838
fslD,PWY_5838
acrB,PWY_5838
lpxA/glmU,PWY_5838
clpC.1,PWY_5838
lirB,PWY_5838
fadD22,PWY_5838
wbkC,PWY_5838
farB.2,PWY_5838
algZ.1,PWY_5838
flgN,PWY_5838
pchH,PWY_5838
Escherichia_coli,PWY_5838
htpB,PWY_5840
cheA.1,PWY_5840
farB.1,PWY_5840
flrA.1,PWY_5840
fimD.2,PWY_5840
shuU,PWY_5840
bioD.1,PWY_5840
invD,PWY_5840
bioD.2,PWY_5840
mrkC,PWY_5840
flmH,PWY_5840
fslD,PWY_5840
acrB,PWY_5840
lpxA/glmU,PWY_5840
clpC.1,PWY_5840
lirB,PWY_5840
glgX,PWY_5840
fadD22,PWY_5840
wbkC,PWY_5840
farB.2,PWY_5840
algZ.1,PWY_5840
flgN,PWY_5840
pchH,PWY_5840
Escherichia_coli,PWY_5840
htpB,PWY_5850
cheA.1,PWY_5850
farB.1,PWY_5850
flrA.1,PWY_5850
fimD.2,PWY_5850
shuU,PWY_5850
bioD.1,PWY_5850
invD,PWY_5850
ptxR,PWY_5850
mprA.1,PWY_5850
bioD.2,PWY_5850
mrkC,PWY_5850
flmH,PWY_5850
fslD,PWY_5850
acrB,PWY_5850
lpxA/glmU,PWY_5850
clpC.1,PWY_5850
msbA.1,PWY_5850
lirB,PWY_5850
glgX,PWY_5850
fadD22,PWY_5850
wbkC,PWY_5850
farB.2,PWY_5850
algZ.1,PWY_5850
mprA.2,PWY_5850
flgN,PWY_5850
pchH,PWY_5850
Escherichia_coli,PWY_5850
htpB,PWY_5861
cheA.1,PWY_5861
farB.1,PWY_5861
flrA.1,PWY_5861
fimD.2,PWY_5861
shuU,PWY_5861
bioD.1,PWY_5861
invD,PWY_5861
mrkC,PWY_5861
flmH,PWY_5861
fslD,PWY_5861
acrB,PWY_5861
lpxA/glmU,PWY_5861
clpC.1,PWY_5861
lirB,PWY_5861
glgX,PWY_5861
fadD22,PWY_5861
wbkC,PWY_5861
farB.2,PWY_5861
algZ.1,PWY_5861
flgN,PWY_5861
pchH,PWY_5861
Escherichia_coli,PWY_5861
htpB,PWY_5897
cheA.1,PWY_5897
farB.1,PWY_5897
flrA.1,PWY_5897
fimD.2,PWY_5897
shuU,PWY_5897
bioD.1,PWY_5897
mrkC,PWY_5897
fslD,PWY_5897
acrB,PWY_5897
clpC.1,PWY_5897
lirB,PWY_5897
fadD22,PWY_5897
wbkC,PWY_5897
flgN,PWY_5897
Escherichia_coli,PWY_5897
htpB,PWY_5898
cheA.1,PWY_5898
farB.1,PWY_5898
flrA.1,PWY_5898
fimD.2,PWY_5898
shuU,PWY_5898
bioD.1,PWY_5898
mrkC,PWY_5898
fslD,PWY_5898
acrB,PWY_5898
clpC.1,PWY_5898
lirB,PWY_5898
fadD22,PWY_5898
wbkC,PWY_5898
flgN,PWY_5898
Escherichia_coli,PWY_5898
htpB,PWY_5899
cheA.1,PWY_5899
farB.1,PWY_5899
flrA.1,PWY_5899
fimD.2,PWY_5899
shuU,PWY_5899
bioD.1,PWY_5899
mrkC,PWY_5899
fslD,PWY_5899
acrB,PWY_5899
clpC.1,PWY_5899
lirB,PWY_5899
fadD22,PWY_5899
wbkC,PWY_5899
flgN,PWY_5899
Escherichia_coli,PWY_5899
htpB,PWY_5918
cheA.1,PWY_5918
farB.1,PWY_5918
flrA.1,PWY_5918
fimD.2,PWY_5918
shuU,PWY_5918
bioD.1,PWY_5918
invD,PWY_5918
ptxR,PWY_5918
mprA.1,PWY_5918
bioD.2,PWY_5918
mrkC,PWY_5918
flmH,PWY_5918
fslD,PWY_5918
acrB,PWY_5918
lpxA/glmU,PWY_5918
clpC.1,PWY_5918
msbA.1,PWY_5918
lirB,PWY_5918
glgX,PWY_5918
fadD22,PWY_5918
wbkC,PWY_5918
farB.2,PWY_5918
algZ.1,PWY_5918
mprA.2,PWY_5918
flgN,PWY_5918
pchH,PWY_5918
flgL,PWY_5918
Escherichia_coli,PWY_5918
htpB,PWY_5989
cheA.1,PWY_5989
flrA.1,PWY_5989
fimD.2,PWY_5989
shuU,PWY_5989
mrkC,PWY_5989
clpC.1,PWY_5989
fadD22,PWY_5989
Escherichia_coli,PWY_5989
htpB,PWY_6282
cheA.1,PWY_6282
farB.1,PWY_6282
flrA.1,PWY_6282
fimD.2,PWY_6282
shuU,PWY_6282
mrkC,PWY_6282
clpC.1,PWY_6282
lirB,PWY_6282
fadD22,PWY_6282
Escherichia_coli,PWY_6282
htpB,PWY_6285
cheA.1,PWY_6285
farB.1,PWY_6285
flrA.1,PWY_6285
fimD.2,PWY_6285
shuU,PWY_6285
bioD.1,PWY_6285
mrkC,PWY_6285
flmH,PWY_6285
fslD,PWY_6285
acrB,PWY_6285
lpxA/glmU,PWY_6285
clpC.1,PWY_6285
lirB,PWY_6285
fadD22,PWY_6285
flgN,PWY_6285
Escherichia_coli,PWY_6285
htpB,PWY_6519
cheA.1,PWY_6519
farB.1,PWY_6519
flrA.1,PWY_6519
fimD.2,PWY_6519
shuU,PWY_6519
bioD.1,PWY_6519
mrkC,PWY_6519
fslD,PWY_6519
acrB,PWY_6519
clpC.1,PWY_6519
lirB,PWY_6519
fadD22,PWY_6519
farB.2,PWY_6519
flgN,PWY_6519
Escherichia_coli,PWY_6519
clbB,PWY_6961
htpB,PWY_6961
cheA.1,PWY_6961
farB.1,PWY_6961
flrA.1,PWY_6961
fimD.2,PWY_6961
shuU,PWY_6961
bioD.1,PWY_6961
invD,PWY_6961
ptxR,PWY_6961
mprA.1,PWY_6961
bioD.2,PWY_6961
mrkC,PWY_6961
flmH,PWY_6961
fslD,PWY_6961
acrB,PWY_6961
lpxA/glmU,PWY_6961
clpC.1,PWY_6961
lirB,PWY_6961
glgX,PWY_6961
fadD22,PWY_6961
wbkC,PWY_6961
farB.2,PWY_6961
algZ.1,PWY_6961
mprA.2,PWY_6961
flgN,PWY_6961
pchH,PWY_6961
flgL,PWY_6961
Escherichia_coli,PWY_6961
htpB,PWY_7663
cheA.1,PWY_7663
flrA.1,PWY_7663
fimD.2,PWY_7663
shuU,PWY_7663
mrkC,PWY_7663
clpC.1,PWY_7663
fadD22,PWY_7663
Escherichia_coli,PWY_7663
htpB,PWY_7664
cheA.1,PWY_7664
flrA.1,PWY_7664
fimD.2,PWY_7664
shuU,PWY_7664
mrkC,PWY_7664
clpC.1,PWY_7664
fadD22,PWY_7664
Escherichia_coli,PWY_7664
htpB,PWY0_1298
cheA.1,PWY0_1298
flrA.1,PWY0_1298
fimD.2,PWY0_1298
mrkC,PWY0_1298
clpC.1,PWY0_1298
fadD22,PWY0_1298
Escherichia_coli,PWY0_1298
Limosilactobacillus_fermentum,PWY0_1298
htpB,PWY0_1477
cheA.1,PWY0_1477
farB.1,PWY0_1477
flrA.1,PWY0_1477
fimD.2,PWY0_1477
shuU,PWY0_1477
bioD.1,PWY0_1477
invD,PWY0_1477
ptxR,PWY0_1477
bioD.2,PWY0_1477
mrkC,PWY0_1477
flmH,PWY0_1477
fslD,PWY0_1477
acrB,PWY0_1477
lpxA/glmU,PWY0_1477
clpC.1,PWY0_1477
lirB,PWY0_1477
glgX,PWY0_1477
fadD22,PWY0_1477
wbkC,PWY0_1477
farB.2,PWY0_1477
algZ.1,PWY0_1477
flgN,PWY0_1477
pchH,PWY0_1477
Escherichia_coli,PWY0_1477
clbB,PWY0_301
htpB,PWY0_301
cheA.1,PWY0_301
farB.1,PWY0_301
flrA.1,PWY0_301
fimD.2,PWY0_301
shuU,PWY0_301
bioD.1,PWY0_301
invD,PWY0_301
ptxR,PWY0_301
mprA.1,PWY0_301
bioD.2,PWY0_301
mrkC,PWY0_301
flmH,PWY0_301
fslD,PWY0_301
acrB,PWY0_301
lpxA/glmU,PWY0_301
clpC.1,PWY0_301
lirB,PWY0_301
glgX,PWY0_301
fadD22,PWY0_301
wbkC,PWY0_301
farB.2,PWY0_301
algZ.1,PWY0_301
mprA.2,PWY0_301
flgN,PWY0_301
pchH,PWY0_301
Escherichia_coli,PWY0_301
htpB,PWY0_781
cheA.1,PWY0_781
farB.1,PWY0_781
flrA.1,PWY0_781
fimD.2,PWY0_781
shuU,PWY0_781
mrkC,PWY0_781
clpC.1,PWY0_781
fadD22,PWY0_781
wbkC,PWY0_781
Escherichia_coli,PWY0_781
htpB,PWY0_845
cheA.1,PWY0_845
farB.1,PWY0_845
flrA.1,PWY0_845
fimD.2,PWY0_845
shuU,PWY0_845
bioD.1,PWY0_845
invD,PWY0_845
mrkC,PWY0_845
flmH,PWY0_845
fslD,PWY0_845
acrB,PWY0_845
lpxA/glmU,PWY0_845
clpC.1,PWY0_845
lirB,PWY0_845
fadD22,PWY0_845
wbkC,PWY0_845
farB.2,PWY0_845
algZ.1,PWY0_845
mprA.2,PWY0_845
flgN,PWY0_845
pchH,PWY0_845
Escherichia_coli,PWY0_845
htpB,PWY0_862
cheA.1,PWY0_862
flrA.1,PWY0_862
fimD.2,PWY0_862
shuU,PWY0_862
mrkC,PWY0_862
clpC.1,PWY0_862
fadD22,PWY0_862
Escherichia_coli,PWY0_862
fimD.2,PWY4FS_7
clpC.1,PWY4FS_7
Christensenella_minuta,PWY4FS_7
Escherichia_coli,PWY4FS_7
fimD.2,PWY4FS_8
clpC.1,PWY4FS_8
Christensenella_minuta,PWY4FS_8
Escherichia_coli,PWY4FS_8
Christensenella_minuta,PWY66_409
Limosilactobacillus_fermentum,PWY66_409
Phocaeicola_SGB6473,PWY66_409
htpB,PYRIDOXSYN_PWY
cheA.1,PYRIDOXSYN_PWY
farB.1,PYRIDOXSYN_PWY
flrA.1,PYRIDOXSYN_PWY
fimD.2,PYRIDOXSYN_PWY
shuU,PYRIDOXSYN_PWY
bioD.1,PYRIDOXSYN_PWY
invD,PYRIDOXSYN_PWY
ptxR,PYRIDOXSYN_PWY
bioD.2,PYRIDOXSYN_PWY
mrkC,PYRIDOXSYN_PWY
flmH,PYRIDOXSYN_PWY
fslD,PYRIDOXSYN_PWY
acrB,PYRIDOXSYN_PWY
lpxA/glmU,PYRIDOXSYN_PWY
clpC.1,PYRIDOXSYN_PWY
lirB,PYRIDOXSYN_PWY
glgX,PYRIDOXSYN_PWY
fadD22,PYRIDOXSYN_PWY
wbkC,PYRIDOXSYN_PWY
farB.2,PYRIDOXSYN_PWY
algZ.1,PYRIDOXSYN_PWY
mprA.2,PYRIDOXSYN_PWY
flgN,PYRIDOXSYN_PWY
pchH,PYRIDOXSYN_PWY
Escherichia_coli,PYRIDOXSYN_PWY
letS,ANAGLYCOLYSIS_PWY
FTT_RS04105,ANAGLYCOLYSIS_PWY
Christensenella_minuta,ANAGLYCOLYSIS_PWY
GGB9766_SGB15383,ANAGLYCOLYSIS_PWY
Limosilactobacillus_fermentum,ANAGLYCOLYSIS_PWY
Phocaeicola_SGB6473,ANAGLYCOLYSIS_PWY
letS,ARGSYNBSUB_PWY
FTT_RS04105,ARGSYNBSUB_PWY
Christensenella_minuta,ARGSYNBSUB_PWY
GGB9766_SGB15383,ARGSYNBSUB_PWY
Phocaeicola_SGB6473,ARGSYNBSUB_PWY
letS,ARO_PWY
FTT_RS04105,ARO_PWY
Christensenella_minuta,ARO_PWY
GGB9766_SGB15383,ARO_PWY
Phocaeicola_SGB6473,ARO_PWY
letS,COA_PWY
FTT_RS04105,COA_PWY
Christensenella_minuta,COA_PWY
GGB9766_SGB15383,COA_PWY
Phocaeicola_SGB6473,COA_PWY
letS,COA_PWY_1
FTT_RS04105,COA_PWY_1
Christensenella_minuta,COA_PWY_1
GGB9766_SGB15383,COA_PWY_1
Phocaeicola_SGB6473,COA_PWY_1
letS,COMPLETE_ARO_PWY
FTT_RS04105,COMPLETE_ARO_PWY
Christensenella_minuta,COMPLETE_ARO_PWY
GGB9766_SGB15383,COMPLETE_ARO_PWY
Phocaeicola_SGB6473,COMPLETE_ARO_PWY
letS,DTDPRHAMSYN_PWY
Christensenella_minuta,DTDPRHAMSYN_PWY
GGB9766_SGB15383,DTDPRHAMSYN_PWY
Phocaeicola_SGB6473,DTDPRHAMSYN_PWY
letS,GLYCOGENSYNTH_PWY
Christensenella_minuta,GLYCOGENSYNTH_PWY
GGB9766_SGB15383,GLYCOGENSYNTH_PWY
letS,HISTSYN_PWY
Christensenella_minuta,HISTSYN_PWY
GGB9766_SGB15383,HISTSYN_PWY
Phocaeicola_SGB6473,HISTSYN_PWY
letS,NONMEVIPP_PWY
Christensenella_minuta,NONMEVIPP_PWY
GGB9766_SGB15383,NONMEVIPP_PWY
Phocaeicola_SGB6473,NONMEVIPP_PWY
Christensenella_minuta,PANTO_PWY
GGB9766_SGB15383,PANTO_PWY
Phocaeicola_SGB6473,PANTO_PWY
letS,PANTOSYN_PWY
FTT_RS04105,PANTOSYN_PWY
Christensenella_minuta,PANTOSYN_PWY
GGB9766_SGB15383,PANTOSYN_PWY
Phocaeicola_SGB6473,PANTOSYN_PWY
letS,PEPTIDOGLYCANSYN_PWY
FTT_RS04105,PEPTIDOGLYCANSYN_PWY
Christensenella_minuta,PEPTIDOGLYCANSYN_PWY
GGB9766_SGB15383,PEPTIDOGLYCANSYN_PWY
Phocaeicola_SGB6473,PEPTIDOGLYCANSYN_PWY
letS,PWY_3841
FTT_RS04105,PWY_3841
Christensenella_minuta,PWY_3841
GGB9766_SGB15383,PWY_3841
Phocaeicola_SGB6473,PWY_3841
letS,PWY_5097
FTT_RS04105,PWY_5097
Christensenella_minuta,PWY_5097
GGB9766_SGB15383,PWY_5097
Phocaeicola_SGB6473,PWY_5097
letS,PWY_5686
FTT_RS04105,PWY_5686
Christensenella_minuta,PWY_5686
GGB9766_SGB15383,PWY_5686
Phocaeicola_SGB6473,PWY_5686
letS,PWY_6151
FTT_RS04105,PWY_6151
Christensenella_minuta,PWY_6151
GGB9766_SGB15383,PWY_6151
Phocaeicola_SGB6473,PWY_6151
letS,PWY_6163
FTT_RS04105,PWY_6163
Christensenella_minuta,PWY_6163
GGB9766_SGB15383,PWY_6163
Phocaeicola_SGB6473,PWY_6163
letS,PWY_6385
FTT_RS04105,PWY_6385
Christensenella_minuta,PWY_6385
GGB9766_SGB15383,PWY_6385
Limosilactobacillus_fermentum,PWY_6385
Phocaeicola_SGB6473,PWY_6385
letS,PWY_6386
FTT_RS04105,PWY_6386
Christensenella_minuta,PWY_6386
GGB9766_SGB15383,PWY_6386
Phocaeicola_SGB6473,PWY_6386
letS,PWY_6387
FTT_RS04105,PWY_6387
Christensenella_minuta,PWY_6387
GGB9766_SGB15383,PWY_6387
Phocaeicola_SGB6473,PWY_6387
letS,PWY_6700
FTT_RS04105,PWY_6700
Christensenella_minuta,PWY_6700
GGB9766_SGB15383,PWY_6700
Phocaeicola_SGB6473,PWY_6700
letS,PWY_7790
FTT_RS04105,PWY_7790
Christensenella_minuta,PWY_7790
GGB9766_SGB15383,PWY_7790
Phocaeicola_SGB6473,PWY_7790
letS,PWY_7791
FTT_RS04105,PWY_7791
Christensenella_minuta,PWY_7791
GGB9766_SGB15383,PWY_7791
Phocaeicola_SGB6473,PWY_7791
letS,PWY_7851
FTT_RS04105,PWY_7851
Christensenella_minuta,PWY_7851
GGB9766_SGB15383,PWY_7851
Phocaeicola_SGB6473,PWY_7851