from,to,,
feoB.2,Catenibacterium_SGB4425,,
feoB.2,Catenibacterium_SGB4425,,
cyaB.1,Catenibacterium_SGB4425,,
cyaB.1,Catenibacterium_SGB4425,,
hisH,Catenibacterium_SGB4425,,
hisH,Catenibacterium_SGB4425,,
cheA.2,Catenibacterium_SGB4425,,
cheA.2,Catenibacterium_SGB4425,,
FTT_RS04105,Catenibacterium_SGB4425,,
FTT_RS04105,Catenibacterium_SGB4425,,
ACICU_RS00395,Catenibacterium_SGB4425,,
ACICU_RS00395,Catenibacterium_SGB4425,,
msbA.3,Catenibacterium_SGB4425,,
msbA.3,Catenibacterium_SGB4425,,
ppkA.1,Catenibacterium_SGB4425,,
ppkA.1,Catenibacterium_SGB4425,,
eccA1.2,Catenibacterium_SGB4425,,
eccA1.2,Catenibacterium_SGB4425,,
relA.2,Catenibacterium_SGB4425,,
relA.2,Catenibacterium_SGB4425,,
ybtQ,Catenibacterium_SGB4425,,
ybtQ,Catenibacterium_SGB4425,,
clpC.2,Catenibacterium_SGB4425,,
clpC.2,Catenibacterium_SGB4425,,
cyaB.1,Erysipelatoclostridium_ramosum,,
cyaB.1,Erysipelatoclostridium_ramosum,,
hisH,Erysipelatoclostridium_ramosum,,
hisH,Erysipelatoclostridium_ramosum,,
FTT_RS04105,Erysipelatoclostridium_ramosum,,
FTT_RS04105,Erysipelatoclostridium_ramosum,,
ACICU_RS00395,Erysipelatoclostridium_ramosum,,
ACICU_RS00395,Erysipelatoclostridium_ramosum,,
msbA.3,Erysipelatoclostridium_ramosum,,
msbA.3,Erysipelatoclostridium_ramosum,,
ppkA.1,Erysipelatoclostridium_ramosum,,
ppkA.1,Erysipelatoclostridium_ramosum,,
relA.2,Erysipelatoclostridium_ramosum,,
relA.2,Erysipelatoclostridium_ramosum,,
ybtQ,Erysipelatoclostridium_ramosum,,
ybtQ,Erysipelatoclostridium_ramosum,,
clpC.2,Erysipelatoclostridium_ramosum,,
clpC.2,Erysipelatoclostridium_ramosum,,
cheA.1,Escherichia_coli,,
cheA.1,Escherichia_coli,,
adsA.1,Fusobacterium_nucleatum,,
adsA.1,Fusobacterium_nucleatum,,
feoB.2,Fusobacterium_nucleatum,,
feoB.2,Fusobacterium_nucleatum,,
cyaB.1,Fusobacterium_nucleatum,,
cyaB.1,Fusobacterium_nucleatum,,
hisH,Fusobacterium_nucleatum,,
hisH,Fusobacterium_nucleatum,,
cheA.2,Fusobacterium_nucleatum,,
cheA.2,Fusobacterium_nucleatum,,
chuU,Fusobacterium_nucleatum,,
chuU,Fusobacterium_nucleatum,,
FTT_RS04105,Fusobacterium_nucleatum,,
FTT_RS04105,Fusobacterium_nucleatum,,
ACICU_RS00395,Fusobacterium_nucleatum,,
ACICU_RS00395,Fusobacterium_nucleatum,,
msbA.3,Fusobacterium_nucleatum,,
msbA.3,Fusobacterium_nucleatum,,
ppkA.1,Fusobacterium_nucleatum,,
ppkA.1,Fusobacterium_nucleatum,,
clpP,Fusobacterium_nucleatum,,
clpP,Fusobacterium_nucleatum,,
eccA1.2,Fusobacterium_nucleatum,,
eccA1.2,Fusobacterium_nucleatum,,
relA.2,Fusobacterium_nucleatum,,
relA.2,Fusobacterium_nucleatum,,
wcbR,Fusobacterium_nucleatum,,
wcbR,Fusobacterium_nucleatum,,
ybtQ,Fusobacterium_nucleatum,,
ybtQ,Fusobacterium_nucleatum,,
clpC.2,Fusobacterium_nucleatum,,
clpC.2,Fusobacterium_nucleatum,,
feoB.1,GGB3277_SGB4327,,
feoB.1,GGB3277_SGB4327,,
hisH,GGB3277_SGB4327,,
hisH,GGB3277_SGB4327,,
FTT_RS04105,GGB3277_SGB4327,,
FTT_RS04105,GGB3277_SGB4327,,
ACICU_RS00395,GGB3277_SGB4327,,
ACICU_RS00395,GGB3277_SGB4327,,
msbA.3,GGB3277_SGB4327,,
msbA.3,GGB3277_SGB4327,,
iap/cwhA,GGB3277_SGB4327,,
iap/cwhA,GGB3277_SGB4327,,
ppkA.1,GGB3277_SGB4327,,
ppkA.1,GGB3277_SGB4327,,
relA.2,GGB3277_SGB4327,,
relA.2,GGB3277_SGB4327,,
ybtQ,GGB3277_SGB4327,,
ybtQ,GGB3277_SGB4327,,
clpC.2,GGB3277_SGB4327,,
clpC.2,GGB3277_SGB4327,,
feoB.1,GGB9766_SGB15383,,
feoB.1,GGB9766_SGB15383,,
feoB.2,GGB9766_SGB15383,,
feoB.2,GGB9766_SGB15383,,
hisH,GGB9766_SGB15383,,
hisH,GGB9766_SGB15383,,
FTT_RS04105,GGB9766_SGB15383,,
FTT_RS04105,GGB9766_SGB15383,,
ACICU_RS00395,GGB9766_SGB15383,,
ACICU_RS00395,GGB9766_SGB15383,,
msbA.3,GGB9766_SGB15383,,
msbA.3,GGB9766_SGB15383,,
ppkA.1,GGB9766_SGB15383,,
ppkA.1,GGB9766_SGB15383,,
relA.2,GGB9766_SGB15383,,
relA.2,GGB9766_SGB15383,,
ybtQ,GGB9766_SGB15383,,
ybtQ,GGB9766_SGB15383,,
clpC.2,GGB9766_SGB15383,,
clpC.2,GGB9766_SGB15383,,
feoB.1,Ruminococcus_sp_BSD2780120874_150323_B10,,
feoB.1,Ruminococcus_sp_BSD2780120874_150323_B10,,
feoB.2,Ruminococcus_sp_BSD2780120874_150323_B10,,
feoB.2,Ruminococcus_sp_BSD2780120874_150323_B10,,
hisH,Ruminococcus_sp_BSD2780120874_150323_B10,,
hisH,Ruminococcus_sp_BSD2780120874_150323_B10,,
FTT_RS04105,Ruminococcus_sp_BSD2780120874_150323_B10,,
FTT_RS04105,Ruminococcus_sp_BSD2780120874_150323_B10,,
ACICU_RS00395,Ruminococcus_sp_BSD2780120874_150323_B10,,
ACICU_RS00395,Ruminococcus_sp_BSD2780120874_150323_B10,,
msbA.3,Ruminococcus_sp_BSD2780120874_150323_B10,,
msbA.3,Ruminococcus_sp_BSD2780120874_150323_B10,,
iap/cwhA,Ruminococcus_sp_BSD2780120874_150323_B10,,
iap/cwhA,Ruminococcus_sp_BSD2780120874_150323_B10,,
ppkA.1,Ruminococcus_sp_BSD2780120874_150323_B10,,
ppkA.1,Ruminococcus_sp_BSD2780120874_150323_B10,,
relA.2,Ruminococcus_sp_BSD2780120874_150323_B10,,
relA.2,Ruminococcus_sp_BSD2780120874_150323_B10,,
ybtQ,Ruminococcus_sp_BSD2780120874_150323_B10,,
ybtQ,Ruminococcus_sp_BSD2780120874_150323_B10,,
clpC.2,Ruminococcus_sp_BSD2780120874_150323_B10,,
clpC.2,Ruminococcus_sp_BSD2780120874_150323_B10,,
feoB.1,ASPASN_PWY,,
feoB.1,ASPASN_PWY,,
feoB.2,ASPASN_PWY,,
feoB.2,ASPASN_PWY,,
cyaB.1,ASPASN_PWY,,
cyaB.1,ASPASN_PWY,,
hisH,ASPASN_PWY,,
hisH,ASPASN_PWY,,
cheA.2,ASPASN_PWY,,
cheA.2,ASPASN_PWY,,
chuU,ASPASN_PWY,,
chuU,ASPASN_PWY,,
FTT_RS04105,ASPASN_PWY,,
FTT_RS04105,ASPASN_PWY,,
ACICU_RS00395,ASPASN_PWY,,
ACICU_RS00395,ASPASN_PWY,,
msbA.3,ASPASN_PWY,,
msbA.3,ASPASN_PWY,,
iap/cwhA,ASPASN_PWY,,
iap/cwhA,ASPASN_PWY,,
ppkA.1,ASPASN_PWY,,
ppkA.1,ASPASN_PWY,,
clpP,ASPASN_PWY,,
clpP,ASPASN_PWY,,
eccA1.2,ASPASN_PWY,,
eccA1.2,ASPASN_PWY,,
relA.2,ASPASN_PWY,,
relA.2,ASPASN_PWY,,
wcbR,ASPASN_PWY,,
wcbR,ASPASN_PWY,,
ybtQ,ASPASN_PWY,,
ybtQ,ASPASN_PWY,,
clpC.2,ASPASN_PWY,,
clpC.2,ASPASN_PWY,,
Catenibacterium_SGB4425,ASPASN_PWY,,
Catenibacterium_SGB4425,ASPASN_PWY,,
Erysipelatoclostridium_ramosum,ASPASN_PWY,,
Erysipelatoclostridium_ramosum,ASPASN_PWY,,
Fusobacterium_nucleatum,ASPASN_PWY,,
Fusobacterium_nucleatum,ASPASN_PWY,,
GGB3277_SGB4327,ASPASN_PWY,,
GGB3277_SGB4327,ASPASN_PWY,,
Ruminococcus_sp_BSD2780120874_150323_B10,ASPASN_PWY,,
Ruminococcus_sp_BSD2780120874_150323_B10,ASPASN_PWY,,
feoB.2,FASYN_ELONG_PWY,,
feoB.2,FASYN_ELONG_PWY,,
cyaB.1,FASYN_ELONG_PWY,,
cyaB.1,FASYN_ELONG_PWY,,
hisH,FASYN_ELONG_PWY,,
hisH,FASYN_ELONG_PWY,,
cheA.2,FASYN_ELONG_PWY,,
cheA.2,FASYN_ELONG_PWY,,
chuU,FASYN_ELONG_PWY,,
chuU,FASYN_ELONG_PWY,,
FTT_RS04105,FASYN_ELONG_PWY,,
FTT_RS04105,FASYN_ELONG_PWY,,
ACICU_RS00395,FASYN_ELONG_PWY,,
ACICU_RS00395,FASYN_ELONG_PWY,,
msbA.3,FASYN_ELONG_PWY,,
msbA.3,FASYN_ELONG_PWY,,
iap/cwhA,FASYN_ELONG_PWY,,
iap/cwhA,FASYN_ELONG_PWY,,
ppkA.1,FASYN_ELONG_PWY,,
ppkA.1,FASYN_ELONG_PWY,,
eccA1.2,FASYN_ELONG_PWY,,
eccA1.2,FASYN_ELONG_PWY,,
relA.2,FASYN_ELONG_PWY,,
relA.2,FASYN_ELONG_PWY,,
wcbR,FASYN_ELONG_PWY,,
wcbR,FASYN_ELONG_PWY,,
ybtQ,FASYN_ELONG_PWY,,
ybtQ,FASYN_ELONG_PWY,,
clpC.2,FASYN_ELONG_PWY,,
clpC.2,FASYN_ELONG_PWY,,
Catenibacterium_SGB4425,FASYN_ELONG_PWY,,
Catenibacterium_SGB4425,FASYN_ELONG_PWY,,
Erysipelatoclostridium_ramosum,FASYN_ELONG_PWY,,
Erysipelatoclostridium_ramosum,FASYN_ELONG_PWY,,
Fusobacterium_nucleatum,FASYN_ELONG_PWY,,
Fusobacterium_nucleatum,FASYN_ELONG_PWY,,
adsA.1,GLYCOLYSIS_E_D,,
adsA.1,GLYCOLYSIS_E_D,,
feoB.2,GLYCOLYSIS_E_D,,
feoB.2,GLYCOLYSIS_E_D,,
cyaB.1,GLYCOLYSIS_E_D,,
cyaB.1,GLYCOLYSIS_E_D,,
hisH,GLYCOLYSIS_E_D,,
hisH,GLYCOLYSIS_E_D,,
cheA.2,GLYCOLYSIS_E_D,,
cheA.2,GLYCOLYSIS_E_D,,
chuU,GLYCOLYSIS_E_D,,
chuU,GLYCOLYSIS_E_D,,
FTT_RS04105,GLYCOLYSIS_E_D,,
FTT_RS04105,GLYCOLYSIS_E_D,,
ACICU_RS00395,GLYCOLYSIS_E_D,,
ACICU_RS00395,GLYCOLYSIS_E_D,,
msbA.3,GLYCOLYSIS_E_D,,
msbA.3,GLYCOLYSIS_E_D,,
iap/cwhA,GLYCOLYSIS_E_D,,
iap/cwhA,GLYCOLYSIS_E_D,,
ppkA.1,GLYCOLYSIS_E_D,,
ppkA.1,GLYCOLYSIS_E_D,,
clpP,GLYCOLYSIS_E_D,,
clpP,GLYCOLYSIS_E_D,,
eccA1.2,GLYCOLYSIS_E_D,,
eccA1.2,GLYCOLYSIS_E_D,,
relA.2,GLYCOLYSIS_E_D,,
relA.2,GLYCOLYSIS_E_D,,
wcbR,GLYCOLYSIS_E_D,,
wcbR,GLYCOLYSIS_E_D,,
ybtQ,GLYCOLYSIS_E_D,,
ybtQ,GLYCOLYSIS_E_D,,
clpC.2,GLYCOLYSIS_E_D,,
clpC.2,GLYCOLYSIS_E_D,,
Catenibacterium_SGB4425,GLYCOLYSIS_E_D,,
Catenibacterium_SGB4425,GLYCOLYSIS_E_D,,
Erysipelatoclostridium_ramosum,GLYCOLYSIS_E_D,,
Erysipelatoclostridium_ramosum,GLYCOLYSIS_E_D,,
Fusobacterium_nucleatum,GLYCOLYSIS_E_D,,
Fusobacterium_nucleatum,GLYCOLYSIS_E_D,,
GGB3277_SGB4327,GLYCOLYSIS_E_D,,
GGB3277_SGB4327,GLYCOLYSIS_E_D,,
Ruminococcus_sp_BSD2780120874_150323_B10,GLYCOLYSIS_E_D,,
Ruminococcus_sp_BSD2780120874_150323_B10,GLYCOLYSIS_E_D,,
feoB.2,HOMOSER_METSYN_PWY,,
feoB.2,HOMOSER_METSYN_PWY,,
cyaB.1,HOMOSER_METSYN_PWY,,
cyaB.1,HOMOSER_METSYN_PWY,,
hisH,HOMOSER_METSYN_PWY,,
hisH,HOMOSER_METSYN_PWY,,
cheA.2,HOMOSER_METSYN_PWY,,
cheA.2,HOMOSER_METSYN_PWY,,
FTT_RS04105,HOMOSER_METSYN_PWY,,
FTT_RS04105,HOMOSER_METSYN_PWY,,
ACICU_RS00395,HOMOSER_METSYN_PWY,,
ACICU_RS00395,HOMOSER_METSYN_PWY,,
msbA.3,HOMOSER_METSYN_PWY,,
msbA.3,HOMOSER_METSYN_PWY,,
ppkA.1,HOMOSER_METSYN_PWY,,
ppkA.1,HOMOSER_METSYN_PWY,,
eccA1.2,HOMOSER_METSYN_PWY,,
eccA1.2,HOMOSER_METSYN_PWY,,
relA.2,HOMOSER_METSYN_PWY,,
relA.2,HOMOSER_METSYN_PWY,,
wcbR,HOMOSER_METSYN_PWY,,
wcbR,HOMOSER_METSYN_PWY,,
ybtQ,HOMOSER_METSYN_PWY,,
ybtQ,HOMOSER_METSYN_PWY,,
clpC.2,HOMOSER_METSYN_PWY,,
clpC.2,HOMOSER_METSYN_PWY,,
Catenibacterium_SGB4425,HOMOSER_METSYN_PWY,,
Catenibacterium_SGB4425,HOMOSER_METSYN_PWY,,
Escherichia_coli,HOMOSER_METSYN_PWY,,
Escherichia_coli,HOMOSER_METSYN_PWY,,
Fusobacterium_nucleatum,HOMOSER_METSYN_PWY,,
Fusobacterium_nucleatum,HOMOSER_METSYN_PWY,,
feoB.2,MET_SAM_PWY,,
feoB.2,MET_SAM_PWY,,
cyaB.1,MET_SAM_PWY,,
cyaB.1,MET_SAM_PWY,,
hisH,MET_SAM_PWY,,
hisH,MET_SAM_PWY,,
cheA.2,MET_SAM_PWY,,
cheA.2,MET_SAM_PWY,,
chuU,MET_SAM_PWY,,
chuU,MET_SAM_PWY,,
FTT_RS04105,MET_SAM_PWY,,
FTT_RS04105,MET_SAM_PWY,,
ACICU_RS00395,MET_SAM_PWY,,
ACICU_RS00395,MET_SAM_PWY,,
msbA.3,MET_SAM_PWY,,
msbA.3,MET_SAM_PWY,,
iap/cwhA,MET_SAM_PWY,,
iap/cwhA,MET_SAM_PWY,,
ppkA.1,MET_SAM_PWY,,
ppkA.1,MET_SAM_PWY,,
clpP,MET_SAM_PWY,,
clpP,MET_SAM_PWY,,
eccA1.2,MET_SAM_PWY,,
eccA1.2,MET_SAM_PWY,,
relA.2,MET_SAM_PWY,,
relA.2,MET_SAM_PWY,,
wcbR,MET_SAM_PWY,,
wcbR,MET_SAM_PWY,,
ybtQ,MET_SAM_PWY,,
ybtQ,MET_SAM_PWY,,
clpC.2,MET_SAM_PWY,,
clpC.2,MET_SAM_PWY,,
Catenibacterium_SGB4425,MET_SAM_PWY,,
Catenibacterium_SGB4425,MET_SAM_PWY,,
Fusobacterium_nucleatum,MET_SAM_PWY,,
Fusobacterium_nucleatum,MET_SAM_PWY,,
feoB.2,METSYN_PWY,,
feoB.2,METSYN_PWY,,
cyaB.1,METSYN_PWY,,
cyaB.1,METSYN_PWY,,
hisH,METSYN_PWY,,
hisH,METSYN_PWY,,
cheA.2,METSYN_PWY,,
cheA.2,METSYN_PWY,,
FTT_RS04105,METSYN_PWY,,
FTT_RS04105,METSYN_PWY,,
ACICU_RS00395,METSYN_PWY,,
ACICU_RS00395,METSYN_PWY,,
msbA.3,METSYN_PWY,,
msbA.3,METSYN_PWY,,
ppkA.1,METSYN_PWY,,
ppkA.1,METSYN_PWY,,
eccA1.2,METSYN_PWY,,
eccA1.2,METSYN_PWY,,
relA.2,METSYN_PWY,,
relA.2,METSYN_PWY,,
wcbR,METSYN_PWY,,
wcbR,METSYN_PWY,,
ybtQ,METSYN_PWY,,
ybtQ,METSYN_PWY,,
clpC.2,METSYN_PWY,,
clpC.2,METSYN_PWY,,
Catenibacterium_SGB4425,METSYN_PWY,,
Catenibacterium_SGB4425,METSYN_PWY,,
Fusobacterium_nucleatum,METSYN_PWY,,
Fusobacterium_nucleatum,METSYN_PWY,,
feoB.2,P161_PWY,,
feoB.2,P161_PWY,,
cyaB.1,P161_PWY,,
cyaB.1,P161_PWY,,
hisH,P161_PWY,,
hisH,P161_PWY,,
cheA.2,P161_PWY,,
cheA.2,P161_PWY,,
FTT_RS04105,P161_PWY,,
FTT_RS04105,P161_PWY,,
ACICU_RS00395,P161_PWY,,
ACICU_RS00395,P161_PWY,,
msbA.3,P161_PWY,,
msbA.3,P161_PWY,,
ppkA.1,P161_PWY,,
ppkA.1,P161_PWY,,
eccA1.2,P161_PWY,,
eccA1.2,P161_PWY,,
relA.2,P161_PWY,,
relA.2,P161_PWY,,
wcbR,P161_PWY,,
wcbR,P161_PWY,,
ybtQ,P161_PWY,,
ybtQ,P161_PWY,,
clpC.2,P161_PWY,,
clpC.2,P161_PWY,,
Catenibacterium_SGB4425,P161_PWY,,
Catenibacterium_SGB4425,P161_PWY,,
Escherichia_coli,P161_PWY,,
Escherichia_coli,P161_PWY,,
Fusobacterium_nucleatum,P161_PWY,,
Fusobacterium_nucleatum,P161_PWY,,
feoB.2,P4_PWY,,
feoB.2,P4_PWY,,
cyaB.1,P4_PWY,,
cyaB.1,P4_PWY,,
hisH,P4_PWY,,
hisH,P4_PWY,,
cheA.2,P4_PWY,,
cheA.2,P4_PWY,,
chuU,P4_PWY,,
chuU,P4_PWY,,
FTT_RS04105,P4_PWY,,
FTT_RS04105,P4_PWY,,
ACICU_RS00395,P4_PWY,,
ACICU_RS00395,P4_PWY,,
msbA.3,P4_PWY,,
msbA.3,P4_PWY,,
iap/cwhA,P4_PWY,,
iap/cwhA,P4_PWY,,
ppkA.1,P4_PWY,,
ppkA.1,P4_PWY,,
clpP,P4_PWY,,
clpP,P4_PWY,,
eccA1.2,P4_PWY,,
eccA1.2,P4_PWY,,
relA.2,P4_PWY,,
relA.2,P4_PWY,,
wcbR,P4_PWY,,
wcbR,P4_PWY,,
ybtQ,P4_PWY,,
ybtQ,P4_PWY,,
clpC.2,P4_PWY,,
clpC.2,P4_PWY,,
Catenibacterium_SGB4425,P4_PWY,,
Catenibacterium_SGB4425,P4_PWY,,
Erysipelatoclostridium_ramosum,P4_PWY,,
Erysipelatoclostridium_ramosum,P4_PWY,,
Fusobacterium_nucleatum,P4_PWY,,
Fusobacterium_nucleatum,P4_PWY,,
feoB.2,P461_PWY,,
feoB.2,P461_PWY,,
cyaB.1,P461_PWY,,
cyaB.1,P461_PWY,,
hisH,P461_PWY,,
hisH,P461_PWY,,
cheA.2,P461_PWY,,
cheA.2,P461_PWY,,
FTT_RS04105,P461_PWY,,
FTT_RS04105,P461_PWY,,
ACICU_RS00395,P461_PWY,,
ACICU_RS00395,P461_PWY,,
msbA.3,P461_PWY,,
msbA.3,P461_PWY,,
iap/cwhA,P461_PWY,,
iap/cwhA,P461_PWY,,
ppkA.1,P461_PWY,,
ppkA.1,P461_PWY,,
eccA1.2,P461_PWY,,
eccA1.2,P461_PWY,,
relA.2,P461_PWY,,
relA.2,P461_PWY,,
wcbR,P461_PWY,,
wcbR,P461_PWY,,
ybtQ,P461_PWY,,
ybtQ,P461_PWY,,
clpC.2,P461_PWY,,
clpC.2,P461_PWY,,
Catenibacterium_SGB4425,P461_PWY,,
Catenibacterium_SGB4425,P461_PWY,,
Fusobacterium_nucleatum,P461_PWY,,
Fusobacterium_nucleatum,P461_PWY,,
adsA.1,PENTOSE_P_PWY,,
adsA.1,PENTOSE_P_PWY,,
feoB.2,PENTOSE_P_PWY,,
feoB.2,PENTOSE_P_PWY,,
cyaB.1,PENTOSE_P_PWY,,
cyaB.1,PENTOSE_P_PWY,,
hisH,PENTOSE_P_PWY,,
hisH,PENTOSE_P_PWY,,
cheA.2,PENTOSE_P_PWY,,
cheA.2,PENTOSE_P_PWY,,
chuU,PENTOSE_P_PWY,,
chuU,PENTOSE_P_PWY,,
FTT_RS04105,PENTOSE_P_PWY,,
FTT_RS04105,PENTOSE_P_PWY,,
ACICU_RS00395,PENTOSE_P_PWY,,
ACICU_RS00395,PENTOSE_P_PWY,,
msbA.3,PENTOSE_P_PWY,,
msbA.3,PENTOSE_P_PWY,,
iap/cwhA,PENTOSE_P_PWY,,
iap/cwhA,PENTOSE_P_PWY,,
ppkA.1,PENTOSE_P_PWY,,
ppkA.1,PENTOSE_P_PWY,,
clpP,PENTOSE_P_PWY,,
clpP,PENTOSE_P_PWY,,
eccA1.2,PENTOSE_P_PWY,,
eccA1.2,PENTOSE_P_PWY,,
relA.2,PENTOSE_P_PWY,,
relA.2,PENTOSE_P_PWY,,
wcbR,PENTOSE_P_PWY,,
wcbR,PENTOSE_P_PWY,,
ybtQ,PENTOSE_P_PWY,,
ybtQ,PENTOSE_P_PWY,,
clpC.2,PENTOSE_P_PWY,,
clpC.2,PENTOSE_P_PWY,,
Catenibacterium_SGB4425,PENTOSE_P_PWY,,
Catenibacterium_SGB4425,PENTOSE_P_PWY,,
Fusobacterium_nucleatum,PENTOSE_P_PWY,,
Fusobacterium_nucleatum,PENTOSE_P_PWY,,
GGB3277_SGB4327,PENTOSE_P_PWY,,
GGB3277_SGB4327,PENTOSE_P_PWY,,
Ruminococcus_sp_BSD2780120874_150323_B10,PENTOSE_P_PWY,,
Ruminococcus_sp_BSD2780120874_150323_B10,PENTOSE_P_PWY,,
feoB.2,POLYISOPRENSYN_PWY,,
feoB.2,POLYISOPRENSYN_PWY,,
cyaB.1,POLYISOPRENSYN_PWY,,
cyaB.1,POLYISOPRENSYN_PWY,,
hisH,POLYISOPRENSYN_PWY,,
hisH,POLYISOPRENSYN_PWY,,
cheA.2,POLYISOPRENSYN_PWY,,
cheA.2,POLYISOPRENSYN_PWY,,
chuU,POLYISOPRENSYN_PWY,,
chuU,POLYISOPRENSYN_PWY,,
FTT_RS04105,POLYISOPRENSYN_PWY,,
FTT_RS04105,POLYISOPRENSYN_PWY,,
ACICU_RS00395,POLYISOPRENSYN_PWY,,
ACICU_RS00395,POLYISOPRENSYN_PWY,,
msbA.3,POLYISOPRENSYN_PWY,,
msbA.3,POLYISOPRENSYN_PWY,,
iap/cwhA,POLYISOPRENSYN_PWY,,
iap/cwhA,POLYISOPRENSYN_PWY,,
ppkA.1,POLYISOPRENSYN_PWY,,
ppkA.1,POLYISOPRENSYN_PWY,,
eccA1.2,POLYISOPRENSYN_PWY,,
eccA1.2,POLYISOPRENSYN_PWY,,
relA.2,POLYISOPRENSYN_PWY,,
relA.2,POLYISOPRENSYN_PWY,,
wcbR,POLYISOPRENSYN_PWY,,
wcbR,POLYISOPRENSYN_PWY,,
ybtQ,POLYISOPRENSYN_PWY,,
ybtQ,POLYISOPRENSYN_PWY,,
clpC.2,POLYISOPRENSYN_PWY,,
clpC.2,POLYISOPRENSYN_PWY,,
Catenibacterium_SGB4425,POLYISOPRENSYN_PWY,,
Catenibacterium_SGB4425,POLYISOPRENSYN_PWY,,
Fusobacterium_nucleatum,POLYISOPRENSYN_PWY,,
Fusobacterium_nucleatum,POLYISOPRENSYN_PWY,,
feoB.2,PWY_5347,,
feoB.2,PWY_5347,,
cyaB.1,PWY_5347,,
cyaB.1,PWY_5347,,
hisH,PWY_5347,,
hisH,PWY_5347,,
cheA.2,PWY_5347,,
cheA.2,PWY_5347,,
FTT_RS04105,PWY_5347,,
FTT_RS04105,PWY_5347,,
ACICU_RS00395,PWY_5347,,
ACICU_RS00395,PWY_5347,,
msbA.3,PWY_5347,,
msbA.3,PWY_5347,,
iap/cwhA,PWY_5347,,
iap/cwhA,PWY_5347,,
ppkA.1,PWY_5347,,
ppkA.1,PWY_5347,,
clpP,PWY_5347,,
clpP,PWY_5347,,
eccA1.2,PWY_5347,,
eccA1.2,PWY_5347,,
relA.2,PWY_5347,,
relA.2,PWY_5347,,
wcbR,PWY_5347,,
wcbR,PWY_5347,,
ybtQ,PWY_5347,,
ybtQ,PWY_5347,,
clpC.2,PWY_5347,,
clpC.2,PWY_5347,,
Catenibacterium_SGB4425,PWY_5347,,
Catenibacterium_SGB4425,PWY_5347,,
Fusobacterium_nucleatum,PWY_5347,,
Fusobacterium_nucleatum,PWY_5347,,
feoB.2,PWY_5838,,
feoB.2,PWY_5838,,
cyaB.1,PWY_5838,,
cyaB.1,PWY_5838,,
hisH,PWY_5838,,
hisH,PWY_5838,,
cheA.2,PWY_5838,,
cheA.2,PWY_5838,,
chuU,PWY_5838,,
chuU,PWY_5838,,
FTT_RS04105,PWY_5838,,
FTT_RS04105,PWY_5838,,
ACICU_RS00395,PWY_5838,,
ACICU_RS00395,PWY_5838,,
msbA.3,PWY_5838,,
msbA.3,PWY_5838,,
ppkA.1,PWY_5838,,
ppkA.1,PWY_5838,,
eccA1.2,PWY_5838,,
eccA1.2,PWY_5838,,
relA.2,PWY_5838,,
relA.2,PWY_5838,,
wcbR,PWY_5838,,
wcbR,PWY_5838,,
ybtQ,PWY_5838,,
ybtQ,PWY_5838,,
clpC.2,PWY_5838,,
clpC.2,PWY_5838,,
Catenibacterium_SGB4425,PWY_5838,,
Catenibacterium_SGB4425,PWY_5838,,
Escherichia_coli,PWY_5838,,
Escherichia_coli,PWY_5838,,
Fusobacterium_nucleatum,PWY_5838,,
Fusobacterium_nucleatum,PWY_5838,,
feoB.2,PWY_5840,,
feoB.2,PWY_5840,,
cyaB.1,PWY_5840,,
cyaB.1,PWY_5840,,
hisH,PWY_5840,,
hisH,PWY_5840,,
cheA.2,PWY_5840,,
cheA.2,PWY_5840,,
chuU,PWY_5840,,
chuU,PWY_5840,,
FTT_RS04105,PWY_5840,,
FTT_RS04105,PWY_5840,,
ACICU_RS00395,PWY_5840,,
ACICU_RS00395,PWY_5840,,
msbA.3,PWY_5840,,
msbA.3,PWY_5840,,
iap/cwhA,PWY_5840,,
iap/cwhA,PWY_5840,,
ppkA.1,PWY_5840,,
ppkA.1,PWY_5840,,
eccA1.2,PWY_5840,,
eccA1.2,PWY_5840,,
relA.2,PWY_5840,,
relA.2,PWY_5840,,
wcbR,PWY_5840,,
wcbR,PWY_5840,,
ybtQ,PWY_5840,,
ybtQ,PWY_5840,,
clpC.2,PWY_5840,,
clpC.2,PWY_5840,,
Catenibacterium_SGB4425,PWY_5840,,
Catenibacterium_SGB4425,PWY_5840,,
Fusobacterium_nucleatum,PWY_5840,,
Fusobacterium_nucleatum,PWY_5840,,
feoB.2,PWY_5850,,
feoB.2,PWY_5850,,
cyaB.1,PWY_5850,,
cyaB.1,PWY_5850,,
hisH,PWY_5850,,
hisH,PWY_5850,,
cheA.2,PWY_5850,,
cheA.2,PWY_5850,,
FTT_RS04105,PWY_5850,,
FTT_RS04105,PWY_5850,,
ACICU_RS00395,PWY_5850,,
ACICU_RS00395,PWY_5850,,
msbA.3,PWY_5850,,
msbA.3,PWY_5850,,
ppkA.1,PWY_5850,,
ppkA.1,PWY_5850,,
eccA1.2,PWY_5850,,
eccA1.2,PWY_5850,,
relA.2,PWY_5850,,
relA.2,PWY_5850,,
wcbR,PWY_5850,,
wcbR,PWY_5850,,
ybtQ,PWY_5850,,
ybtQ,PWY_5850,,
clpC.2,PWY_5850,,
clpC.2,PWY_5850,,
Catenibacterium_SGB4425,PWY_5850,,
Catenibacterium_SGB4425,PWY_5850,,
Escherichia_coli,PWY_5850,,
Escherichia_coli,PWY_5850,,
Fusobacterium_nucleatum,PWY_5850,,
Fusobacterium_nucleatum,PWY_5850,,
feoB.2,PWY_5861,,
feoB.2,PWY_5861,,
cyaB.1,PWY_5861,,
cyaB.1,PWY_5861,,
hisH,PWY_5861,,
hisH,PWY_5861,,
cheA.2,PWY_5861,,
cheA.2,PWY_5861,,
FTT_RS04105,PWY_5861,,
FTT_RS04105,PWY_5861,,
ACICU_RS00395,PWY_5861,,
ACICU_RS00395,PWY_5861,,
msbA.3,PWY_5861,,
msbA.3,PWY_5861,,
ppkA.1,PWY_5861,,
ppkA.1,PWY_5861,,
eccA1.2,PWY_5861,,
eccA1.2,PWY_5861,,
relA.2,PWY_5861,,
relA.2,PWY_5861,,
wcbR,PWY_5861,,
wcbR,PWY_5861,,
ybtQ,PWY_5861,,
ybtQ,PWY_5861,,
clpC.2,PWY_5861,,
clpC.2,PWY_5861,,
Catenibacterium_SGB4425,PWY_5861,,
Catenibacterium_SGB4425,PWY_5861,,
Escherichia_coli,PWY_5861,,
Escherichia_coli,PWY_5861,,
Fusobacterium_nucleatum,PWY_5861,,
Fusobacterium_nucleatum,PWY_5861,,
feoB.2,PWY_5897,,
feoB.2,PWY_5897,,
cyaB.1,PWY_5897,,
cyaB.1,PWY_5897,,
hisH,PWY_5897,,
hisH,PWY_5897,,
cheA.2,PWY_5897,,
cheA.2,PWY_5897,,
chuU,PWY_5897,,
chuU,PWY_5897,,
FTT_RS04105,PWY_5897,,
FTT_RS04105,PWY_5897,,
ACICU_RS00395,PWY_5897,,
ACICU_RS00395,PWY_5897,,
msbA.3,PWY_5897,,
msbA.3,PWY_5897,,
iap/cwhA,PWY_5897,,
iap/cwhA,PWY_5897,,
ppkA.1,PWY_5897,,
ppkA.1,PWY_5897,,
clpP,PWY_5897,,
clpP,PWY_5897,,
eccA1.2,PWY_5897,,
eccA1.2,PWY_5897,,
relA.2,PWY_5897,,
relA.2,PWY_5897,,
wcbR,PWY_5897,,
wcbR,PWY_5897,,
ybtQ,PWY_5897,,
ybtQ,PWY_5897,,
clpC.2,PWY_5897,,
clpC.2,PWY_5897,,
Catenibacterium_SGB4425,PWY_5897,,
Catenibacterium_SGB4425,PWY_5897,,
Fusobacterium_nucleatum,PWY_5897,,
Fusobacterium_nucleatum,PWY_5897,,
feoB.2,PWY_5898,,
feoB.2,PWY_5898,,
cyaB.1,PWY_5898,,
cyaB.1,PWY_5898,,
hisH,PWY_5898,,
hisH,PWY_5898,,
cheA.2,PWY_5898,,
cheA.2,PWY_5898,,
chuU,PWY_5898,,
chuU,PWY_5898,,
FTT_RS04105,PWY_5898,,
FTT_RS04105,PWY_5898,,
ACICU_RS00395,PWY_5898,,
ACICU_RS00395,PWY_5898,,
msbA.3,PWY_5898,,
msbA.3,PWY_5898,,
iap/cwhA,PWY_5898,,
iap/cwhA,PWY_5898,,
ppkA.1,PWY_5898,,
ppkA.1,PWY_5898,,
clpP,PWY_5898,,
clpP,PWY_5898,,
eccA1.2,PWY_5898,,
eccA1.2,PWY_5898,,
relA.2,PWY_5898,,
relA.2,PWY_5898,,
wcbR,PWY_5898,,
wcbR,PWY_5898,,
ybtQ,PWY_5898,,
ybtQ,PWY_5898,,
clpC.2,PWY_5898,,
clpC.2,PWY_5898,,
Catenibacterium_SGB4425,PWY_5898,,
Catenibacterium_SGB4425,PWY_5898,,
Fusobacterium_nucleatum,PWY_5898,,
Fusobacterium_nucleatum,PWY_5898,,
feoB.2,PWY_5899,,
feoB.2,PWY_5899,,
cyaB.1,PWY_5899,,
cyaB.1,PWY_5899,,
hisH,PWY_5899,,
hisH,PWY_5899,,
cheA.2,PWY_5899,,
cheA.2,PWY_5899,,
chuU,PWY_5899,,
chuU,PWY_5899,,
FTT_RS04105,PWY_5899,,
FTT_RS04105,PWY_5899,,
ACICU_RS00395,PWY_5899,,
ACICU_RS00395,PWY_5899,,
msbA.3,PWY_5899,,
msbA.3,PWY_5899,,
iap/cwhA,PWY_5899,,
iap/cwhA,PWY_5899,,
ppkA.1,PWY_5899,,
ppkA.1,PWY_5899,,
clpP,PWY_5899,,
clpP,PWY_5899,,
eccA1.2,PWY_5899,,
eccA1.2,PWY_5899,,
relA.2,PWY_5899,,
relA.2,PWY_5899,,
wcbR,PWY_5899,,
wcbR,PWY_5899,,
ybtQ,PWY_5899,,
ybtQ,PWY_5899,,
clpC.2,PWY_5899,,
clpC.2,PWY_5899,,
Catenibacterium_SGB4425,PWY_5899,,
Catenibacterium_SGB4425,PWY_5899,,
Fusobacterium_nucleatum,PWY_5899,,
Fusobacterium_nucleatum,PWY_5899,,
feoB.2,PWY_5918,,
feoB.2,PWY_5918,,
cyaB.1,PWY_5918,,
cyaB.1,PWY_5918,,
hisH,PWY_5918,,
hisH,PWY_5918,,
cheA.2,PWY_5918,,
cheA.2,PWY_5918,,
FTT_RS04105,PWY_5918,,
FTT_RS04105,PWY_5918,,
ACICU_RS00395,PWY_5918,,
ACICU_RS00395,PWY_5918,,
msbA.3,PWY_5918,,
msbA.3,PWY_5918,,
ppkA.1,PWY_5918,,
ppkA.1,PWY_5918,,
eccA1.2,PWY_5918,,
eccA1.2,PWY_5918,,
relA.2,PWY_5918,,
relA.2,PWY_5918,,
wcbR,PWY_5918,,
wcbR,PWY_5918,,
ybtQ,PWY_5918,,
ybtQ,PWY_5918,,
clpC.2,PWY_5918,,
clpC.2,PWY_5918,,
Catenibacterium_SGB4425,PWY_5918,,
Catenibacterium_SGB4425,PWY_5918,,
Escherichia_coli,PWY_5918,,
Escherichia_coli,PWY_5918,,
Fusobacterium_nucleatum,PWY_5918,,
Fusobacterium_nucleatum,PWY_5918,,
feoB.2,PWY_5989,,
feoB.2,PWY_5989,,
cyaB.1,PWY_5989,,
cyaB.1,PWY_5989,,
hisH,PWY_5989,,
hisH,PWY_5989,,
cheA.2,PWY_5989,,
cheA.2,PWY_5989,,
chuU,PWY_5989,,
chuU,PWY_5989,,
FTT_RS04105,PWY_5989,,
FTT_RS04105,PWY_5989,,
ACICU_RS00395,PWY_5989,,
ACICU_RS00395,PWY_5989,,
msbA.3,PWY_5989,,
msbA.3,PWY_5989,,
iap/cwhA,PWY_5989,,
iap/cwhA,PWY_5989,,
ppkA.1,PWY_5989,,
ppkA.1,PWY_5989,,
clpP,PWY_5989,,
clpP,PWY_5989,,
eccA1.2,PWY_5989,,
eccA1.2,PWY_5989,,
relA.2,PWY_5989,,
relA.2,PWY_5989,,
wcbR,PWY_5989,,
wcbR,PWY_5989,,
ybtQ,PWY_5989,,
ybtQ,PWY_5989,,
clpC.2,PWY_5989,,
clpC.2,PWY_5989,,
Catenibacterium_SGB4425,PWY_5989,,
Catenibacterium_SGB4425,PWY_5989,,
Erysipelatoclostridium_ramosum,PWY_5989,,
Erysipelatoclostridium_ramosum,PWY_5989,,
Fusobacterium_nucleatum,PWY_5989,,
Fusobacterium_nucleatum,PWY_5989,,
feoB.2,PWY_6147,,
feoB.2,PWY_6147,,
cyaB.1,PWY_6147,,
cyaB.1,PWY_6147,,
hisH,PWY_6147,,
hisH,PWY_6147,,
cheA.2,PWY_6147,,
cheA.2,PWY_6147,,
FTT_RS04105,PWY_6147,,
FTT_RS04105,PWY_6147,,
ACICU_RS00395,PWY_6147,,
ACICU_RS00395,PWY_6147,,
msbA.3,PWY_6147,,
msbA.3,PWY_6147,,
ppkA.1,PWY_6147,,
ppkA.1,PWY_6147,,
eccA1.2,PWY_6147,,
eccA1.2,PWY_6147,,
relA.2,PWY_6147,,
relA.2,PWY_6147,,
wcbR,PWY_6147,,
wcbR,PWY_6147,,
ybtQ,PWY_6147,,
ybtQ,PWY_6147,,
clpC.2,PWY_6147,,
clpC.2,PWY_6147,,
Catenibacterium_SGB4425,PWY_6147,,
Catenibacterium_SGB4425,PWY_6147,,
Fusobacterium_nucleatum,PWY_6147,,
Fusobacterium_nucleatum,PWY_6147,,
feoB.2,PWY_6282,,
feoB.2,PWY_6282,,
cyaB.1,PWY_6282,,
cyaB.1,PWY_6282,,
hisH,PWY_6282,,
hisH,PWY_6282,,
cheA.2,PWY_6282,,
cheA.2,PWY_6282,,
chuU,PWY_6282,,
chuU,PWY_6282,,
FTT_RS04105,PWY_6282,,
FTT_RS04105,PWY_6282,,
ACICU_RS00395,PWY_6282,,
ACICU_RS00395,PWY_6282,,
msbA.3,PWY_6282,,
msbA.3,PWY_6282,,
iap/cwhA,PWY_6282,,
iap/cwhA,PWY_6282,,
ppkA.1,PWY_6282,,
ppkA.1,PWY_6282,,
eccA1.2,PWY_6282,,
eccA1.2,PWY_6282,,
relA.2,PWY_6282,,
relA.2,PWY_6282,,
wcbR,PWY_6282,,
wcbR,PWY_6282,,
ybtQ,PWY_6282,,
ybtQ,PWY_6282,,
clpC.2,PWY_6282,,
clpC.2,PWY_6282,,
Catenibacterium_SGB4425,PWY_6282,,
Catenibacterium_SGB4425,PWY_6282,,
Erysipelatoclostridium_ramosum,PWY_6282,,
Erysipelatoclostridium_ramosum,PWY_6282,,
Fusobacterium_nucleatum,PWY_6282,,
Fusobacterium_nucleatum,PWY_6282,,
feoB.2,PWY_6285,,
feoB.2,PWY_6285,,
cyaB.1,PWY_6285,,
cyaB.1,PWY_6285,,
hisH,PWY_6285,,
hisH,PWY_6285,,
cheA.2,PWY_6285,,
cheA.2,PWY_6285,,
FTT_RS04105,PWY_6285,,
FTT_RS04105,PWY_6285,,
ACICU_RS00395,PWY_6285,,
ACICU_RS00395,PWY_6285,,
msbA.3,PWY_6285,,
msbA.3,PWY_6285,,
ppkA.1,PWY_6285,,
ppkA.1,PWY_6285,,
eccA1.2,PWY_6285,,
eccA1.2,PWY_6285,,
relA.2,PWY_6285,,
relA.2,PWY_6285,,
wcbR,PWY_6285,,
wcbR,PWY_6285,,
ybtQ,PWY_6285,,
ybtQ,PWY_6285,,
clpC.2,PWY_6285,,
clpC.2,PWY_6285,,
Catenibacterium_SGB4425,PWY_6285,,
Catenibacterium_SGB4425,PWY_6285,,
Erysipelatoclostridium_ramosum,PWY_6285,,
Erysipelatoclostridium_ramosum,PWY_6285,,
Fusobacterium_nucleatum,PWY_6285,,
Fusobacterium_nucleatum,PWY_6285,,
feoB.2,PWY_6519,,
feoB.2,PWY_6519,,
cyaB.1,PWY_6519,,
cyaB.1,PWY_6519,,
hisH,PWY_6519,,
hisH,PWY_6519,,
cheA.2,PWY_6519,,
cheA.2,PWY_6519,,
chuU,PWY_6519,,
chuU,PWY_6519,,
FTT_RS04105,PWY_6519,,
FTT_RS04105,PWY_6519,,
ACICU_RS00395,PWY_6519,,
ACICU_RS00395,PWY_6519,,
msbA.3,PWY_6519,,
msbA.3,PWY_6519,,
iap/cwhA,PWY_6519,,
iap/cwhA,PWY_6519,,
ppkA.1,PWY_6519,,
ppkA.1,PWY_6519,,
clpP,PWY_6519,,
clpP,PWY_6519,,
eccA1.2,PWY_6519,,
eccA1.2,PWY_6519,,
relA.2,PWY_6519,,
relA.2,PWY_6519,,
wcbR,PWY_6519,,
wcbR,PWY_6519,,
ybtQ,PWY_6519,,
ybtQ,PWY_6519,,
clpC.2,PWY_6519,,
clpC.2,PWY_6519,,
Catenibacterium_SGB4425,PWY_6519,,
Catenibacterium_SGB4425,PWY_6519,,
Erysipelatoclostridium_ramosum,PWY_6519,,
Erysipelatoclostridium_ramosum,PWY_6519,,
Fusobacterium_nucleatum,PWY_6519,,
Fusobacterium_nucleatum,PWY_6519,,
cheA.1,PWY_6961,,
cheA.1,PWY_6961,,
cyaB.1,PWY_6961,,
cyaB.1,PWY_6961,,
hisH,PWY_6961,,
hisH,PWY_6961,,
cheA.2,PWY_6961,,
cheA.2,PWY_6961,,
FTT_RS04105,PWY_6961,,
FTT_RS04105,PWY_6961,,
ACICU_RS00395,PWY_6961,,
ACICU_RS00395,PWY_6961,,
msbA.3,PWY_6961,,
msbA.3,PWY_6961,,
ppkA.1,PWY_6961,,
ppkA.1,PWY_6961,,
eccA1.2,PWY_6961,,
eccA1.2,PWY_6961,,
relA.2,PWY_6961,,
relA.2,PWY_6961,,
ybtQ,PWY_6961,,
ybtQ,PWY_6961,,
clpC.2,PWY_6961,,
clpC.2,PWY_6961,,
Catenibacterium_SGB4425,PWY_6961,,
Catenibacterium_SGB4425,PWY_6961,,
Escherichia_coli,PWY_6961,,
Escherichia_coli,PWY_6961,,
Fusobacterium_nucleatum,PWY_6961,,
Fusobacterium_nucleatum,PWY_6961,,
feoB.2,PWY_7663,,
feoB.2,PWY_7663,,
cyaB.1,PWY_7663,,
cyaB.1,PWY_7663,,
hisH,PWY_7663,,
hisH,PWY_7663,,
cheA.2,PWY_7663,,
cheA.2,PWY_7663,,
chuU,PWY_7663,,
chuU,PWY_7663,,
FTT_RS04105,PWY_7663,,
FTT_RS04105,PWY_7663,,
ACICU_RS00395,PWY_7663,,
ACICU_RS00395,PWY_7663,,
msbA.3,PWY_7663,,
msbA.3,PWY_7663,,
iap/cwhA,PWY_7663,,
iap/cwhA,PWY_7663,,
ppkA.1,PWY_7663,,
ppkA.1,PWY_7663,,
clpP,PWY_7663,,
clpP,PWY_7663,,
eccA1.2,PWY_7663,,
eccA1.2,PWY_7663,,
relA.2,PWY_7663,,
relA.2,PWY_7663,,
wcbR,PWY_7663,,
wcbR,PWY_7663,,
ybtQ,PWY_7663,,
ybtQ,PWY_7663,,
clpC.2,PWY_7663,,
clpC.2,PWY_7663,,
Catenibacterium_SGB4425,PWY_7663,,
Catenibacterium_SGB4425,PWY_7663,,
Fusobacterium_nucleatum,PWY_7663,,
Fusobacterium_nucleatum,PWY_7663,,
feoB.2,PWY_7664,,
feoB.2,PWY_7664,,
cyaB.1,PWY_7664,,
cyaB.1,PWY_7664,,
hisH,PWY_7664,,
hisH,PWY_7664,,
cheA.2,PWY_7664,,
cheA.2,PWY_7664,,
chuU,PWY_7664,,
chuU,PWY_7664,,
FTT_RS04105,PWY_7664,,
FTT_RS04105,PWY_7664,,
ACICU_RS00395,PWY_7664,,
ACICU_RS00395,PWY_7664,,
msbA.3,PWY_7664,,
msbA.3,PWY_7664,,
iap/cwhA,PWY_7664,,
iap/cwhA,PWY_7664,,
ppkA.1,PWY_7664,,
ppkA.1,PWY_7664,,
eccA1.2,PWY_7664,,
eccA1.2,PWY_7664,,
relA.2,PWY_7664,,
relA.2,PWY_7664,,
wcbR,PWY_7664,,
wcbR,PWY_7664,,
ybtQ,PWY_7664,,
ybtQ,PWY_7664,,
clpC.2,PWY_7664,,
clpC.2,PWY_7664,,
Catenibacterium_SGB4425,PWY_7664,,
Catenibacterium_SGB4425,PWY_7664,,
Erysipelatoclostridium_ramosum,PWY_7664,,
Erysipelatoclostridium_ramosum,PWY_7664,,
Fusobacterium_nucleatum,PWY_7664,,
Fusobacterium_nucleatum,PWY_7664,,
feoB.2,PWY0_1297,,
feoB.2,PWY0_1297,,
cyaB.1,PWY0_1297,,
cyaB.1,PWY0_1297,,
hisH,PWY0_1297,,
hisH,PWY0_1297,,
cheA.2,PWY0_1297,,
cheA.2,PWY0_1297,,
chuU,PWY0_1297,,
chuU,PWY0_1297,,
FTT_RS04105,PWY0_1297,,
FTT_RS04105,PWY0_1297,,
ACICU_RS00395,PWY0_1297,,
ACICU_RS00395,PWY0_1297,,
msbA.3,PWY0_1297,,
msbA.3,PWY0_1297,,
iap/cwhA,PWY0_1297,,
iap/cwhA,PWY0_1297,,
ppkA.1,PWY0_1297,,
ppkA.1,PWY0_1297,,
clpP,PWY0_1297,,
clpP,PWY0_1297,,
eccA1.2,PWY0_1297,,
eccA1.2,PWY0_1297,,
relA.2,PWY0_1297,,
relA.2,PWY0_1297,,
wcbR,PWY0_1297,,
wcbR,PWY0_1297,,
ybtQ,PWY0_1297,,
ybtQ,PWY0_1297,,
clpC.2,PWY0_1297,,
clpC.2,PWY0_1297,,
Catenibacterium_SGB4425,PWY0_1297,,
Catenibacterium_SGB4425,PWY0_1297,,
Erysipelatoclostridium_ramosum,PWY0_1297,,
Erysipelatoclostridium_ramosum,PWY0_1297,,
Fusobacterium_nucleatum,PWY0_1297,,
Fusobacterium_nucleatum,PWY0_1297,,
GGB3277_SGB4327,PWY0_1297,,
GGB3277_SGB4327,PWY0_1297,,
feoB.2,PWY0_1298,,
feoB.2,PWY0_1298,,
cyaB.1,PWY0_1298,,
cyaB.1,PWY0_1298,,
hisH,PWY0_1298,,
hisH,PWY0_1298,,
cheA.2,PWY0_1298,,
cheA.2,PWY0_1298,,
chuU,PWY0_1298,,
chuU,PWY0_1298,,
FTT_RS04105,PWY0_1298,,
FTT_RS04105,PWY0_1298,,
ACICU_RS00395,PWY0_1298,,
ACICU_RS00395,PWY0_1298,,
msbA.3,PWY0_1298,,
msbA.3,PWY0_1298,,
iap/cwhA,PWY0_1298,,
iap/cwhA,PWY0_1298,,
ppkA.1,PWY0_1298,,
ppkA.1,PWY0_1298,,
eccA1.2,PWY0_1298,,
eccA1.2,PWY0_1298,,
relA.2,PWY0_1298,,
relA.2,PWY0_1298,,
wcbR,PWY0_1298,,
wcbR,PWY0_1298,,
ybtQ,PWY0_1298,,
ybtQ,PWY0_1298,,
clpC.2,PWY0_1298,,
clpC.2,PWY0_1298,,
Catenibacterium_SGB4425,PWY0_1298,,
Catenibacterium_SGB4425,PWY0_1298,,
Erysipelatoclostridium_ramosum,PWY0_1298,,
Erysipelatoclostridium_ramosum,PWY0_1298,,
Fusobacterium_nucleatum,PWY0_1298,,
Fusobacterium_nucleatum,PWY0_1298,,
feoB.2,PWY0_1477,,
feoB.2,PWY0_1477,,
cyaB.1,PWY0_1477,,
cyaB.1,PWY0_1477,,
hisH,PWY0_1477,,
hisH,PWY0_1477,,
cheA.2,PWY0_1477,,
cheA.2,PWY0_1477,,
FTT_RS04105,PWY0_1477,,
FTT_RS04105,PWY0_1477,,
ACICU_RS00395,PWY0_1477,,
ACICU_RS00395,PWY0_1477,,
msbA.3,PWY0_1477,,
msbA.3,PWY0_1477,,
ppkA.1,PWY0_1477,,
ppkA.1,PWY0_1477,,
eccA1.2,PWY0_1477,,
eccA1.2,PWY0_1477,,
relA.2,PWY0_1477,,
relA.2,PWY0_1477,,
wcbR,PWY0_1477,,
wcbR,PWY0_1477,,
ybtQ,PWY0_1477,,
ybtQ,PWY0_1477,,
clpC.2,PWY0_1477,,
clpC.2,PWY0_1477,,
Catenibacterium_SGB4425,PWY0_1477,,
Catenibacterium_SGB4425,PWY0_1477,,
Erysipelatoclostridium_ramosum,PWY0_1477,,
Erysipelatoclostridium_ramosum,PWY0_1477,,
Escherichia_coli,PWY0_1477,,
Escherichia_coli,PWY0_1477,,
Fusobacterium_nucleatum,PWY0_1477,,
Fusobacterium_nucleatum,PWY0_1477,,
cheA.1,PWY0_301,,
cheA.1,PWY0_301,,
cyaB.1,PWY0_301,,
cyaB.1,PWY0_301,,
hisH,PWY0_301,,
hisH,PWY0_301,,
cheA.2,PWY0_301,,
cheA.2,PWY0_301,,
FTT_RS04105,PWY0_301,,
FTT_RS04105,PWY0_301,,
ACICU_RS00395,PWY0_301,,
ACICU_RS00395,PWY0_301,,
msbA.3,PWY0_301,,
msbA.3,PWY0_301,,
ppkA.1,PWY0_301,,
ppkA.1,PWY0_301,,
eccA1.2,PWY0_301,,
eccA1.2,PWY0_301,,
relA.2,PWY0_301,,
relA.2,PWY0_301,,
wcbR,PWY0_301,,
wcbR,PWY0_301,,
ybtQ,PWY0_301,,
ybtQ,PWY0_301,,
clpC.2,PWY0_301,,
clpC.2,PWY0_301,,
Catenibacterium_SGB4425,PWY0_301,,
Catenibacterium_SGB4425,PWY0_301,,
Escherichia_coli,PWY0_301,,
Escherichia_coli,PWY0_301,,
Fusobacterium_nucleatum,PWY0_301,,
Fusobacterium_nucleatum,PWY0_301,,
feoB.2,PWY0_781,,
feoB.2,PWY0_781,,
cyaB.1,PWY0_781,,
cyaB.1,PWY0_781,,
hisH,PWY0_781,,
hisH,PWY0_781,,
cheA.2,PWY0_781,,
cheA.2,PWY0_781,,
chuU,PWY0_781,,
chuU,PWY0_781,,
FTT_RS04105,PWY0_781,,
FTT_RS04105,PWY0_781,,
ACICU_RS00395,PWY0_781,,
ACICU_RS00395,PWY0_781,,
msbA.3,PWY0_781,,
msbA.3,PWY0_781,,
iap/cwhA,PWY0_781,,
iap/cwhA,PWY0_781,,
ppkA.1,PWY0_781,,
ppkA.1,PWY0_781,,
clpP,PWY0_781,,
clpP,PWY0_781,,
eccA1.2,PWY0_781,,
eccA1.2,PWY0_781,,
relA.2,PWY0_781,,
relA.2,PWY0_781,,
wcbR,PWY0_781,,
wcbR,PWY0_781,,
ybtQ,PWY0_781,,
ybtQ,PWY0_781,,
clpC.2,PWY0_781,,
clpC.2,PWY0_781,,
Catenibacterium_SGB4425,PWY0_781,,
Catenibacterium_SGB4425,PWY0_781,,
Erysipelatoclostridium_ramosum,PWY0_781,,
Erysipelatoclostridium_ramosum,PWY0_781,,
Fusobacterium_nucleatum,PWY0_781,,
Fusobacterium_nucleatum,PWY0_781,,
GGB3277_SGB4327,PWY0_781,,
GGB3277_SGB4327,PWY0_781,,
feoB.2,PWY0_845,,
feoB.2,PWY0_845,,
cyaB.1,PWY0_845,,
cyaB.1,PWY0_845,,
hisH,PWY0_845,,
hisH,PWY0_845,,
cheA.2,PWY0_845,,
cheA.2,PWY0_845,,
chuU,PWY0_845,,
chuU,PWY0_845,,
FTT_RS04105,PWY0_845,,
FTT_RS04105,PWY0_845,,
ACICU_RS00395,PWY0_845,,
ACICU_RS00395,PWY0_845,,
msbA.3,PWY0_845,,
msbA.3,PWY0_845,,
ppkA.1,PWY0_845,,
ppkA.1,PWY0_845,,
eccA1.2,PWY0_845,,
eccA1.2,PWY0_845,,
relA.2,PWY0_845,,
relA.2,PWY0_845,,
wcbR,PWY0_845,,
wcbR,PWY0_845,,
ybtQ,PWY0_845,,
ybtQ,PWY0_845,,
clpC.2,PWY0_845,,
clpC.2,PWY0_845,,
Catenibacterium_SGB4425,PWY0_845,,
Catenibacterium_SGB4425,PWY0_845,,
Fusobacterium_nucleatum,PWY0_845,,
Fusobacterium_nucleatum,PWY0_845,,
feoB.2,PWY0_862,,
feoB.2,PWY0_862,,
cyaB.1,PWY0_862,,
cyaB.1,PWY0_862,,
hisH,PWY0_862,,
hisH,PWY0_862,,
cheA.2,PWY0_862,,
cheA.2,PWY0_862,,
chuU,PWY0_862,,
chuU,PWY0_862,,
FTT_RS04105,PWY0_862,,
FTT_RS04105,PWY0_862,,
ACICU_RS00395,PWY0_862,,
ACICU_RS00395,PWY0_862,,
msbA.3,PWY0_862,,
msbA.3,PWY0_862,,
iap/cwhA,PWY0_862,,
iap/cwhA,PWY0_862,,
ppkA.1,PWY0_862,,
ppkA.1,PWY0_862,,
eccA1.2,PWY0_862,,
eccA1.2,PWY0_862,,
relA.2,PWY0_862,,
relA.2,PWY0_862,,
wcbR,PWY0_862,,
wcbR,PWY0_862,,
ybtQ,PWY0_862,,
ybtQ,PWY0_862,,
clpC.2,PWY0_862,,
clpC.2,PWY0_862,,
Catenibacterium_SGB4425,PWY0_862,,
Catenibacterium_SGB4425,PWY0_862,,
Erysipelatoclostridium_ramosum,PWY0_862,,
Erysipelatoclostridium_ramosum,PWY0_862,,
Fusobacterium_nucleatum,PWY0_862,,
Fusobacterium_nucleatum,PWY0_862,,
adsA.1,PWY4FS_7,,
adsA.1,PWY4FS_7,,
feoB.2,PWY4FS_7,,
feoB.2,PWY4FS_7,,
cyaB.1,PWY4FS_7,,
cyaB.1,PWY4FS_7,,
hisH,PWY4FS_7,,
hisH,PWY4FS_7,,
cheA.2,PWY4FS_7,,
cheA.2,PWY4FS_7,,
chuU,PWY4FS_7,,
chuU,PWY4FS_7,,
FTT_RS04105,PWY4FS_7,,
FTT_RS04105,PWY4FS_7,,
ACICU_RS00395,PWY4FS_7,,
ACICU_RS00395,PWY4FS_7,,
msbA.3,PWY4FS_7,,
msbA.3,PWY4FS_7,,
iap/cwhA,PWY4FS_7,,
iap/cwhA,PWY4FS_7,,
ppkA.1,PWY4FS_7,,
ppkA.1,PWY4FS_7,,
clpP,PWY4FS_7,,
clpP,PWY4FS_7,,
eccA1.2,PWY4FS_7,,
eccA1.2,PWY4FS_7,,
relA.2,PWY4FS_7,,
relA.2,PWY4FS_7,,
wcbR,PWY4FS_7,,
wcbR,PWY4FS_7,,
ybtQ,PWY4FS_7,,
ybtQ,PWY4FS_7,,
clpC.2,PWY4FS_7,,
clpC.2,PWY4FS_7,,
Catenibacterium_SGB4425,PWY4FS_7,,
Catenibacterium_SGB4425,PWY4FS_7,,
Erysipelatoclostridium_ramosum,PWY4FS_7,,
Erysipelatoclostridium_ramosum,PWY4FS_7,,
Fusobacterium_nucleatum,PWY4FS_7,,
Fusobacterium_nucleatum,PWY4FS_7,,
GGB3277_SGB4327,PWY4FS_7,,
GGB3277_SGB4327,PWY4FS_7,,
Ruminococcus_sp_BSD2780120874_150323_B10,PWY4FS_7,,
Ruminococcus_sp_BSD2780120874_150323_B10,PWY4FS_7,,
adsA.1,PWY4FS_8,,
adsA.1,PWY4FS_8,,
feoB.2,PWY4FS_8,,
feoB.2,PWY4FS_8,,
cyaB.1,PWY4FS_8,,
cyaB.1,PWY4FS_8,,
hisH,PWY4FS_8,,
hisH,PWY4FS_8,,
cheA.2,PWY4FS_8,,
cheA.2,PWY4FS_8,,
chuU,PWY4FS_8,,
chuU,PWY4FS_8,,
FTT_RS04105,PWY4FS_8,,
FTT_RS04105,PWY4FS_8,,
ACICU_RS00395,PWY4FS_8,,
ACICU_RS00395,PWY4FS_8,,
msbA.3,PWY4FS_8,,
msbA.3,PWY4FS_8,,
iap/cwhA,PWY4FS_8,,
iap/cwhA,PWY4FS_8,,
ppkA.1,PWY4FS_8,,
ppkA.1,PWY4FS_8,,
clpP,PWY4FS_8,,
clpP,PWY4FS_8,,
eccA1.2,PWY4FS_8,,
eccA1.2,PWY4FS_8,,
relA.2,PWY4FS_8,,
relA.2,PWY4FS_8,,
wcbR,PWY4FS_8,,
wcbR,PWY4FS_8,,
ybtQ,PWY4FS_8,,
ybtQ,PWY4FS_8,,
clpC.2,PWY4FS_8,,
clpC.2,PWY4FS_8,,
Catenibacterium_SGB4425,PWY4FS_8,,
Catenibacterium_SGB4425,PWY4FS_8,,
Erysipelatoclostridium_ramosum,PWY4FS_8,,
Erysipelatoclostridium_ramosum,PWY4FS_8,,
Fusobacterium_nucleatum,PWY4FS_8,,
Fusobacterium_nucleatum,PWY4FS_8,,
GGB3277_SGB4327,PWY4FS_8,,
GGB3277_SGB4327,PWY4FS_8,,
Ruminococcus_sp_BSD2780120874_150323_B10,PWY4FS_8,,
Ruminococcus_sp_BSD2780120874_150323_B10,PWY4FS_8,,
feoB.1,PWY66_409,,
feoB.1,PWY66_409,,
adsA.1,PWY66_409,,
adsA.1,PWY66_409,,
feoB.2,PWY66_409,,
feoB.2,PWY66_409,,
cyaB.1,PWY66_409,,
cyaB.1,PWY66_409,,
hisH,PWY66_409,,
hisH,PWY66_409,,
cheA.2,PWY66_409,,
cheA.2,PWY66_409,,
chuU,PWY66_409,,
chuU,PWY66_409,,
FTT_RS04105,PWY66_409,,
FTT_RS04105,PWY66_409,,
ACICU_RS00395,PWY66_409,,
ACICU_RS00395,PWY66_409,,
msbA.3,PWY66_409,,
msbA.3,PWY66_409,,
iap/cwhA,PWY66_409,,
iap/cwhA,PWY66_409,,
ppkA.1,PWY66_409,,
ppkA.1,PWY66_409,,
clpP,PWY66_409,,
clpP,PWY66_409,,
eccA1.2,PWY66_409,,
eccA1.2,PWY66_409,,
relA.2,PWY66_409,,
relA.2,PWY66_409,,
wcbR,PWY66_409,,
wcbR,PWY66_409,,
ybtQ,PWY66_409,,
ybtQ,PWY66_409,,
clpC.2,PWY66_409,,
clpC.2,PWY66_409,,
Catenibacterium_SGB4425,PWY66_409,,
Catenibacterium_SGB4425,PWY66_409,,
Erysipelatoclostridium_ramosum,PWY66_409,,
Erysipelatoclostridium_ramosum,PWY66_409,,
Fusobacterium_nucleatum,PWY66_409,,
Fusobacterium_nucleatum,PWY66_409,,
GGB3277_SGB4327,PWY66_409,,
GGB3277_SGB4327,PWY66_409,,
Ruminococcus_sp_BSD2780120874_150323_B10,PWY66_409,,
Ruminococcus_sp_BSD2780120874_150323_B10,PWY66_409,,
feoB.1,PYRIDNUCSAL_PWY,,
feoB.1,PYRIDNUCSAL_PWY,,
feoB.2,PYRIDNUCSAL_PWY,,
feoB.2,PYRIDNUCSAL_PWY,,
cyaB.1,PYRIDNUCSAL_PWY,,
cyaB.1,PYRIDNUCSAL_PWY,,
hisH,PYRIDNUCSAL_PWY,,
hisH,PYRIDNUCSAL_PWY,,
cheA.2,PYRIDNUCSAL_PWY,,
cheA.2,PYRIDNUCSAL_PWY,,
chuU,PYRIDNUCSAL_PWY,,
chuU,PYRIDNUCSAL_PWY,,
FTT_RS04105,PYRIDNUCSAL_PWY,,
FTT_RS04105,PYRIDNUCSAL_PWY,,
ACICU_RS00395,PYRIDNUCSAL_PWY,,
ACICU_RS00395,PYRIDNUCSAL_PWY,,
msbA.3,PYRIDNUCSAL_PWY,,
msbA.3,PYRIDNUCSAL_PWY,,
iap/cwhA,PYRIDNUCSAL_PWY,,
iap/cwhA,PYRIDNUCSAL_PWY,,
ppkA.1,PYRIDNUCSAL_PWY,,
ppkA.1,PYRIDNUCSAL_PWY,,
clpP,PYRIDNUCSAL_PWY,,
clpP,PYRIDNUCSAL_PWY,,
eccA1.2,PYRIDNUCSAL_PWY,,
eccA1.2,PYRIDNUCSAL_PWY,,
relA.2,PYRIDNUCSAL_PWY,,
relA.2,PYRIDNUCSAL_PWY,,
ybtQ,PYRIDNUCSAL_PWY,,
ybtQ,PYRIDNUCSAL_PWY,,
clpC.2,PYRIDNUCSAL_PWY,,
clpC.2,PYRIDNUCSAL_PWY,,
Catenibacterium_SGB4425,PYRIDNUCSAL_PWY,,
Catenibacterium_SGB4425,PYRIDNUCSAL_PWY,,
Fusobacterium_nucleatum,PYRIDNUCSAL_PWY,,
Fusobacterium_nucleatum,PYRIDNUCSAL_PWY,,
GGB3277_SGB4327,PYRIDNUCSAL_PWY,,
GGB3277_SGB4327,PYRIDNUCSAL_PWY,,
feoB.2,PYRIDOXSYN_PWY,,
feoB.2,PYRIDOXSYN_PWY,,
cyaB.1,PYRIDOXSYN_PWY,,
cyaB.1,PYRIDOXSYN_PWY,,
hisH,PYRIDOXSYN_PWY,,
hisH,PYRIDOXSYN_PWY,,
cheA.2,PYRIDOXSYN_PWY,,
cheA.2,PYRIDOXSYN_PWY,,
chuU,PYRIDOXSYN_PWY,,
chuU,PYRIDOXSYN_PWY,,
FTT_RS04105,PYRIDOXSYN_PWY,,
FTT_RS04105,PYRIDOXSYN_PWY,,
ACICU_RS00395,PYRIDOXSYN_PWY,,
ACICU_RS00395,PYRIDOXSYN_PWY,,
msbA.3,PYRIDOXSYN_PWY,,
msbA.3,PYRIDOXSYN_PWY,,
ppkA.1,PYRIDOXSYN_PWY,,
ppkA.1,PYRIDOXSYN_PWY,,
eccA1.2,PYRIDOXSYN_PWY,,
eccA1.2,PYRIDOXSYN_PWY,,
relA.2,PYRIDOXSYN_PWY,,
relA.2,PYRIDOXSYN_PWY,,
wcbR,PYRIDOXSYN_PWY,,
wcbR,PYRIDOXSYN_PWY,,
ybtQ,PYRIDOXSYN_PWY,,
ybtQ,PYRIDOXSYN_PWY,,
clpC.2,PYRIDOXSYN_PWY,,
clpC.2,PYRIDOXSYN_PWY,,
Catenibacterium_SGB4425,PYRIDOXSYN_PWY,,
Catenibacterium_SGB4425,PYRIDOXSYN_PWY,,
Fusobacterium_nucleatum,PYRIDOXSYN_PWY,,
Fusobacterium_nucleatum,PYRIDOXSYN_PWY,,
feoB.1,ANAGLYCOLYSIS_PWY,,
feoB.1,ANAGLYCOLYSIS_PWY,,
adsA.1,ANAGLYCOLYSIS_PWY,,
adsA.1,ANAGLYCOLYSIS_PWY,,
feoB.2,ANAGLYCOLYSIS_PWY,,
feoB.2,ANAGLYCOLYSIS_PWY,,
cyaB.1,ANAGLYCOLYSIS_PWY,,
cyaB.1,ANAGLYCOLYSIS_PWY,,
hisH,ANAGLYCOLYSIS_PWY,,
hisH,ANAGLYCOLYSIS_PWY,,
cheA.2,ANAGLYCOLYSIS_PWY,,
cheA.2,ANAGLYCOLYSIS_PWY,,
chuU,ANAGLYCOLYSIS_PWY,,
chuU,ANAGLYCOLYSIS_PWY,,
FTT_RS04105,ANAGLYCOLYSIS_PWY,,
FTT_RS04105,ANAGLYCOLYSIS_PWY,,
ACICU_RS00395,ANAGLYCOLYSIS_PWY,,
ACICU_RS00395,ANAGLYCOLYSIS_PWY,,
msbA.3,ANAGLYCOLYSIS_PWY,,
msbA.3,ANAGLYCOLYSIS_PWY,,
iap/cwhA,ANAGLYCOLYSIS_PWY,,
iap/cwhA,ANAGLYCOLYSIS_PWY,,
ppkA.1,ANAGLYCOLYSIS_PWY,,
ppkA.1,ANAGLYCOLYSIS_PWY,,
clpP,ANAGLYCOLYSIS_PWY,,
clpP,ANAGLYCOLYSIS_PWY,,
eccA1.2,ANAGLYCOLYSIS_PWY,,
eccA1.2,ANAGLYCOLYSIS_PWY,,
relA.2,ANAGLYCOLYSIS_PWY,,
relA.2,ANAGLYCOLYSIS_PWY,,
wcbR,ANAGLYCOLYSIS_PWY,,
wcbR,ANAGLYCOLYSIS_PWY,,
ybtQ,ANAGLYCOLYSIS_PWY,,
ybtQ,ANAGLYCOLYSIS_PWY,,
clpC.2,ANAGLYCOLYSIS_PWY,,
clpC.2,ANAGLYCOLYSIS_PWY,,
Catenibacterium_SGB4425,ANAGLYCOLYSIS_PWY,,
Catenibacterium_SGB4425,ANAGLYCOLYSIS_PWY,,
Erysipelatoclostridium_ramosum,ANAGLYCOLYSIS_PWY,,
Erysipelatoclostridium_ramosum,ANAGLYCOLYSIS_PWY,,
Fusobacterium_nucleatum,ANAGLYCOLYSIS_PWY,,
Fusobacterium_nucleatum,ANAGLYCOLYSIS_PWY,,
GGB3277_SGB4327,ANAGLYCOLYSIS_PWY,,
GGB3277_SGB4327,ANAGLYCOLYSIS_PWY,,
Ruminococcus_sp_BSD2780120874_150323_B10,ANAGLYCOLYSIS_PWY,,
Ruminococcus_sp_BSD2780120874_150323_B10,ANAGLYCOLYSIS_PWY,,
feoB.1,ARGSYNBSUB_PWY,,
feoB.1,ARGSYNBSUB_PWY,,
adsA.1,ARGSYNBSUB_PWY,,
adsA.1,ARGSYNBSUB_PWY,,
feoB.2,ARGSYNBSUB_PWY,,
feoB.2,ARGSYNBSUB_PWY,,
cyaB.1,ARGSYNBSUB_PWY,,
cyaB.1,ARGSYNBSUB_PWY,,
hisH,ARGSYNBSUB_PWY,,
hisH,ARGSYNBSUB_PWY,,
cheA.2,ARGSYNBSUB_PWY,,
cheA.2,ARGSYNBSUB_PWY,,
chuU,ARGSYNBSUB_PWY,,
chuU,ARGSYNBSUB_PWY,,
FTT_RS04105,ARGSYNBSUB_PWY,,
FTT_RS04105,ARGSYNBSUB_PWY,,
ACICU_RS00395,ARGSYNBSUB_PWY,,
ACICU_RS00395,ARGSYNBSUB_PWY,,
msbA.3,ARGSYNBSUB_PWY,,
msbA.3,ARGSYNBSUB_PWY,,
iap/cwhA,ARGSYNBSUB_PWY,,
iap/cwhA,ARGSYNBSUB_PWY,,
ppkA.1,ARGSYNBSUB_PWY,,
ppkA.1,ARGSYNBSUB_PWY,,
clpP,ARGSYNBSUB_PWY,,
clpP,ARGSYNBSUB_PWY,,
eccA1.2,ARGSYNBSUB_PWY,,
eccA1.2,ARGSYNBSUB_PWY,,
relA.2,ARGSYNBSUB_PWY,,
relA.2,ARGSYNBSUB_PWY,,
wcbR,ARGSYNBSUB_PWY,,
wcbR,ARGSYNBSUB_PWY,,
ybtQ,ARGSYNBSUB_PWY,,
ybtQ,ARGSYNBSUB_PWY,,
clpC.2,ARGSYNBSUB_PWY,,
clpC.2,ARGSYNBSUB_PWY,,
Catenibacterium_SGB4425,ARGSYNBSUB_PWY,,
Catenibacterium_SGB4425,ARGSYNBSUB_PWY,,
Erysipelatoclostridium_ramosum,ARGSYNBSUB_PWY,,
Erysipelatoclostridium_ramosum,ARGSYNBSUB_PWY,,
Fusobacterium_nucleatum,ARGSYNBSUB_PWY,,
Fusobacterium_nucleatum,ARGSYNBSUB_PWY,,
GGB3277_SGB4327,ARGSYNBSUB_PWY,,
GGB3277_SGB4327,ARGSYNBSUB_PWY,,
Ruminococcus_sp_BSD2780120874_150323_B10,ARGSYNBSUB_PWY,,
Ruminococcus_sp_BSD2780120874_150323_B10,ARGSYNBSUB_PWY,,
feoB.1,ARO_PWY,,
feoB.1,ARO_PWY,,
adsA.1,ARO_PWY,,
adsA.1,ARO_PWY,,
feoB.2,ARO_PWY,,
feoB.2,ARO_PWY,,
cyaB.1,ARO_PWY,,
cyaB.1,ARO_PWY,,
hisH,ARO_PWY,,
hisH,ARO_PWY,,
cheA.2,ARO_PWY,,
cheA.2,ARO_PWY,,
chuU,ARO_PWY,,
chuU,ARO_PWY,,
FTT_RS04105,ARO_PWY,,
FTT_RS04105,ARO_PWY,,
ACICU_RS00395,ARO_PWY,,
ACICU_RS00395,ARO_PWY,,
msbA.3,ARO_PWY,,
msbA.3,ARO_PWY,,
iap/cwhA,ARO_PWY,,
iap/cwhA,ARO_PWY,,
ppkA.1,ARO_PWY,,
ppkA.1,ARO_PWY,,
clpP,ARO_PWY,,
clpP,ARO_PWY,,
eccA1.2,ARO_PWY,,
eccA1.2,ARO_PWY,,
relA.2,ARO_PWY,,
relA.2,ARO_PWY,,
wcbR,ARO_PWY,,
wcbR,ARO_PWY,,
ybtQ,ARO_PWY,,
ybtQ,ARO_PWY,,
clpC.2,ARO_PWY,,
clpC.2,ARO_PWY,,
Catenibacterium_SGB4425,ARO_PWY,,
Catenibacterium_SGB4425,ARO_PWY,,
Erysipelatoclostridium_ramosum,ARO_PWY,,
Erysipelatoclostridium_ramosum,ARO_PWY,,
Fusobacterium_nucleatum,ARO_PWY,,
Fusobacterium_nucleatum,ARO_PWY,,
GGB3277_SGB4327,ARO_PWY,,
GGB3277_SGB4327,ARO_PWY,,
Ruminococcus_sp_BSD2780120874_150323_B10,ARO_PWY,,
Ruminococcus_sp_BSD2780120874_150323_B10,ARO_PWY,,
feoB.1,COA_PWY,,
feoB.1,COA_PWY,,
adsA.1,COA_PWY,,
adsA.1,COA_PWY,,
feoB.2,COA_PWY,,
feoB.2,COA_PWY,,
cyaB.1,COA_PWY,,
cyaB.1,COA_PWY,,
hisH,COA_PWY,,
hisH,COA_PWY,,
cheA.2,COA_PWY,,
cheA.2,COA_PWY,,
chuU,COA_PWY,,
chuU,COA_PWY,,
FTT_RS04105,COA_PWY,,
FTT_RS04105,COA_PWY,,
ACICU_RS00395,COA_PWY,,
ACICU_RS00395,COA_PWY,,
msbA.3,COA_PWY,,
msbA.3,COA_PWY,,
iap/cwhA,COA_PWY,,
iap/cwhA,COA_PWY,,
ppkA.1,COA_PWY,,
ppkA.1,COA_PWY,,
clpP,COA_PWY,,
clpP,COA_PWY,,
eccA1.2,COA_PWY,,
eccA1.2,COA_PWY,,
relA.2,COA_PWY,,
relA.2,COA_PWY,,
wcbR,COA_PWY,,
wcbR,COA_PWY,,
ybtQ,COA_PWY,,
ybtQ,COA_PWY,,
clpC.2,COA_PWY,,
clpC.2,COA_PWY,,
Catenibacterium_SGB4425,COA_PWY,,
Catenibacterium_SGB4425,COA_PWY,,
Fusobacterium_nucleatum,COA_PWY,,
Fusobacterium_nucleatum,COA_PWY,,
GGB3277_SGB4327,COA_PWY,,
GGB3277_SGB4327,COA_PWY,,
Ruminococcus_sp_BSD2780120874_150323_B10,COA_PWY,,
Ruminococcus_sp_BSD2780120874_150323_B10,COA_PWY,,
feoB.1,COA_PWY_1,,
feoB.1,COA_PWY_1,,
adsA.1,COA_PWY_1,,
adsA.1,COA_PWY_1,,
feoB.2,COA_PWY_1,,
feoB.2,COA_PWY_1,,
cyaB.1,COA_PWY_1,,
cyaB.1,COA_PWY_1,,
hisH,COA_PWY_1,,
hisH,COA_PWY_1,,
cheA.2,COA_PWY_1,,
cheA.2,COA_PWY_1,,
chuU,COA_PWY_1,,
chuU,COA_PWY_1,,
FTT_RS04105,COA_PWY_1,,
FTT_RS04105,COA_PWY_1,,
ACICU_RS00395,COA_PWY_1,,
ACICU_RS00395,COA_PWY_1,,
msbA.3,COA_PWY_1,,
msbA.3,COA_PWY_1,,
iap/cwhA,COA_PWY_1,,
iap/cwhA,COA_PWY_1,,
ppkA.1,COA_PWY_1,,
ppkA.1,COA_PWY_1,,
clpP,COA_PWY_1,,
clpP,COA_PWY_1,,
eccA1.2,COA_PWY_1,,
eccA1.2,COA_PWY_1,,
relA.2,COA_PWY_1,,
relA.2,COA_PWY_1,,
wcbR,COA_PWY_1,,
wcbR,COA_PWY_1,,
ybtQ,COA_PWY_1,,
ybtQ,COA_PWY_1,,
clpC.2,COA_PWY_1,,
clpC.2,COA_PWY_1,,
Catenibacterium_SGB4425,COA_PWY_1,,
Catenibacterium_SGB4425,COA_PWY_1,,
Fusobacterium_nucleatum,COA_PWY_1,,
Fusobacterium_nucleatum,COA_PWY_1,,
GGB3277_SGB4327,COA_PWY_1,,
GGB3277_SGB4327,COA_PWY_1,,
Ruminococcus_sp_BSD2780120874_150323_B10,COA_PWY_1,,
Ruminococcus_sp_BSD2780120874_150323_B10,COA_PWY_1,,
feoB.1,COMPLETE_ARO_PWY,,
feoB.1,COMPLETE_ARO_PWY,,
adsA.1,COMPLETE_ARO_PWY,,
adsA.1,COMPLETE_ARO_PWY,,
feoB.2,COMPLETE_ARO_PWY,,
feoB.2,COMPLETE_ARO_PWY,,
cyaB.1,COMPLETE_ARO_PWY,,
cyaB.1,COMPLETE_ARO_PWY,,
hisH,COMPLETE_ARO_PWY,,
hisH,COMPLETE_ARO_PWY,,
cheA.2,COMPLETE_ARO_PWY,,
cheA.2,COMPLETE_ARO_PWY,,
chuU,COMPLETE_ARO_PWY,,
chuU,COMPLETE_ARO_PWY,,
FTT_RS04105,COMPLETE_ARO_PWY,,
FTT_RS04105,COMPLETE_ARO_PWY,,
ACICU_RS00395,COMPLETE_ARO_PWY,,
ACICU_RS00395,COMPLETE_ARO_PWY,,
msbA.3,COMPLETE_ARO_PWY,,
msbA.3,COMPLETE_ARO_PWY,,
iap/cwhA,COMPLETE_ARO_PWY,,
iap/cwhA,COMPLETE_ARO_PWY,,
ppkA.1,COMPLETE_ARO_PWY,,
ppkA.1,COMPLETE_ARO_PWY,,
clpP,COMPLETE_ARO_PWY,,
clpP,COMPLETE_ARO_PWY,,
eccA1.2,COMPLETE_ARO_PWY,,
eccA1.2,COMPLETE_ARO_PWY,,
relA.2,COMPLETE_ARO_PWY,,
relA.2,COMPLETE_ARO_PWY,,
wcbR,COMPLETE_ARO_PWY,,
wcbR,COMPLETE_ARO_PWY,,
ybtQ,COMPLETE_ARO_PWY,,
ybtQ,COMPLETE_ARO_PWY,,
clpC.2,COMPLETE_ARO_PWY,,
clpC.2,COMPLETE_ARO_PWY,,
Catenibacterium_SGB4425,COMPLETE_ARO_PWY,,
Catenibacterium_SGB4425,COMPLETE_ARO_PWY,,
Erysipelatoclostridium_ramosum,COMPLETE_ARO_PWY,,
Erysipelatoclostridium_ramosum,COMPLETE_ARO_PWY,,
Fusobacterium_nucleatum,COMPLETE_ARO_PWY,,
Fusobacterium_nucleatum,COMPLETE_ARO_PWY,,
GGB3277_SGB4327,COMPLETE_ARO_PWY,,
GGB3277_SGB4327,COMPLETE_ARO_PWY,,
Ruminococcus_sp_BSD2780120874_150323_B10,COMPLETE_ARO_PWY,,
Ruminococcus_sp_BSD2780120874_150323_B10,COMPLETE_ARO_PWY,,
feoB.1,DTDPRHAMSYN_PWY,,
feoB.1,DTDPRHAMSYN_PWY,,
adsA.1,DTDPRHAMSYN_PWY,,
adsA.1,DTDPRHAMSYN_PWY,,
feoB.2,DTDPRHAMSYN_PWY,,
feoB.2,DTDPRHAMSYN_PWY,,
cyaB.1,DTDPRHAMSYN_PWY,,
cyaB.1,DTDPRHAMSYN_PWY,,
hisH,DTDPRHAMSYN_PWY,,
hisH,DTDPRHAMSYN_PWY,,
cheA.2,DTDPRHAMSYN_PWY,,
cheA.2,DTDPRHAMSYN_PWY,,
chuU,DTDPRHAMSYN_PWY,,
chuU,DTDPRHAMSYN_PWY,,
FTT_RS04105,DTDPRHAMSYN_PWY,,
FTT_RS04105,DTDPRHAMSYN_PWY,,
ACICU_RS00395,DTDPRHAMSYN_PWY,,
ACICU_RS00395,DTDPRHAMSYN_PWY,,
msbA.3,DTDPRHAMSYN_PWY,,
msbA.3,DTDPRHAMSYN_PWY,,
iap/cwhA,DTDPRHAMSYN_PWY,,
iap/cwhA,DTDPRHAMSYN_PWY,,
ppkA.1,DTDPRHAMSYN_PWY,,
ppkA.1,DTDPRHAMSYN_PWY,,
clpP,DTDPRHAMSYN_PWY,,
clpP,DTDPRHAMSYN_PWY,,
eccA1.2,DTDPRHAMSYN_PWY,,
eccA1.2,DTDPRHAMSYN_PWY,,
relA.2,DTDPRHAMSYN_PWY,,
relA.2,DTDPRHAMSYN_PWY,,
wcbR,DTDPRHAMSYN_PWY,,
wcbR,DTDPRHAMSYN_PWY,,
ybtQ,DTDPRHAMSYN_PWY,,
ybtQ,DTDPRHAMSYN_PWY,,
clpC.2,DTDPRHAMSYN_PWY,,
clpC.2,DTDPRHAMSYN_PWY,,
Catenibacterium_SGB4425,DTDPRHAMSYN_PWY,,
Catenibacterium_SGB4425,DTDPRHAMSYN_PWY,,
Erysipelatoclostridium_ramosum,DTDPRHAMSYN_PWY,,
Erysipelatoclostridium_ramosum,DTDPRHAMSYN_PWY,,
Fusobacterium_nucleatum,DTDPRHAMSYN_PWY,,
Fusobacterium_nucleatum,DTDPRHAMSYN_PWY,,
GGB3277_SGB4327,DTDPRHAMSYN_PWY,,
GGB3277_SGB4327,DTDPRHAMSYN_PWY,,
feoB.1,GLYCOGENSYNTH_PWY,,
feoB.1,GLYCOGENSYNTH_PWY,,
adsA.1,GLYCOGENSYNTH_PWY,,
adsA.1,GLYCOGENSYNTH_PWY,,
feoB.2,GLYCOGENSYNTH_PWY,,
feoB.2,GLYCOGENSYNTH_PWY,,
cyaB.1,GLYCOGENSYNTH_PWY,,
cyaB.1,GLYCOGENSYNTH_PWY,,
hisH,GLYCOGENSYNTH_PWY,,
hisH,GLYCOGENSYNTH_PWY,,
cheA.2,GLYCOGENSYNTH_PWY,,
cheA.2,GLYCOGENSYNTH_PWY,,
chuU,GLYCOGENSYNTH_PWY,,
chuU,GLYCOGENSYNTH_PWY,,
FTT_RS04105,GLYCOGENSYNTH_PWY,,
FTT_RS04105,GLYCOGENSYNTH_PWY,,
ACICU_RS00395,GLYCOGENSYNTH_PWY,,
ACICU_RS00395,GLYCOGENSYNTH_PWY,,
msbA.3,GLYCOGENSYNTH_PWY,,
msbA.3,GLYCOGENSYNTH_PWY,,
iap/cwhA,GLYCOGENSYNTH_PWY,,
iap/cwhA,GLYCOGENSYNTH_PWY,,
ppkA.1,GLYCOGENSYNTH_PWY,,
ppkA.1,GLYCOGENSYNTH_PWY,,
clpP,GLYCOGENSYNTH_PWY,,
clpP,GLYCOGENSYNTH_PWY,,
eccA1.2,GLYCOGENSYNTH_PWY,,
eccA1.2,GLYCOGENSYNTH_PWY,,
relA.2,GLYCOGENSYNTH_PWY,,
relA.2,GLYCOGENSYNTH_PWY,,
wcbR,GLYCOGENSYNTH_PWY,,
wcbR,GLYCOGENSYNTH_PWY,,
ybtQ,GLYCOGENSYNTH_PWY,,
ybtQ,GLYCOGENSYNTH_PWY,,
clpC.2,GLYCOGENSYNTH_PWY,,
clpC.2,GLYCOGENSYNTH_PWY,,
Catenibacterium_SGB4425,GLYCOGENSYNTH_PWY,,
Catenibacterium_SGB4425,GLYCOGENSYNTH_PWY,,
Fusobacterium_nucleatum,GLYCOGENSYNTH_PWY,,
Fusobacterium_nucleatum,GLYCOGENSYNTH_PWY,,
GGB3277_SGB4327,GLYCOGENSYNTH_PWY,,
GGB3277_SGB4327,GLYCOGENSYNTH_PWY,,
feoB.1,HISTSYN_PWY,,
feoB.1,HISTSYN_PWY,,
adsA.1,HISTSYN_PWY,,
adsA.1,HISTSYN_PWY,,
feoB.2,HISTSYN_PWY,,
feoB.2,HISTSYN_PWY,,
cyaB.1,HISTSYN_PWY,,
cyaB.1,HISTSYN_PWY,,
hisH,HISTSYN_PWY,,
hisH,HISTSYN_PWY,,
cheA.2,HISTSYN_PWY,,
cheA.2,HISTSYN_PWY,,
chuU,HISTSYN_PWY,,
chuU,HISTSYN_PWY,,
FTT_RS04105,HISTSYN_PWY,,
FTT_RS04105,HISTSYN_PWY,,
ACICU_RS00395,HISTSYN_PWY,,
ACICU_RS00395,HISTSYN_PWY,,
msbA.3,HISTSYN_PWY,,
msbA.3,HISTSYN_PWY,,
iap/cwhA,HISTSYN_PWY,,
iap/cwhA,HISTSYN_PWY,,
ppkA.1,HISTSYN_PWY,,
ppkA.1,HISTSYN_PWY,,
clpP,HISTSYN_PWY,,
clpP,HISTSYN_PWY,,
eccA1.2,HISTSYN_PWY,,
eccA1.2,HISTSYN_PWY,,
relA.2,HISTSYN_PWY,,
relA.2,HISTSYN_PWY,,
wcbR,HISTSYN_PWY,,
wcbR,HISTSYN_PWY,,
ybtQ,HISTSYN_PWY,,
ybtQ,HISTSYN_PWY,,
clpC.2,HISTSYN_PWY,,
clpC.2,HISTSYN_PWY,,
Catenibacterium_SGB4425,HISTSYN_PWY,,
Catenibacterium_SGB4425,HISTSYN_PWY,,
Fusobacterium_nucleatum,HISTSYN_PWY,,
Fusobacterium_nucleatum,HISTSYN_PWY,,
GGB3277_SGB4327,HISTSYN_PWY,,
GGB3277_SGB4327,HISTSYN_PWY,,
Ruminococcus_sp_BSD2780120874_150323_B10,HISTSYN_PWY,,
Ruminococcus_sp_BSD2780120874_150323_B10,HISTSYN_PWY,,
feoB.1,NONMEVIPP_PWY,,
feoB.1,NONMEVIPP_PWY,,
adsA.1,NONMEVIPP_PWY,,
adsA.1,NONMEVIPP_PWY,,
feoB.2,NONMEVIPP_PWY,,
feoB.2,NONMEVIPP_PWY,,
cyaB.1,NONMEVIPP_PWY,,
cyaB.1,NONMEVIPP_PWY,,
hisH,NONMEVIPP_PWY,,
hisH,NONMEVIPP_PWY,,
cheA.2,NONMEVIPP_PWY,,
cheA.2,NONMEVIPP_PWY,,
chuU,NONMEVIPP_PWY,,
chuU,NONMEVIPP_PWY,,
FTT_RS04105,NONMEVIPP_PWY,,
FTT_RS04105,NONMEVIPP_PWY,,
ACICU_RS00395,NONMEVIPP_PWY,,
ACICU_RS00395,NONMEVIPP_PWY,,
msbA.3,NONMEVIPP_PWY,,
msbA.3,NONMEVIPP_PWY,,
iap/cwhA,NONMEVIPP_PWY,,
iap/cwhA,NONMEVIPP_PWY,,
ppkA.1,NONMEVIPP_PWY,,
ppkA.1,NONMEVIPP_PWY,,
clpP,NONMEVIPP_PWY,,
clpP,NONMEVIPP_PWY,,
eccA1.2,NONMEVIPP_PWY,,
eccA1.2,NONMEVIPP_PWY,,
relA.2,NONMEVIPP_PWY,,
relA.2,NONMEVIPP_PWY,,
wcbR,NONMEVIPP_PWY,,
wcbR,NONMEVIPP_PWY,,
ybtQ,NONMEVIPP_PWY,,
ybtQ,NONMEVIPP_PWY,,
clpC.2,NONMEVIPP_PWY,,
clpC.2,NONMEVIPP_PWY,,
Catenibacterium_SGB4425,NONMEVIPP_PWY,,
Catenibacterium_SGB4425,NONMEVIPP_PWY,,
Erysipelatoclostridium_ramosum,NONMEVIPP_PWY,,
Erysipelatoclostridium_ramosum,NONMEVIPP_PWY,,
Fusobacterium_nucleatum,NONMEVIPP_PWY,,
Fusobacterium_nucleatum,NONMEVIPP_PWY,,
GGB3277_SGB4327,NONMEVIPP_PWY,,
GGB3277_SGB4327,NONMEVIPP_PWY,,
Ruminococcus_sp_BSD2780120874_150323_B10,NONMEVIPP_PWY,,
Ruminococcus_sp_BSD2780120874_150323_B10,NONMEVIPP_PWY,,
feoB.1,PANTO_PWY,,
feoB.1,PANTO_PWY,,
adsA.1,PANTO_PWY,,
adsA.1,PANTO_PWY,,
feoB.2,PANTO_PWY,,
feoB.2,PANTO_PWY,,
cyaB.1,PANTO_PWY,,
cyaB.1,PANTO_PWY,,
hisH,PANTO_PWY,,
hisH,PANTO_PWY,,
cheA.2,PANTO_PWY,,
cheA.2,PANTO_PWY,,
chuU,PANTO_PWY,,
chuU,PANTO_PWY,,
FTT_RS04105,PANTO_PWY,,
FTT_RS04105,PANTO_PWY,,
ACICU_RS00395,PANTO_PWY,,
ACICU_RS00395,PANTO_PWY,,
msbA.3,PANTO_PWY,,
msbA.3,PANTO_PWY,,
iap/cwhA,PANTO_PWY,,
iap/cwhA,PANTO_PWY,,
ppkA.1,PANTO_PWY,,
ppkA.1,PANTO_PWY,,
clpP,PANTO_PWY,,
clpP,PANTO_PWY,,
eccA1.2,PANTO_PWY,,
eccA1.2,PANTO_PWY,,
relA.2,PANTO_PWY,,
relA.2,PANTO_PWY,,
wcbR,PANTO_PWY,,
wcbR,PANTO_PWY,,
ybtQ,PANTO_PWY,,
ybtQ,PANTO_PWY,,
clpC.2,PANTO_PWY,,
clpC.2,PANTO_PWY,,
Catenibacterium_SGB4425,PANTO_PWY,,
Catenibacterium_SGB4425,PANTO_PWY,,
Erysipelatoclostridium_ramosum,PANTO_PWY,,
Erysipelatoclostridium_ramosum,PANTO_PWY,,
Fusobacterium_nucleatum,PANTO_PWY,,
Fusobacterium_nucleatum,PANTO_PWY,,
GGB3277_SGB4327,PANTO_PWY,,
GGB3277_SGB4327,PANTO_PWY,,
Ruminococcus_sp_BSD2780120874_150323_B10,PANTO_PWY,,
Ruminococcus_sp_BSD2780120874_150323_B10,PANTO_PWY,,
feoB.1,PANTOSYN_PWY,,
feoB.1,PANTOSYN_PWY,,
adsA.1,PANTOSYN_PWY,,
adsA.1,PANTOSYN_PWY,,
feoB.2,PANTOSYN_PWY,,
feoB.2,PANTOSYN_PWY,,
cyaB.1,PANTOSYN_PWY,,
cyaB.1,PANTOSYN_PWY,,
hisH,PANTOSYN_PWY,,
hisH,PANTOSYN_PWY,,
cheA.2,PANTOSYN_PWY,,
cheA.2,PANTOSYN_PWY,,
chuU,PANTOSYN_PWY,,
chuU,PANTOSYN_PWY,,
FTT_RS04105,PANTOSYN_PWY,,
FTT_RS04105,PANTOSYN_PWY,,
ACICU_RS00395,PANTOSYN_PWY,,
ACICU_RS00395,PANTOSYN_PWY,,
msbA.3,PANTOSYN_PWY,,
msbA.3,PANTOSYN_PWY,,
iap/cwhA,PANTOSYN_PWY,,
iap/cwhA,PANTOSYN_PWY,,
ppkA.1,PANTOSYN_PWY,,
ppkA.1,PANTOSYN_PWY,,
clpP,PANTOSYN_PWY,,
clpP,PANTOSYN_PWY,,
eccA1.2,PANTOSYN_PWY,,
eccA1.2,PANTOSYN_PWY,,
relA.2,PANTOSYN_PWY,,
relA.2,PANTOSYN_PWY,,
wcbR,PANTOSYN_PWY,,
wcbR,PANTOSYN_PWY,,
ybtQ,PANTOSYN_PWY,,
ybtQ,PANTOSYN_PWY,,
clpC.2,PANTOSYN_PWY,,
clpC.2,PANTOSYN_PWY,,
Catenibacterium_SGB4425,PANTOSYN_PWY,,
Catenibacterium_SGB4425,PANTOSYN_PWY,,
Erysipelatoclostridium_ramosum,PANTOSYN_PWY,,
Erysipelatoclostridium_ramosum,PANTOSYN_PWY,,
Fusobacterium_nucleatum,PANTOSYN_PWY,,
Fusobacterium_nucleatum,PANTOSYN_PWY,,
GGB3277_SGB4327,PANTOSYN_PWY,,
GGB3277_SGB4327,PANTOSYN_PWY,,
feoB.1,PEPTIDOGLYCANSYN_PWY,,
feoB.1,PEPTIDOGLYCANSYN_PWY,,
adsA.1,PEPTIDOGLYCANSYN_PWY,,
adsA.1,PEPTIDOGLYCANSYN_PWY,,
feoB.2,PEPTIDOGLYCANSYN_PWY,,
feoB.2,PEPTIDOGLYCANSYN_PWY,,
cyaB.1,PEPTIDOGLYCANSYN_PWY,,
cyaB.1,PEPTIDOGLYCANSYN_PWY,,
hisH,PEPTIDOGLYCANSYN_PWY,,
hisH,PEPTIDOGLYCANSYN_PWY,,
cheA.2,PEPTIDOGLYCANSYN_PWY,,
cheA.2,PEPTIDOGLYCANSYN_PWY,,
chuU,PEPTIDOGLYCANSYN_PWY,,
chuU,PEPTIDOGLYCANSYN_PWY,,
FTT_RS04105,PEPTIDOGLYCANSYN_PWY,,
FTT_RS04105,PEPTIDOGLYCANSYN_PWY,,
ACICU_RS00395,PEPTIDOGLYCANSYN_PWY,,
ACICU_RS00395,PEPTIDOGLYCANSYN_PWY,,
msbA.3,PEPTIDOGLYCANSYN_PWY,,
msbA.3,PEPTIDOGLYCANSYN_PWY,,
iap/cwhA,PEPTIDOGLYCANSYN_PWY,,
iap/cwhA,PEPTIDOGLYCANSYN_PWY,,
ppkA.1,PEPTIDOGLYCANSYN_PWY,,
ppkA.1,PEPTIDOGLYCANSYN_PWY,,
clpP,PEPTIDOGLYCANSYN_PWY,,
clpP,PEPTIDOGLYCANSYN_PWY,,
eccA1.2,PEPTIDOGLYCANSYN_PWY,,
eccA1.2,PEPTIDOGLYCANSYN_PWY,,
relA.2,PEPTIDOGLYCANSYN_PWY,,
relA.2,PEPTIDOGLYCANSYN_PWY,,
wcbR,PEPTIDOGLYCANSYN_PWY,,
wcbR,PEPTIDOGLYCANSYN_PWY,,
ybtQ,PEPTIDOGLYCANSYN_PWY,,
ybtQ,PEPTIDOGLYCANSYN_PWY,,
clpC.2,PEPTIDOGLYCANSYN_PWY,,
clpC.2,PEPTIDOGLYCANSYN_PWY,,
Catenibacterium_SGB4425,PEPTIDOGLYCANSYN_PWY,,
Catenibacterium_SGB4425,PEPTIDOGLYCANSYN_PWY,,
Erysipelatoclostridium_ramosum,PEPTIDOGLYCANSYN_PWY,,
Erysipelatoclostridium_ramosum,PEPTIDOGLYCANSYN_PWY,,
Fusobacterium_nucleatum,PEPTIDOGLYCANSYN_PWY,,
Fusobacterium_nucleatum,PEPTIDOGLYCANSYN_PWY,,
GGB3277_SGB4327,PEPTIDOGLYCANSYN_PWY,,
GGB3277_SGB4327,PEPTIDOGLYCANSYN_PWY,,
Ruminococcus_sp_BSD2780120874_150323_B10,PEPTIDOGLYCANSYN_PWY,,
Ruminococcus_sp_BSD2780120874_150323_B10,PEPTIDOGLYCANSYN_PWY,,
feoB.1,PWY_3841,,
feoB.1,PWY_3841,,
adsA.1,PWY_3841,,
adsA.1,PWY_3841,,
feoB.2,PWY_3841,,
feoB.2,PWY_3841,,
cyaB.1,PWY_3841,,
cyaB.1,PWY_3841,,
hisH,PWY_3841,,
hisH,PWY_3841,,
cheA.2,PWY_3841,,
cheA.2,PWY_3841,,
chuU,PWY_3841,,
chuU,PWY_3841,,
FTT_RS04105,PWY_3841,,
FTT_RS04105,PWY_3841,,
ACICU_RS00395,PWY_3841,,
ACICU_RS00395,PWY_3841,,
msbA.3,PWY_3841,,
msbA.3,PWY_3841,,
iap/cwhA,PWY_3841,,
iap/cwhA,PWY_3841,,
ppkA.1,PWY_3841,,
ppkA.1,PWY_3841,,
clpP,PWY_3841,,
clpP,PWY_3841,,
eccA1.2,PWY_3841,,
eccA1.2,PWY_3841,,
relA.2,PWY_3841,,
relA.2,PWY_3841,,
wcbR,PWY_3841,,
wcbR,PWY_3841,,
ybtQ,PWY_3841,,
ybtQ,PWY_3841,,
clpC.2,PWY_3841,,
clpC.2,PWY_3841,,
Catenibacterium_SGB4425,PWY_3841,,
Catenibacterium_SGB4425,PWY_3841,,
Erysipelatoclostridium_ramosum,PWY_3841,,
Erysipelatoclostridium_ramosum,PWY_3841,,
Fusobacterium_nucleatum,PWY_3841,,
Fusobacterium_nucleatum,PWY_3841,,
GGB3277_SGB4327,PWY_3841,,
GGB3277_SGB4327,PWY_3841,,
Ruminococcus_sp_BSD2780120874_150323_B10,PWY_3841,,
Ruminococcus_sp_BSD2780120874_150323_B10,PWY_3841,,
feoB.1,PWY_5097,,
feoB.1,PWY_5097,,
adsA.1,PWY_5097,,
adsA.1,PWY_5097,,
feoB.2,PWY_5097,,
feoB.2,PWY_5097,,
cyaB.1,PWY_5097,,
cyaB.1,PWY_5097,,
hisH,PWY_5097,,
hisH,PWY_5097,,
cheA.2,PWY_5097,,
cheA.2,PWY_5097,,
chuU,PWY_5097,,
chuU,PWY_5097,,
FTT_RS04105,PWY_5097,,
FTT_RS04105,PWY_5097,,
ACICU_RS00395,PWY_5097,,
ACICU_RS00395,PWY_5097,,
msbA.3,PWY_5097,,
msbA.3,PWY_5097,,
iap/cwhA,PWY_5097,,
iap/cwhA,PWY_5097,,
ppkA.1,PWY_5097,,
ppkA.1,PWY_5097,,
clpP,PWY_5097,,
clpP,PWY_5097,,
eccA1.2,PWY_5097,,
eccA1.2,PWY_5097,,
relA.2,PWY_5097,,
relA.2,PWY_5097,,
wcbR,PWY_5097,,
wcbR,PWY_5097,,
ybtQ,PWY_5097,,
ybtQ,PWY_5097,,
clpC.2,PWY_5097,,
clpC.2,PWY_5097,,
Catenibacterium_SGB4425,PWY_5097,,
Catenibacterium_SGB4425,PWY_5097,,
Erysipelatoclostridium_ramosum,PWY_5097,,
Erysipelatoclostridium_ramosum,PWY_5097,,
Fusobacterium_nucleatum,PWY_5097,,
Fusobacterium_nucleatum,PWY_5097,,
GGB3277_SGB4327,PWY_5097,,
GGB3277_SGB4327,PWY_5097,,
Ruminococcus_sp_BSD2780120874_150323_B10,PWY_5097,,
Ruminococcus_sp_BSD2780120874_150323_B10,PWY_5097,,
feoB.1,PWY_5686,,
feoB.1,PWY_5686,,
adsA.1,PWY_5686,,
adsA.1,PWY_5686,,
feoB.2,PWY_5686,,
feoB.2,PWY_5686,,
cyaB.1,PWY_5686,,
cyaB.1,PWY_5686,,
hisH,PWY_5686,,
hisH,PWY_5686,,
cheA.2,PWY_5686,,
cheA.2,PWY_5686,,
chuU,PWY_5686,,
chuU,PWY_5686,,
FTT_RS04105,PWY_5686,,
FTT_RS04105,PWY_5686,,
ACICU_RS00395,PWY_5686,,
ACICU_RS00395,PWY_5686,,
msbA.3,PWY_5686,,
msbA.3,PWY_5686,,
iap/cwhA,PWY_5686,,
iap/cwhA,PWY_5686,,
ppkA.1,PWY_5686,,
ppkA.1,PWY_5686,,
clpP,PWY_5686,,
clpP,PWY_5686,,
eccA1.2,PWY_5686,,
eccA1.2,PWY_5686,,
relA.2,PWY_5686,,
relA.2,PWY_5686,,
wcbR,PWY_5686,,
wcbR,PWY_5686,,
ybtQ,PWY_5686,,
ybtQ,PWY_5686,,
clpC.2,PWY_5686,,
clpC.2,PWY_5686,,
Catenibacterium_SGB4425,PWY_5686,,
Catenibacterium_SGB4425,PWY_5686,,
Erysipelatoclostridium_ramosum,PWY_5686,,
Erysipelatoclostridium_ramosum,PWY_5686,,
Fusobacterium_nucleatum,PWY_5686,,
Fusobacterium_nucleatum,PWY_5686,,
GGB3277_SGB4327,PWY_5686,,
GGB3277_SGB4327,PWY_5686,,
feoB.1,PWY_6151,,
feoB.1,PWY_6151,,
feoB.2,PWY_6151,,
feoB.2,PWY_6151,,
cyaB.1,PWY_6151,,
cyaB.1,PWY_6151,,
hisH,PWY_6151,,
hisH,PWY_6151,,
cheA.2,PWY_6151,,
cheA.2,PWY_6151,,
chuU,PWY_6151,,
chuU,PWY_6151,,
FTT_RS04105,PWY_6151,,
FTT_RS04105,PWY_6151,,
ACICU_RS00395,PWY_6151,,
ACICU_RS00395,PWY_6151,,
msbA.3,PWY_6151,,
msbA.3,PWY_6151,,
iap/cwhA,PWY_6151,,
iap/cwhA,PWY_6151,,
ppkA.1,PWY_6151,,
ppkA.1,PWY_6151,,
clpP,PWY_6151,,
clpP,PWY_6151,,
eccA1.2,PWY_6151,,
eccA1.2,PWY_6151,,
relA.2,PWY_6151,,
relA.2,PWY_6151,,
wcbR,PWY_6151,,
wcbR,PWY_6151,,
ybtQ,PWY_6151,,
ybtQ,PWY_6151,,
clpC.2,PWY_6151,,
clpC.2,PWY_6151,,
Catenibacterium_SGB4425,PWY_6151,,
Catenibacterium_SGB4425,PWY_6151,,
Erysipelatoclostridium_ramosum,PWY_6151,,
Erysipelatoclostridium_ramosum,PWY_6151,,
Fusobacterium_nucleatum,PWY_6151,,
Fusobacterium_nucleatum,PWY_6151,,
GGB3277_SGB4327,PWY_6151,,
GGB3277_SGB4327,PWY_6151,,
feoB.1,PWY_6163,,
feoB.1,PWY_6163,,
adsA.1,PWY_6163,,
adsA.1,PWY_6163,,
feoB.2,PWY_6163,,
feoB.2,PWY_6163,,
cyaB.1,PWY_6163,,
cyaB.1,PWY_6163,,
hisH,PWY_6163,,
hisH,PWY_6163,,
cheA.2,PWY_6163,,
cheA.2,PWY_6163,,
chuU,PWY_6163,,
chuU,PWY_6163,,
FTT_RS04105,PWY_6163,,
FTT_RS04105,PWY_6163,,
ACICU_RS00395,PWY_6163,,
ACICU_RS00395,PWY_6163,,
msbA.3,PWY_6163,,
msbA.3,PWY_6163,,
iap/cwhA,PWY_6163,,
iap/cwhA,PWY_6163,,
ppkA.1,PWY_6163,,
ppkA.1,PWY_6163,,
clpP,PWY_6163,,
clpP,PWY_6163,,
eccA1.2,PWY_6163,,
eccA1.2,PWY_6163,,
relA.2,PWY_6163,,
relA.2,PWY_6163,,
wcbR,PWY_6163,,
wcbR,PWY_6163,,
ybtQ,PWY_6163,,
ybtQ,PWY_6163,,
clpC.2,PWY_6163,,
clpC.2,PWY_6163,,
Catenibacterium_SGB4425,PWY_6163,,
Catenibacterium_SGB4425,PWY_6163,,
Erysipelatoclostridium_ramosum,PWY_6163,,
Erysipelatoclostridium_ramosum,PWY_6163,,
Fusobacterium_nucleatum,PWY_6163,,
Fusobacterium_nucleatum,PWY_6163,,
GGB3277_SGB4327,PWY_6163,,
GGB3277_SGB4327,PWY_6163,,
Ruminococcus_sp_BSD2780120874_150323_B10,PWY_6163,,
Ruminococcus_sp_BSD2780120874_150323_B10,PWY_6163,,
feoB.1,PWY_6385,,
feoB.1,PWY_6385,,
adsA.1,PWY_6385,,
adsA.1,PWY_6385,,
feoB.2,PWY_6385,,
feoB.2,PWY_6385,,
cyaB.1,PWY_6385,,
cyaB.1,PWY_6385,,
hisH,PWY_6385,,
hisH,PWY_6385,,
cheA.2,PWY_6385,,
cheA.2,PWY_6385,,
chuU,PWY_6385,,
chuU,PWY_6385,,
FTT_RS04105,PWY_6385,,
FTT_RS04105,PWY_6385,,
ACICU_RS00395,PWY_6385,,
ACICU_RS00395,PWY_6385,,
msbA.3,PWY_6385,,
msbA.3,PWY_6385,,
iap/cwhA,PWY_6385,,
iap/cwhA,PWY_6385,,
ppkA.1,PWY_6385,,
ppkA.1,PWY_6385,,
clpP,PWY_6385,,
clpP,PWY_6385,,
eccA1.2,PWY_6385,,
eccA1.2,PWY_6385,,
relA.2,PWY_6385,,
relA.2,PWY_6385,,
wcbR,PWY_6385,,
wcbR,PWY_6385,,
ybtQ,PWY_6385,,
ybtQ,PWY_6385,,
clpC.2,PWY_6385,,
clpC.2,PWY_6385,,
Catenibacterium_SGB4425,PWY_6385,,
Catenibacterium_SGB4425,PWY_6385,,
Erysipelatoclostridium_ramosum,PWY_6385,,
Erysipelatoclostridium_ramosum,PWY_6385,,
Fusobacterium_nucleatum,PWY_6385,,
Fusobacterium_nucleatum,PWY_6385,,
GGB3277_SGB4327,PWY_6385,,
GGB3277_SGB4327,PWY_6385,,
Ruminococcus_sp_BSD2780120874_150323_B10,PWY_6385,,
Ruminococcus_sp_BSD2780120874_150323_B10,PWY_6385,,
feoB.1,PWY_6386,,
feoB.1,PWY_6386,,
adsA.1,PWY_6386,,
adsA.1,PWY_6386,,
feoB.2,PWY_6386,,
feoB.2,PWY_6386,,
cyaB.1,PWY_6386,,
cyaB.1,PWY_6386,,
hisH,PWY_6386,,
hisH,PWY_6386,,
cheA.2,PWY_6386,,
cheA.2,PWY_6386,,
chuU,PWY_6386,,
chuU,PWY_6386,,
FTT_RS04105,PWY_6386,,
FTT_RS04105,PWY_6386,,
ACICU_RS00395,PWY_6386,,
ACICU_RS00395,PWY_6386,,
msbA.3,PWY_6386,,
msbA.3,PWY_6386,,
iap/cwhA,PWY_6386,,
iap/cwhA,PWY_6386,,
ppkA.1,PWY_6386,,
ppkA.1,PWY_6386,,
clpP,PWY_6386,,
clpP,PWY_6386,,
eccA1.2,PWY_6386,,
eccA1.2,PWY_6386,,
relA.2,PWY_6386,,
relA.2,PWY_6386,,
wcbR,PWY_6386,,
wcbR,PWY_6386,,
ybtQ,PWY_6386,,
ybtQ,PWY_6386,,
clpC.2,PWY_6386,,
clpC.2,PWY_6386,,
Catenibacterium_SGB4425,PWY_6386,,
Catenibacterium_SGB4425,PWY_6386,,
Erysipelatoclostridium_ramosum,PWY_6386,,
Erysipelatoclostridium_ramosum,PWY_6386,,
Fusobacterium_nucleatum,PWY_6386,,
Fusobacterium_nucleatum,PWY_6386,,
GGB3277_SGB4327,PWY_6386,,
GGB3277_SGB4327,PWY_6386,,
feoB.1,PWY_6387,,
feoB.1,PWY_6387,,
adsA.1,PWY_6387,,
adsA.1,PWY_6387,,
feoB.2,PWY_6387,,
feoB.2,PWY_6387,,
cyaB.1,PWY_6387,,
cyaB.1,PWY_6387,,
hisH,PWY_6387,,
hisH,PWY_6387,,
cheA.2,PWY_6387,,
cheA.2,PWY_6387,,
chuU,PWY_6387,,
chuU,PWY_6387,,
FTT_RS04105,PWY_6387,,
FTT_RS04105,PWY_6387,,
ACICU_RS00395,PWY_6387,,
ACICU_RS00395,PWY_6387,,
msbA.3,PWY_6387,,
msbA.3,PWY_6387,,
iap/cwhA,PWY_6387,,
iap/cwhA,PWY_6387,,
ppkA.1,PWY_6387,,
ppkA.1,PWY_6387,,
clpP,PWY_6387,,
clpP,PWY_6387,,
eccA1.2,PWY_6387,,
eccA1.2,PWY_6387,,
relA.2,PWY_6387,,
relA.2,PWY_6387,,
wcbR,PWY_6387,,
wcbR,PWY_6387,,
ybtQ,PWY_6387,,
ybtQ,PWY_6387,,
clpC.2,PWY_6387,,
clpC.2,PWY_6387,,
Catenibacterium_SGB4425,PWY_6387,,
Catenibacterium_SGB4425,PWY_6387,,
Erysipelatoclostridium_ramosum,PWY_6387,,
Erysipelatoclostridium_ramosum,PWY_6387,,
Fusobacterium_nucleatum,PWY_6387,,
Fusobacterium_nucleatum,PWY_6387,,
GGB3277_SGB4327,PWY_6387,,
GGB3277_SGB4327,PWY_6387,,
feoB.1,PWY_6700,,
feoB.1,PWY_6700,,
adsA.1,PWY_6700,,
adsA.1,PWY_6700,,
feoB.2,PWY_6700,,
feoB.2,PWY_6700,,
cyaB.1,PWY_6700,,
cyaB.1,PWY_6700,,
hisH,PWY_6700,,
hisH,PWY_6700,,
cheA.2,PWY_6700,,
cheA.2,PWY_6700,,
chuU,PWY_6700,,
chuU,PWY_6700,,
FTT_RS04105,PWY_6700,,
FTT_RS04105,PWY_6700,,
ACICU_RS00395,PWY_6700,,
ACICU_RS00395,PWY_6700,,
msbA.3,PWY_6700,,
msbA.3,PWY_6700,,
iap/cwhA,PWY_6700,,
iap/cwhA,PWY_6700,,
ppkA.1,PWY_6700,,
ppkA.1,PWY_6700,,
clpP,PWY_6700,,
clpP,PWY_6700,,
eccA1.2,PWY_6700,,
eccA1.2,PWY_6700,,
relA.2,PWY_6700,,
relA.2,PWY_6700,,
wcbR,PWY_6700,,
wcbR,PWY_6700,,
ybtQ,PWY_6700,,
ybtQ,PWY_6700,,
clpC.2,PWY_6700,,
clpC.2,PWY_6700,,
Catenibacterium_SGB4425,PWY_6700,,
Catenibacterium_SGB4425,PWY_6700,,
Fusobacterium_nucleatum,PWY_6700,,
Fusobacterium_nucleatum,PWY_6700,,
GGB3277_SGB4327,PWY_6700,,
GGB3277_SGB4327,PWY_6700,,
feoB.1,PWY_7238,,
feoB.1,PWY_7238,,
adsA.1,PWY_7238,,
adsA.1,PWY_7238,,
feoB.2,PWY_7238,,
feoB.2,PWY_7238,,
cyaB.1,PWY_7238,,
cyaB.1,PWY_7238,,
hisH,PWY_7238,,
hisH,PWY_7238,,
cheA.2,PWY_7238,,
cheA.2,PWY_7238,,
chuU,PWY_7238,,
chuU,PWY_7238,,
FTT_RS04105,PWY_7238,,
FTT_RS04105,PWY_7238,,
ACICU_RS00395,PWY_7238,,
ACICU_RS00395,PWY_7238,,
msbA.3,PWY_7238,,
msbA.3,PWY_7238,,
iap/cwhA,PWY_7238,,
iap/cwhA,PWY_7238,,
ppkA.1,PWY_7238,,
ppkA.1,PWY_7238,,
clpP,PWY_7238,,
clpP,PWY_7238,,
eccA1.2,PWY_7238,,
eccA1.2,PWY_7238,,
relA.2,PWY_7238,,
relA.2,PWY_7238,,
wcbR,PWY_7238,,
wcbR,PWY_7238,,
ybtQ,PWY_7238,,
ybtQ,PWY_7238,,
clpC.2,PWY_7238,,
clpC.2,PWY_7238,,
Catenibacterium_SGB4425,PWY_7238,,
Catenibacterium_SGB4425,PWY_7238,,
Fusobacterium_nucleatum,PWY_7238,,
Fusobacterium_nucleatum,PWY_7238,,
GGB3277_SGB4327,PWY_7238,,
GGB3277_SGB4327,PWY_7238,,
feoB.1,PWY_7790,,
feoB.1,PWY_7790,,
adsA.1,PWY_7790,,
adsA.1,PWY_7790,,
feoB.2,PWY_7790,,
feoB.2,PWY_7790,,
cyaB.1,PWY_7790,,
cyaB.1,PWY_7790,,
hisH,PWY_7790,,
hisH,PWY_7790,,
cheA.2,PWY_7790,,
cheA.2,PWY_7790,,
chuU,PWY_7790,,
chuU,PWY_7790,,
FTT_RS04105,PWY_7790,,
FTT_RS04105,PWY_7790,,
ACICU_RS00395,PWY_7790,,
ACICU_RS00395,PWY_7790,,
msbA.3,PWY_7790,,
msbA.3,PWY_7790,,
iap/cwhA,PWY_7790,,
iap/cwhA,PWY_7790,,
ppkA.1,PWY_7790,,
ppkA.1,PWY_7790,,
clpP,PWY_7790,,
clpP,PWY_7790,,
eccA1.2,PWY_7790,,
eccA1.2,PWY_7790,,
relA.2,PWY_7790,,
relA.2,PWY_7790,,
wcbR,PWY_7790,,
wcbR,PWY_7790,,
ybtQ,PWY_7790,,
ybtQ,PWY_7790,,
clpC.2,PWY_7790,,
clpC.2,PWY_7790,,
Catenibacterium_SGB4425,PWY_7790,,
Catenibacterium_SGB4425,PWY_7790,,
Erysipelatoclostridium_ramosum,PWY_7790,,
Erysipelatoclostridium_ramosum,PWY_7790,,
Fusobacterium_nucleatum,PWY_7790,,
Fusobacterium_nucleatum,PWY_7790,,
GGB3277_SGB4327,PWY_7790,,
GGB3277_SGB4327,PWY_7790,,
feoB.1,PWY_7791,,
feoB.1,PWY_7791,,
adsA.1,PWY_7791,,
adsA.1,PWY_7791,,
feoB.2,PWY_7791,,
feoB.2,PWY_7791,,
cyaB.1,PWY_7791,,
cyaB.1,PWY_7791,,
hisH,PWY_7791,,
hisH,PWY_7791,,
cheA.2,PWY_7791,,
cheA.2,PWY_7791,,
chuU,PWY_7791,,
chuU,PWY_7791,,
FTT_RS04105,PWY_7791,,
FTT_RS04105,PWY_7791,,
ACICU_RS00395,PWY_7791,,
ACICU_RS00395,PWY_7791,,
msbA.3,PWY_7791,,
msbA.3,PWY_7791,,
iap/cwhA,PWY_7791,,
iap/cwhA,PWY_7791,,
ppkA.1,PWY_7791,,
ppkA.1,PWY_7791,,
clpP,PWY_7791,,
clpP,PWY_7791,,
eccA1.2,PWY_7791,,
eccA1.2,PWY_7791,,
relA.2,PWY_7791,,
relA.2,PWY_7791,,
wcbR,PWY_7791,,
wcbR,PWY_7791,,
ybtQ,PWY_7791,,
ybtQ,PWY_7791,,
clpC.2,PWY_7791,,
clpC.2,PWY_7791,,
Catenibacterium_SGB4425,PWY_7791,,
Catenibacterium_SGB4425,PWY_7791,,
Erysipelatoclostridium_ramosum,PWY_7791,,
Erysipelatoclostridium_ramosum,PWY_7791,,
Fusobacterium_nucleatum,PWY_7791,,
Fusobacterium_nucleatum,PWY_7791,,
GGB3277_SGB4327,PWY_7791,,
GGB3277_SGB4327,PWY_7791,,
feoB.1,PWY_7851,,
feoB.1,PWY_7851,,
adsA.1,PWY_7851,,
adsA.1,PWY_7851,,
feoB.2,PWY_7851,,
feoB.2,PWY_7851,,
cyaB.1,PWY_7851,,
cyaB.1,PWY_7851,,
hisH,PWY_7851,,
hisH,PWY_7851,,
cheA.2,PWY_7851,,
cheA.2,PWY_7851,,
chuU,PWY_7851,,
chuU,PWY_7851,,
FTT_RS04105,PWY_7851,,
FTT_RS04105,PWY_7851,,
ACICU_RS00395,PWY_7851,,
ACICU_RS00395,PWY_7851,,
msbA.3,PWY_7851,,
msbA.3,PWY_7851,,
iap/cwhA,PWY_7851,,
iap/cwhA,PWY_7851,,
ppkA.1,PWY_7851,,
ppkA.1,PWY_7851,,
clpP,PWY_7851,,
clpP,PWY_7851,,
eccA1.2,PWY_7851,,
eccA1.2,PWY_7851,,
relA.2,PWY_7851,,
relA.2,PWY_7851,,
wcbR,PWY_7851,,
wcbR,PWY_7851,,
ybtQ,PWY_7851,,
ybtQ,PWY_7851,,
clpC.2,PWY_7851,,
clpC.2,PWY_7851,,
Catenibacterium_SGB4425,PWY_7851,,
Catenibacterium_SGB4425,PWY_7851,,
Fusobacterium_nucleatum,PWY_7851,,
Fusobacterium_nucleatum,PWY_7851,,
GGB3277_SGB4327,PWY_7851,,
GGB3277_SGB4327,PWY_7851,,
Ruminococcus_sp_BSD2780120874_150323_B10,PWY_7851,,
Ruminococcus_sp_BSD2780120874_150323_B10,PWY_7851,,
adsA.1,THISYNARA_PWY,,
adsA.1,THISYNARA_PWY,,
feoB.2,THISYNARA_PWY,,
feoB.2,THISYNARA_PWY,,
cyaB.1,THISYNARA_PWY,,
cyaB.1,THISYNARA_PWY,,
hisH,THISYNARA_PWY,,
hisH,THISYNARA_PWY,,
cheA.2,THISYNARA_PWY,,
cheA.2,THISYNARA_PWY,,
chuU,THISYNARA_PWY,,
chuU,THISYNARA_PWY,,
FTT_RS04105,THISYNARA_PWY,,
FTT_RS04105,THISYNARA_PWY,,
ACICU_RS00395,THISYNARA_PWY,,
ACICU_RS00395,THISYNARA_PWY,,
msbA.3,THISYNARA_PWY,,
msbA.3,THISYNARA_PWY,,
iap/cwhA,THISYNARA_PWY,,
iap/cwhA,THISYNARA_PWY,,
ppkA.1,THISYNARA_PWY,,
ppkA.1,THISYNARA_PWY,,
clpP,THISYNARA_PWY,,
clpP,THISYNARA_PWY,,
eccA1.2,THISYNARA_PWY,,
eccA1.2,THISYNARA_PWY,,
relA.2,THISYNARA_PWY,,
relA.2,THISYNARA_PWY,,
ybtQ,THISYNARA_PWY,,
ybtQ,THISYNARA_PWY,,
clpC.2,THISYNARA_PWY,,
clpC.2,THISYNARA_PWY,,
Catenibacterium_SGB4425,THISYNARA_PWY,,
Catenibacterium_SGB4425,THISYNARA_PWY,,
Fusobacterium_nucleatum,THISYNARA_PWY,,
Fusobacterium_nucleatum,THISYNARA_PWY,,
GGB3277_SGB4327,THISYNARA_PWY,,
GGB3277_SGB4327,THISYNARA_PWY,,